code,name,buy_date,sell_date,buy_price,sell_price,qty,pnl,ret,hold_days,buy_fee,sell_fee,mfe,mae,pullback60,ma20_slope,ret10_prior,above_ma20,post5,post10,max_post10,min_post10,gave_back,exit_class,entry_class
99,中信海直,2025-09-02,2025-10-21,24.21,21.77,500,-1235.6699999999998,-0.100784799669558,49,5.119999999999999,10.55,0.021891780256092508,-0.11565468814539448,-0.06884615384615378,0.04691462383770073,0.05404255319148943,True,0.010105649977032671,0.005971520440973821,0.03307303628847036,-0.019292604501607635,0.12267657992565051,止损过晚(死扛),顺势/平台
547,航天发展,2025-12-17,2025-12-19,21.99,22.69,200,127.64,0.0318326512050933,2,5.04,7.319999999999999,0.05275125056844021,-0.034106412005457054,,,,,0.2410753635962979,0.5019832525341559,0.5544292639929485,-0.04319083296606441,0.02091859936334691,过早止盈(卖后继续大涨),未知
547,航天发展,2026-01-13,2026-01-14,36.47,34.32,800,-1754.33,-0.0589525637510282,1,10.61,23.72,0.04743624897175769,-0.11159857417055119,,,,,-0.24592074592074598,-0.22552447552447563,-0.054487179487179405,-0.2494172494172494,0.10638881272278589,止损正确(卖后继续跌),未知
547,航天发展,2026-01-13,2026-01-14,36.8,34.32,600,-1513.83,-0.067391304347826,1,8.04,17.79,0.03804347826086962,-0.11956521739130432,,,,,-0.24592074592074598,-0.22552447552447563,-0.054487179487179405,-0.2494172494172494,0.10543478260869563,止损正确(卖后继续跌),未知
559,万向钱潮,2026-01-22,2026-01-28,19.967,17.7,1300,-2976.4299999999985,-0.1135373366053988,6,9.45,19.88,0.04372214153353049,-0.12305303751189445,-0.08408256880733955,0.7057823129251699,0.08373851971907054,True,-0.028813559322033777,0.14180790960451994,0.1796610169491526,-0.06779661016949146,0.1572594781389293,恐慌止损(卖后反弹),顺势/平台
592,平潭发展,2025-11-24,2025-12-17,9.85,14.01,200,820.5500000000001,0.4223350253807107,23,5.02,6.430000000000001,0.6213197969543149,-0.08324873096446705,-0.2231861198738171,1.8719999999999999,0.14209968186638378,True,-0.03711634546752318,0.09921484653818702,0.20342612419700212,-0.1363311920057102,0.19898477157360422,过早止盈(卖后继续大涨),高位回落接盘
592,平潭发展,2026-05-08,2026-05-11,11.43,11.48,5900,211.92,0.0043744531933508,3,24.55,58.53,0.053368328958879996,-0.02012248468941391,-0.13409090909090904,-0.059701492537313494,0.02810516772438798,True,-0.09407665505226481,-0.15243902439024393,0.08536585365853666,-0.16027874564459932,0.048993875765529195,盈利持有合理,高位回落接盘
630,铜陵有色,2026-03-16,2026-03-17,6.53,6.76,3500,776.2199999999999,0.0352220520673812,1,8.33,20.45,0.050535987748851374,-0.01071975497702915,-0.28944504896626766,-0.02250351617440227,-0.17458432304038007,False,-0.14053254437869822,-0.14053254437869822,-0.020710059171597628,-0.180473372781065,0.015313935681470173,盈利持有合理,下降通道抄底
737,北方铜业,2026-02-03,2026-02-27,17.19,17.87,2800,1843.2344827586207,0.0395578824898196,24,17.52,43.24551724137931,0.09831297265852235,-0.09249563699825492,-0.2004651162790697,0.09556527170518403,0.14341590612777044,True,-0.07274762171236715,-0.14605484051482942,0.05763850027979833,-0.1482932288752099,0.05875509016870275,盈利持有合理,高位回落接盘
737,北方铜业,2026-02-05,2026-02-27,16.4,17.87,100,144.858420467186,0.0896341463414635,22,0.5970967741935483,1.5444827586206895,0.102439024390244,-0.04878048780487798,-0.23720930232558146,0.14552479072762403,0.1097941359950092,False,-0.07274762171236715,-0.14605484051482942,0.05763850027979833,-0.1482932288752099,0.0128048780487805,盈利持有合理,高位回落接盘
737,北方铜业,2026-02-05,2026-03-02,16.4,17.77,3000,4045.9970967742006,0.0835365853658537,25,17.91290322580645,46.09,0.15243902439024382,-0.04878048780487798,-0.23720930232558146,0.14552479072762403,0.1097941359950092,False,-0.08891389983117604,-0.17107484524479455,0.026449071468767515,-0.1879572312886888,0.06890243902439011,止盈正确,高位回落接盘
759,中百集团,2025-12-24,2025-12-29,9.09,8.11,3100,-3069.99,-0.1078107810781078,5,10.25,21.74,0.04510451045104502,-0.11441144114411428,,,,,-0.04192355117139335,-0.0283600493218249,0.038224414303329235,-0.07644882860665836,0.15291529152915284,止损过晚(死扛),未知
762,西藏矿业,2026-04-02,2026-04-03,31.26,31.26,1400,-53.760000000000005,0.0,1,15.94,37.82,0.02847088931541908,-0.10812539987204106,-0.016052880075542952,-0.009756097560975507,0.09941972920696318,True,0.07677543186180413,0.15163147792706333,0.24952015355086377,-0.05054382597568785,0.02847088931541908,亏损其他,顺势/平台
762,西藏矿业,2026-04-02,2026-04-03,31.26,30.51,1400,-1102.85,-0.0239923224568138,1,15.94,36.91,0.02847088931541908,-0.10812539987204106,-0.016052880075542952,-0.009756097560975507,0.09941972920696318,True,0.10324483775811188,0.1799410029498525,0.28023598820059004,-0.02720419534578833,0.05246321177223288,亏损其他,顺势/平台
777,中核科技,2026-03-13,2026-03-17,26.79,26.17,100,-73.37,-0.0231429637924597,4,5.03,6.34,0.014930944382232303,-0.07876073161627473,-0.14381591562799612,0.003197442046362964,-0.04125286478227652,True,-0.13335880779518539,-0.14902560183416136,-0.01604891096675587,-0.15934275888421867,0.038073908174692,亏损其他,高位回落接盘
831,中国稀土,2025-09-01,2025-09-02,57.34,62.51,200,1017.51,0.0901639344262294,1,5.109999999999999,11.38,0.10010463899546562,-0.021102197418904844,-0.016803840877914866,0.416221466731423,0.2977303070761015,True,-0.17165253559430482,-0.12893936970084774,-0.02143657014877609,-0.18413053911374178,0.009940704569236222,止盈正确,追涨/主升
831,中国稀土,2025-09-03,2025-10-13,56.51,58.87,300,686.5554545454546,0.0417625199079808,40,6.18,15.264545454545454,0.08246328083525056,-0.15165457441160857,-0.10415345592897907,0.4934497816593888,0.3458679492785308,True,-0.0643791404790216,-0.0501104127739086,0.1211143196874469,-0.1071853235943604,0.04070076092726976,过早止盈(卖后继续大涨),追涨/主升
831,中国稀土,2025-09-04,2025-10-13,52.82,58.87,400,2391.9572727272725,0.1145399469897765,39,7.69,20.35272727272727,0.1385838697463082,-0.09238924649753888,-0.16265060240963858,0.3348120476301659,0.20713682432432434,True,-0.0643791404790216,-0.0501104127739086,0.1211143196874469,-0.1071853235943604,0.024043922756531708,过早止盈(卖后继续大涨),追涨/主升
831,中国稀土,2025-09-18,2025-10-13,52.8,58.87,200,1198.7136363636364,0.1149621212121212,25,5.109999999999999,10.176363636363636,0.13901515151515165,-0.09204545454545454,-0.16296766011414077,0.1661739864864864,0.06539351851851838,False,-0.0643791404790216,-0.0501104127739086,0.1211143196874469,-0.1071853235943604,0.02405303030303045,过早止盈(卖后继续大涨),高位回落接盘
831,中国稀土,2025-09-18,2025-10-13,52.8,58.87,200,1198.7136363636364,0.1149621212121212,25,5.109999999999999,10.176363636363636,0.13901515151515165,-0.09204545454545454,-0.16296766011414077,0.1661739864864864,0.06539351851851838,False,-0.0643791404790216,-0.0501104127739086,0.1211143196874469,-0.1071853235943604,0.02405303030303045,过早止盈(卖后继续大涨),高位回落接盘
831,中国稀土,2025-10-20,2025-10-27,54.47,55.81,100,124.128,0.0246006976317239,7,5.05,4.822,0.042775839911878055,-0.03506517348999438,-0.17469696969696968,-0.004781299805206252,0.13010255379046876,True,-0.10517828346174529,-0.1261422684106791,0.042465507973481476,-0.14710625335961303,0.018175142280154155,盈利持有合理,下降通道抄底
831,中国稀土,2025-10-23,2025-10-27,52.81,55.81,400,1173.022,0.0568074228365839,4,7.69,19.288,0.07555387237265654,-0.004733951903048705,-0.19984848484848483,-0.010320478001086375,-0.03953610964681076,False,-0.10517828346174529,-0.1261422684106791,0.042465507973481476,-0.14710625335961303,0.018746449536072636,盈利持有合理,下降通道抄底
831,中国稀土,2025-11-27,2025-12-19,46.6,45.05,500,-802.9533333333334,-0.0332618025751073,22,8.483333333333334,19.47,0.0379828326180256,-0.0858369098712446,-0.29393939393939394,-0.16462536023054752,-0.021518987341772045,False,0.04528301886792474,0.08568257491675912,0.09855715871254178,-0.0017758046614871903,0.0712446351931329,恐慌止损(卖后反弹),下降通道抄底
831,中国稀土,2025-11-27,2025-12-22,46.6,45.79,400,-346.6066666666667,-0.017381974248927,25,6.786666666666665,15.82,0.0379828326180256,-0.0858369098712446,-0.29393939393939394,-0.16462536023054752,-0.021518987341772045,False,0.0161607337846692,0.12317099803450526,0.151998252893645,-0.012884909368857778,0.055364806866952596,亏损其他,下降通道抄底
889,中嘉博创,2026-04-28,2026-04-29,4.78,4.91,2000,244.89,0.0271966527196652,1,5.1000000000000005,10.01,0.04184100418410042,-0.06903765690376573,-0.12293577981651371,0.2816091954022988,0.03480278422273786,True,0.07128309572301417,-0.014256619144602856,0.19959266802443976,-0.10997963340122197,0.014644351464435216,盈利持有合理,高位回落接盘
890,法尔胜,2026-03-17,2026-03-18,12.64,13.17,800,408.52,0.0419303797468353,1,5.1,10.38,0.10759493670886067,-0.03401898734177211,0.03606557377049202,1.2262773722627736,0.5136476426799006,True,0.03340926347760065,0.1617312072892938,0.1996962794229309,-0.09643128321943806,0.06566455696202536,过早止盈(卖后继续大涨),追涨/主升
912,泸天化,2026-03-03,2026-03-04,5.7,5.35,6600,-2354.2200000000003,-0.0614035087719299,1,13.71,30.51,0.024561403508771784,-0.12807017543859656,0.06542056074766367,0.1836283185840708,0.1431623931623931,True,0.056074766355140415,0.08785046728971979,0.252336448598131,-0.04859813084112141,0.08596491228070169,恐慌止损(卖后反弹),顺势/平台
938,紫光股份,2025-09-09,2025-10-27,26.65,28.28,800,1276.69,0.0611632270168856,48,7.77,19.540000000000003,0.20675422138836774,-0.013883677298311303,-0.11608623548922059,0.11289031224979995,-0.015929203539822967,False,-0.03783592644978784,-0.06471004243281475,0.021216407355021172,-0.07637906647807635,0.14559099437148215,止盈正确,高位回落接盘
968,蓝焰控股,2026-03-27,2026-03-30,11.49,10.99,4700,-2414.27,-0.0435161009573542,3,19.65,44.620000000000005,0.06005221932114879,-0.053089643167972045,0.007894736842105177,0.2709302325581395,0.15539112050739945,True,-0.04549590536851689,-0.09008189262966337,-0.005459508644222066,-0.16833484986351221,0.10356832027850299,浮盈转亏(止盈失败),追涨/主升
993,闽东电力,2026-04-28,2026-04-29,12.9,12.54,2700,-1013.95,-0.0279069767441861,1,12.69,29.26,0.003875968992248069,-0.06046511627906981,-0.25303995367689636,-0.16115981119352663,-0.016600790513834007,False,0.026315789473684292,0.07814992025518341,0.16507177033492826,-0.027113237639553422,0.03178294573643417,亏损其他,下降通道抄底
1309,德明利,2026-02-09,2026-02-13,239.94,251.24,100,1099.55,0.0470951071101109,4,8.74,21.71,0.059681587063432406,-0.023422522297240955,-0.22097402597402593,-0.029376224009333818,-0.15232896652110628,False,-0.018667409648145172,0.11447221779971328,0.11447221779971328,-0.09648145199808955,0.01258647995332151,过早止盈(卖后继续大涨),下降通道抄底
2025,航天电器,2026-03-25,2026-03-27,65.62,59.96,200,-1147.49,-0.0862541907954892,2,5.13,10.36,0.043889058213959053,-0.11139896373057001,-0.048019730161033,0.29320987654320985,0.18675871835723146,True,0.0115076717811875,0.2901934623082054,0.35106737825216827,-0.02101400933955966,0.13014324900944824,恐慌止损(卖后反弹),追涨/主升
2025,航天电器,2026-03-25,2026-03-27,65.0,59.96,100,-514.25,-0.0775384615384615,2,5.07,5.18,0.05384615384615388,-0.1029230769230769,-0.05701436239663438,0.29320987654320985,0.18675871835723146,True,0.0115076717811875,0.2901934623082054,0.35106737825216827,-0.02101400933955966,0.13138461538461538,恐慌止损(卖后反弹),追涨/主升
2025,航天电器,2026-04-29,2026-04-30,68.8,71.99,300,930.82,0.0463662790697674,1,7.510000000000001,18.67,0.08197674418604661,-0.019767441860465085,-0.17732870979313642,0.10179735963098446,-0.130538471193674,False,0.04042228087234356,0.012779552715654896,0.08362272537852489,-0.0776496735657729,0.035610465116279216,过早止盈(卖后继续大涨),高位回落接盘
2031,巨轮智能,2026-05-14,2026-05-15,7.72,7.26,100,-56.379999999999995,-0.0595854922279792,1,5.01,5.37,0.08808290155440424,-0.06994818652849744,-0.031367628607277265,0.17770597738287552,0.24828767123287676,True,0.019283746556473913,-0.14049586776859502,0.21212121212121215,-0.1460055096418732,0.14766839378238344,恐慌止损(卖后反弹),追涨/主升
2036,联创电子,2026-05-25,2026-05-26,10.68,10.66,900,-31.399468085106385,-0.0018726591760299,1,3.499468085106382,9.9,0.023408239700374533,-0.05149812734082382,,,,,-0.1360225140712945,-0.1651031894934334,0.015947467166979257,-0.2054409005628517,0.025280898876404435,亏损其他,未知
2036,联创电子,2026-05-25,2026-05-28,10.68,9.62,8500,-9113.706006367447,-0.099250936329588,3,33.05053191489361,70.65547445255474,0.023408239700374533,-0.1095505617977528,,,,,-0.08004158004158002,-0.1725571725571725,0.11122661122661137,-0.1787941787941787,0.12265917602996253,恐慌止损(卖后反弹),未知
2036,联创电子,2026-05-27,2026-05-28,10.19,9.62,5200,-3026.5145255474526,-0.055937193326791,1,19.29,43.22452554744525,0.06280667320902844,-0.0667320902845927,,,,,-0.08004158004158002,-0.1725571725571725,0.11122661122661137,-0.1787941787941787,0.11874386653581945,恐慌止损(卖后反弹),未知
2049,紫光国微,2025-08-20,2025-08-22,79.64,82.64,200,495.18,0.0376695128076343,2,47.39,57.43,0.06077348066298338,-0.0066549472626821204,-0.08217125734700925,0.21958456973293772,0.06892067620286091,True,-0.01294772507260411,-0.0971684414327203,0.04065827686350443,-0.130566311713456,0.02310396785534908,盈利持有合理,顺势/平台
2050,三花智控,2026-01-22,2026-01-28,56.79,51.43,800,-4340.08,-0.0943828138756823,6,16.54,35.54,0.0318718084169749,-0.10582849093150204,-0.06549284186276128,0.2912210338680927,0.06584513518484458,True,0.00447209799727788,0.014194050165273087,0.04802644370989695,-0.04569317518957805,0.12625462229265721,止损过晚(死扛),顺势/平台
2081,金 螳 螂,2026-05-29,2026-06-01,6.16,6.29,1600,192.77,0.021103896103896,3,5.1,10.13,0.10064935064935066,-0.09902597402597413,-0.28372093023255807,0.1498973305954825,-0.2866242038216561,False,-0.13672496025437209,-0.18600953895071537,0.1812400635930047,-0.20826709062003168,0.07954545454545466,盈利持有合理,高位回落接盘
2082,万邦德,2026-04-01,2026-04-02,33.22,33.3,5300,207.3499999999709,0.0024081878386513,1,64.1,152.55,0.045454545454545414,-0.11830222757375075,0.10000000000000009,0.8051404662283324,0.7023675310033823,True,-0.10510510510510496,-0.1207207207207206,0.0882882882882885,-0.17987987987987986,0.043046357615894114,盈利持有合理,追涨/主升
2149,西部材料,2026-02-27,2026-03-02,52.48,55.6,1000,3052.85,0.0594512195121952,3,19.1,48.05,0.09203506097560976,-0.05487804878048774,-0.09486029665401863,0.273989898989899,-0.08951452806352633,True,-0.14388489208633093,-0.19622302158273386,-0.010791366906474864,-0.24532374100719423,0.03258384146341456,止盈正确,顺势/平台
2149,西部材料,2026-03-02,2026-03-03,54.35,55.0,1100,640.94,0.0119595216191352,1,21.78,52.28,0.054461821527138854,-0.08794848206071759,-0.06260779579165221,0.1960514233241506,-0.05667209849719346,True,-0.10981818181818181,-0.19927272727272727,-0.06454545454545446,-0.23709090909090913,0.04250229990800365,盈利持有合理,顺势/平台
2149,西部材料,2026-03-16,2026-03-17,42.85,43.43,500,263.43333333333334,0.0135355892648774,1,7.8,18.766666666666666,0.04690781796966159,-0.020770128354725803,-0.260952052431873,-0.21184139054861484,-0.20969498910675377,False,-0.04259728298411236,0.18673727837900067,0.2894312687082661,-0.0808197098779645,0.03337222870478419,盈利持有合理,下降通道抄底
2149,西部材料,2026-03-16,2026-03-17,43.76,43.43,100,-41.79333333333333,-0.0075411334552101,1,5.04,3.753333333333333,0.025137111517367527,-0.04113345521023759,-0.2452569851672991,-0.21184139054861484,-0.20969498910675377,False,-0.04259728298411236,0.18673727837900067,0.2894312687082661,-0.0808197098779645,0.032678244972577625,亏损其他,下降通道抄底
2171,楚江新材,2026-06-15,2026-06-16,13.86,14.28,5200,2093.59,0.0303030303030303,1,26.23,64.18,0.07359307359307365,-0.028860028860028808,,,,,0.051820728291316565,-0.020308123249299648,0.15336134453781503,-0.09453781512605042,0.04329004329004335,过早止盈(卖后继续大涨),未知
2171,楚江新材,2026-06-16,2026-06-17,14.09,15.1,5100,5058.28,0.0716820440028388,1,26.17,66.55,0.09865152590489723,-0.03477643718949608,,,,,0.04039735099337749,-0.08410596026490058,0.090728476821192,-0.14370860927152318,0.02696948190205843,过早止盈(卖后继续大涨),未知
2171,楚江新材,2026-06-17,2026-07-01,14.4,13.62,5200,-4144.458446601942,-0.0541666666666667,14,27.26,61.19844660194175,0.14374999999999982,-0.10208333333333341,,,,,-0.13656387665198233,-0.13656387665198233,0.047723935389133665,-0.13656387665198233,0.19791666666666652,浮盈转亏(止盈失败),未知
2171,楚江新材,2026-06-18,2026-07-01,15.11,13.62,3400,-5124.714368932038,-0.0986101919258769,13,18.7,40.014368932038835,0.09000661813368627,-0.1442753143613501,,,,,-0.13656387665198233,-0.13656387665198233,0.047723935389133665,-0.13656387665198233,0.18861681005956316,浮盈转亏(止盈失败),未知
2171,楚江新材,2026-06-23,2026-07-01,14.88,13.62,1700,-2171.2171844660193,-0.0846774193548388,8,9.21,20.007184466019417,0.09744623655913953,-0.13104838709677424,,,,,-0.13656387665198233,-0.13656387665198233,0.047723935389133665,-0.13656387665198233,0.18212365591397833,浮盈转亏(止盈失败),未知
2175,东方智造,2025-12-23,2026-01-06,4.85,4.56,4600,-1360.25,-0.0597938144329897,14,8.120000000000001,18.130000000000003,0.07216494845360844,-0.09072164948453598,-0.12926391382405755,-0.01663201663201641,-0.03469387755102038,True,-0.00877192982456143,-0.030701754385964897,0.03070175438596512,-0.039473684210526216,0.13195876288659814,浮盈转亏(止盈失败),高位回落接盘
2178,延华智能,2026-03-05,2026-03-06,7.2,6.84,7700,-2837.6800000000003,-0.05,1,20.17,45.51,0.019444444444444375,-0.08472222222222225,-0.05013192612137207,0.04538341158059467,0.01365705614567525,True,-0.04385964912280704,-0.09210526315789469,0.021929824561403466,-0.09210526315789469,0.06944444444444438,止损正确(卖后继续跌),顺势/平台
2190,成飞集成,2026-05-12,2026-05-14,32.628,32.33,1600,-540.500000000003,-0.0091332597768788,2,19.01,44.69,0.11499325732499699,-0.09464263822483754,,,,,-0.08134859263841632,-0.12867305907825544,0.032786885245901676,-0.14785029384472614,0.12412651710187579,浮盈转亏(止盈失败),未知
2192,融捷股份,2026-05-20,2026-05-22,90.52,84.71,1100,-6507.764166666667,-0.0641847105612019,2,36.25416666666667,80.51,0.014030048608042467,-0.07688908528501981,-0.2128695652173913,0.03903015966883494,-0.20983989926245739,False,-0.04261598394522492,-0.09349545508204449,0.03293589894935667,-0.1349309408570416,0.07821475916924436,止损过晚(死扛),高位回落接盘
2192,融捷股份,2026-05-20,2026-05-22,90.52,84.14,100,-648.5641666666667,-0.0704816615112681,2,3.2958333333333343,7.268333333333333,0.014030048608042467,-0.07688908528501981,-0.2128695652173913,0.03903015966883494,-0.20983989926245739,False,-0.036130259091989636,-0.08735440931780358,0.03993344425956735,-0.12907059662467313,0.08451171011931057,止损过晚(死扛),高位回落接盘
2192,融捷股份,2026-05-21,2026-05-22,89.686,84.14,500,-2825.681666666667,-0.0618379680217648,1,16.34,36.34166666666667,0.017661619427781217,-0.06830497513547273,-0.22012173913043476,0.09826308757439572,-0.13967649857278774,False,-0.036130259091989636,-0.08735440931780358,0.03993344425956735,-0.12907059662467313,0.07949958744954602,止损过晚(死扛),高位回落接盘
2241,歌尔股份,2025-10-20,2025-10-21,30.25,32.23,200,382.65999999999906,0.0654545454545453,1,5.06,8.280000000000001,0.07438016528925617,-0.0019834710743801276,-0.25639134709931166,-0.035250463821892564,-0.10755148741418763,False,0.042196711138690945,-0.013031337263419096,0.0828420726031649,-0.02637294446168159,0.00892561983471088,过早止盈(卖后继续大涨),下降通道抄底
2371,北方华创,2026-03-05,2026-03-06,463.94,467.82,100,330.68,0.0083631504073802,1,16.89,40.43,0.01793335345087721,-0.019334396689226985,-0.13119850187265913,-0.10597609561752985,-0.05515789473684207,False,-0.021247488350220167,0.0019238168526356514,0.013252960540378833,-0.06908640075242611,0.00957020304349701,盈利持有合理,高位回落接盘
2407,多氟多,2026-03-16,2026-03-17,30.28,29.36,600,-573.83,-0.0303830911492735,1,6.61,15.22,0.031704095112285335,-0.07166446499339507,-0.19317879030109242,0.03732347007397463,0.052182810368349264,True,-0.11001362397820169,-0.0524523160762943,-0.003065395095367851,-0.15769754768392363,0.06208718626155883,止损正确(卖后继续跌),高位回落接盘
2407,多氟多,2026-03-17,2026-03-18,28.48,27.82,600,-416.65,-0.0231741573033707,1,6.22,14.43,0.06390449438202239,-0.055828651685393305,-0.2411404209965361,0.026545698924731242,0.07117812061711093,False,-0.04457225017972688,0.008267433501078392,0.05212077641984192,-0.11107117181883541,0.0870786516853931,浮盈转亏(止盈失败),高位回落接盘
2423,中粮资本,2026-03-16,2026-03-17,11.31,10.97,1000,-355.72,-0.0300618921308576,1,5.119999999999999,10.6,0.01591511936339529,-0.03183023872679058,-0.09736632083000785,-0.013761467889908285,-0.0376007162041182,True,-0.003646308113035679,-0.05104831358249773,0.09298085688240643,-0.05378304466727435,0.04597701149425289,恐慌止损(卖后反弹),顺势/平台
2428,云南锗业,2026-03-25,2026-03-26,49.13,46.66,700,-1769.7400000000036,-0.050274781192754,1,12.52,28.22,0.0,-0.061876653775697066,0.0026530612244899388,0.10681536555142501,-0.029130434782608794,True,0.018002571795970868,0.21710244320617234,0.2751821688812688,-0.038148306900985696,0.050274781192754,恐慌止损(卖后反弹),顺势/平台
2446,盛路通信,2026-07-01,2026-07-02,11.39,11.04,12300,-4473.360000000001,-0.0307287093942055,1,51.010000000000005,117.35000000000002,0.01843722563652328,-0.03863037752414411,-0.06792144026186575,0.12578616352201277,-0.0875106202209005,True,-0.07789855072463758,-0.07789855072463758,0.025362318840579823,-0.08514492753623182,0.04916593503072878,止损正确(卖后继续跌),顺势/平台
2456,欧菲光,2025-08-21,2025-08-22,12.71,13.22,1600,681.99,0.040125885129819,1,60.5,73.51,0.057435090479937,-0.010228166797797034,-0.04722638680659663,0.15082824760244096,0.13013698630136994,True,0.0022692889561271024,-0.021936459909228545,0.09833585476550666,-0.07337367624810898,0.017309205350117998,过早止盈(卖后继续大涨),顺势/平台
2456,欧菲光,2025-08-21,2025-08-22,12.7,13.22,1600,698.03,0.0409448818897638,1,60.459999999999994,73.51,0.058267716535433056,-0.009448818897637712,-0.04797601199400303,0.15082824760244096,0.13013698630136994,True,0.0022692889561271024,-0.021936459909228545,0.09833585476550666,-0.07337367624810898,0.017322834645669256,过早止盈(卖后继续大涨),顺势/平台
2456,欧菲光,2026-07-02,2026-07-06,9.65,9.08,14100,-8197.15,-0.0590673575129533,4,49.54,110.61,0.04663212435233155,-0.07046632124352326,-0.05577299412915848,-0.03258655804480659,-0.012474012474012364,True,-0.033039647577092546,-0.033039647577092546,0.02422907488986792,-0.045154185022026394,0.10569948186528486,止损过晚(死扛),顺势/平台
2463,沪电股份,2025-11-14,2025-11-26,62.18,70.29,700,5618.6350000000075,0.1304277902862657,12,15.855,42.51,0.18446445802508848,-0.042135734963010596,-0.26370633510953234,0.004519245753467294,-0.09160090191657277,False,0.017783468487693854,0.03272158201735653,0.07383696116090488,-0.0365628112106986,0.05403666773882279,盈利持有合理,高位回落接盘
2463,沪电股份,2025-11-14,2025-11-26,62.18,71.37,100,908.095,0.1477967192023159,12,2.265000000000001,8.639999999999999,0.18446445802508848,-0.042135734963010596,-0.26370633510953234,0.004519245753467294,-0.09160090191657277,False,0.0023819532016253753,0.017094017094017033,0.05758722152164775,-0.05114193638783815,0.03666773882277258,盈利持有合理,高位回落接盘
2471,中超控股,2026-05-08,2026-05-11,8.74,8.81,8200,485.49,0.0080091533180778,3,26.1,62.41,0.029748283752860427,-0.04233409610983996,-0.19595216191352338,-0.01942857142857146,-0.1218014329580348,False,-0.09421112372304197,-0.11010215664018164,0.015891032917139558,-0.1362088535754824,0.02173913043478263,盈利持有合理,下降通道抄底
2475,立讯精密,2025-10-17,2025-10-21,55.78,60.57,200,941.71,0.0858730727859447,4,5.11,11.18,0.12710648978128347,-0.006812477590534272,-0.22742382271468142,0.11909262759924388,-0.13878382310154191,False,0.06752517748060094,-0.0004952947003467045,0.11408287931319139,-0.03780749545979856,0.041233416995338765,过早止盈(卖后继续大涨),高位回落接盘
2491,通鼎互联,2026-06-05,2026-06-08,25.05,25.58,1500,748.1600000000001,0.0211576846307384,3,13.68,33.160000000000004,0.14091816367265464,-0.10738522954091823,-0.08743169398907102,0.2986447241045498,0.1767543859649121,True,-0.056684910086004625,0.31665363565285376,0.38780297107114947,-0.11845191555903045,0.11976047904191624,盈利持有合理,追涨/主升
2565,顺灏股份,2026-03-19,2026-03-24,16.94,16.485,1600,-760.6491891891928,-0.0268595041322315,5,9.86,22.78918918918919,0.031877213695395534,-0.11097992916174737,-0.276068376068376,0.030514939605848612,0.13594954449894892,True,0.031847133757962,0.04276615104640591,0.05853806490749158,-0.14771003942978456,0.05873671782762703,亏损其他,高位回落接盘
2565,顺灏股份,2026-03-20,2026-03-24,16.42,16.485,2100,94.0391891891892,0.0039585870889158,4,12.55,29.910810810810812,0.06272838002436032,-0.08282582216808776,-0.29829059829059823,0.07992448080553793,0.2067510548523206,True,0.031847133757962,0.04276615104640591,0.05853806490749158,-0.14771003942978456,0.05876979293544452,盈利持有合理,追涨/主升
2575,群兴玩具,2026-05-13,2026-05-14,7.39,7.66,10900,2841.5,0.0365358592692828,1,29.33,72.17,0.10419485791610295,-0.05683355886332886,-0.22940563086548493,-0.02209944751381221,0.147487844408428,True,-0.19321148825065282,-0.2323759791122716,0.018276762402088753,-0.26501305483028725,0.06765899864682015,盈利持有合理,下降通道抄底
2611,东方精工,2026-01-30,2026-02-05,17.91,17.73,2900,-585.3399999999999,-0.0100502512562813,6,18.9,44.44,0.016192071468453362,-0.013958682300390879,-0.1979399910434393,-0.06555671175858468,-0.08646998982706,False,0.016920473773265776,0.020304568527918843,0.02932882120699376,-0.012408347433728095,0.02624232272473466,亏损其他,下降通道抄底
2611,东方精工,2026-02-13,2026-02-27,18.13,18.06,1500,-138.31000000000364,-0.0038610038610038,14,9.9,23.41,0.00661886376172105,-0.01765030336458906,-0.11560975609756108,-0.08290946083418105,0.006138392857142794,False,-0.06976744186046502,-0.06312292358803973,-0.011074197120708673,-0.10520487264673306,0.01047986762272485,亏损其他,高位回落接盘
2611,东方精工,2026-05-19,2026-05-20,19.92,18.94,100,-108.99,-0.0491967871485943,1,5.02,5.970000000000001,0.04267068273092356,-0.053714859437751006,-0.0015037593984961184,0.08571428571428563,0.12674418604651172,True,-0.04857444561774027,-0.04910242872228088,0.04435058078141507,-0.1251319957761352,0.09186746987951785,止损过晚(死扛),顺势/平台
2640,跨境通,2026-05-11,2026-05-12,4.35,4.55,12400,2411.5500000000075,0.0459770114942529,1,19.64,48.81,0.05977011494252893,-0.06206896551724128,0.0187353629976581,0.13461538461538458,0.21470588235294108,True,-0.08131868131868136,-0.20879120879120872,0.024175824175824312,-0.22197802197802197,0.013793103448276028,盈利持有合理,追涨/主升
2640,跨境通,2026-05-11,2026-05-12,4.35,4.36,12400,57.670000000014554,0.0022988505747127,1,19.64,46.69,0.05977011494252893,-0.06206896551724128,0.0187353629976581,0.13461538461538458,0.21470588235294108,True,-0.041284403669724856,-0.17431192660550465,0.0688073394495412,-0.18807339449541294,0.05747126436781623,盈利持有合理,追涨/主升
2771,真视通,2026-03-05,2026-03-06,15.85,15.95,2300,185.02,0.0063091482649842,1,13.28,31.7,0.03343848580441633,-0.02208201892744477,-0.10249150622876557,0.011162179908076109,-0.039301310043668214,True,-0.05203761755485892,-0.0263322884012539,0.047021943573667624,-0.06269592476489028,0.027129337539432127,盈利持有合理,高位回落接盘
2792,通宇通讯,2026-02-03,2026-02-09,50.92,50.62,500,-181.14,-0.0058915946582875,6,9.27,21.87,0.08091123330714844,-0.05518460329929309,-0.3057941376959781,0.01372466216216206,0.04052882531426083,False,-0.10667720268668512,-0.1207032793362307,0.00158040300276574,-0.1207032793362307,0.08680282796543594,浮盈转亏(止盈失败),高位回落接盘
2831,裕同科技,2026-04-03,2026-04-08,34.995,36.57,1500,2295.9700000000075,0.0450064294899272,5,19.12,47.41,0.068724103443349,-0.06929561365909409,-0.11135093956323017,0.017766497461928932,-0.06960556844547561,True,-0.0062893081761005165,0.043204812687995586,0.09078479628110481,-0.017774131802023474,0.02371767395342181,过早止盈(卖后继续大涨),高位回落接盘
2897,意华股份,2026-05-19,2026-05-20,71.5,72.9,1500,1966.4800000000143,0.0195804195804196,1,39.02,94.5,0.04167832167832164,-0.08783216783216785,-0.0640136143474277,0.022007838408200087,0.1805676475709559,True,0.09725651577503425,0.251028806584362,0.33045267489711927,-0.1056241426611797,0.02209790209790204,盈利持有合理,追涨/主升
2897,意华股份,2026-05-19,2026-05-20,71.5,71.06,1500,-791.1,-0.0061538461538461,1,39.02,92.08,0.04167832167832164,-0.08783216783216785,-0.0640136143474277,0.022007838408200087,0.1805676475709559,True,0.1256684491978608,0.28342245989304815,0.3649028989586265,-0.08246552209400504,0.04783216783216774,亏损其他,追涨/主升
2931,锋龙股份,2026-03-16,2026-03-17,74.15,73.11,100,-117.8000000000009,-0.014025623735671,1,5.069999999999999,8.73,0.11935266351989204,-0.04383007417397167,-0.37214225232853504,-0.221936099189318,-0.0136621932051747,False,-0.0767336889618383,-0.0729038435234578,-0.0166871836958008,-0.10682533169197106,0.13337828725556305,浮盈转亏(止盈失败),下降通道抄底
2971,和远气体,2026-01-08,2026-01-09,32.804,31.566,1300,-1660.3800000000087,-0.0377393000853555,1,15.52,35.46,0.02517985611510798,-0.052249725643214284,-0.21144230769230765,-0.038679245283018915,0.0013101867016049873,True,-0.033770512576823175,0.04067667743774961,0.057783691313438634,-0.05911423683710315,0.06291915620046348,止损过晚(死扛),下降通道抄底
3035,南网能源,2026-05-28,2026-06-01,7.31,7.18,9000,-1249.7949999999998,-0.0177838577291381,4,23.955,55.84,0.045143638850889234,-0.0601915184678522,-0.33545454545454545,-0.12040557667934082,-0.10103626943005173,False,-0.11002785515320335,-0.128133704735376,0.03760445682451263,-0.15598885793871864,0.06292749658002733,亏损其他,下降通道抄底
3035,南网能源,2026-05-28,2026-06-01,7.31,7.2,9000,-1069.955,-0.0150478796169629,4,23.955,56.0,0.045143638850889234,-0.0601915184678522,-0.33545454545454545,-0.12040557667934082,-0.10103626943005173,False,-0.11250000000000004,-0.13055555555555565,0.03472222222222232,-0.15833333333333344,0.06019151846785213,亏损其他,下降通道抄底
300003,乐普医疗,2026-01-06,2026-01-07,19.99,18.96,2100,-2212.69,-0.0515257628814406,1,15.28,34.410000000000004,0.033016508254127164,-0.0750375187593797,0.03307493540051665,0.1983575489576752,0.19383259911894268,True,0.07014767932489452,-0.010021097046413519,0.139240506329114,-0.025316455696202556,0.08454227113556775,恐慌止损(卖后反弹),追涨/主升
300014,亿纬锂能,2026-04-09,2026-04-14,65.5,70.42,500,2417.65,0.0751145038167939,5,11.93,30.42,0.10687022900763354,-0.022748091603053355,-0.10762942779291562,-0.0547300279535089,-0.08696887878357262,False,0.022152797500710086,0.00014200511218409595,0.05793808577108783,-0.035501278046009666,0.03175572519083965,盈利持有合理,高位回落接盘
300136,信维通信,2026-06-11,2026-06-15,100.0,95.921,1500,-6297.4400000000005,-0.0407899999999999,4,54.6,124.34,0.050000000000000044,-0.09999999999999998,-0.19710959454034527,-0.059701492537313494,-0.15209359605911332,False,-0.00459753338684965,0.24321055868892105,0.3494438131378945,-0.03045214290926912,0.09078999999999995,恐慌止损(卖后反弹),下降通道抄底
300164,通源石油,2026-03-03,2026-03-04,21.69,23.05,4700,6261.27,0.0627017058552328,1,37.12,93.61,0.18948824343015214,-0.1807284462886123,0.19966814159292046,1.024636058230683,0.48684210526315774,True,-0.13969631236442526,-0.183947939262473,0.12624728850325373,-0.26637744034707156,0.12678653757491934,过早止盈(卖后继续大涨),追涨/主升
300185,通裕重工,2026-06-10,2026-06-11,2.86,2.75,41500,-4706.96,-0.0384615384615384,1,43.26,98.7,0.020979020979021046,-0.08391608391608385,-0.3470319634703196,-0.2111436950146628,-0.04270462633451966,False,0.010909090909090757,0.0,0.13818181818181818,-0.032727272727272716,0.05944055944055945,恐慌止损(卖后反弹),下降通道抄底
300209,行云科技,2026-06-04,2026-06-05,27.1,25.881,1600,-2001.982000000001,-0.0449815498154982,1,15.79,35.792,0.02435424354243554,-0.09188191881918828,-0.14131812420785794,0.16931918656056588,-0.04581529581529575,True,0.007302654456937452,0.20899501564854517,0.23642826784127347,-0.12715891967080095,0.06933579335793374,恐慌止损(卖后反弹),高位回落接盘
300209,行云科技,2026-06-04,2026-06-05,26.52,25.881,400,-269.65800000000036,-0.0240950226244343,1,5.109999999999999,8.948,0.046757164404223284,-0.07202111613876316,-0.15969581749049433,0.16931918656056588,-0.04581529581529575,True,0.007302654456937452,0.20899501564854517,0.23642826784127347,-0.12715891967080095,0.07085218702865759,亏损其他,高位回落接盘
300274,阳光电源,2026-03-17,2026-03-18,174.44,161.7,400,-5177.3000000000075,-0.0730337078651685,1,25.41,55.89,0.01542077505159356,-0.07509745471222196,-0.05799762393347019,0.12843258756767328,0.14957804505282746,True,0.033271490414347626,-0.16852195423623995,0.11410018552875711,-0.1898577612863327,0.08845448291676206,恐慌止损(卖后反弹),顺势/平台
300274,阳光电源,2026-03-18,2026-03-19,163.52,163.64,300,-24.280000000007277,0.0007338551859098,1,17.86,42.42,0.041952054794520466,-0.013331702544031376,-0.1169672750837023,0.07067978648144568,0.11949431779974429,True,0.014421901735517162,-0.2223783915912979,0.10089220239550234,-0.22665607430945978,0.041218199608610666,盈利持有合理,高位回落接盘
300395,菲利华,2026-05-12,2026-05-13,136.219,146.49,500,5047.414545454545,0.0754006416138718,1,24.795454545454547,63.29,0.10483853206968186,-0.03992835067061129,-0.004829047340736414,0.34160032659726447,0.19293946819130592,True,-0.08546658474981239,-0.04839920813707421,0.04839920813707432,-0.1282681411700458,0.02943789045581005,盈利持有合理,追涨/主升
300395,菲利华,2026-05-12,2026-05-14,136.219,143.55,600,4294.41545454546,0.0538177493594874,2,29.754545454545458,74.42999999999999,0.10483853206968186,-0.03992835067061129,-0.004829047340736414,0.34160032659726447,0.19293946819130592,True,-0.10553814002089867,0.0052246603970742544,0.06987112504353887,-0.11041448972483459,0.05102078271019445,盈利持有合理,追涨/主升
300395,菲利华,2026-05-15,2026-05-19,138.0,129.952,200,-1642.1083333333318,-0.0583188405797101,4,10.05,22.458333333333332,0.04021739130434798,-0.07427536231884058,-0.0830564784053156,0.27571493418066284,0.3121673358857038,True,0.14111364196010823,-0.08042969711893622,0.1818209800541739,-0.11074858409258803,0.09853623188405808,恐慌止损(卖后反弹),追涨/主升
300395,菲利华,2026-05-15,2026-05-19,135.8,129.952,400,-2403.896666666671,-0.0430633284241532,4,19.78,44.916666666666664,0.05706921944035348,-0.05927835051546404,-0.09767441860465109,0.27571493418066284,0.3121673358857038,True,0.14111364196010823,-0.08042969711893622,0.1818209800541739,-0.11074858409258803,0.10013254786450668,恐慌止损(卖后反弹),追涨/主升
300395,菲利华,2026-05-15,2026-05-19,134.24,129.952,300,-1334.7475000000015,-0.031942789034565,4,14.66,33.6875,0.06935339690107267,-0.04834624553039335,-0.10803986710963454,0.27571493418066284,0.3121673358857038,True,0.14111364196010823,-0.08042969711893622,0.1818209800541739,-0.11074858409258803,0.10129618593563768,恐慌止损(卖后反弹),追涨/主升
300395,菲利华,2026-05-15,2026-05-19,134.44,129.952,300,-1394.7775000000015,-0.0333829217494793,4,14.69,33.6875,0.067762570663493,-0.04976197560249929,-0.10671096345514952,0.27571493418066284,0.3121673358857038,True,0.14111364196010823,-0.08042969711893622,0.1818209800541739,-0.11074858409258803,0.1011454924129723,恐慌止损(卖后反弹),追涨/主升
300397,天和防务,2026-05-20,2026-05-21,14.813,14.383,3600,-1612.163561643843,-0.0290285559981098,1,19.42,44.74356164383562,0.011273881050428702,-0.060959967596030507,-0.07418749999999996,0.17042606516290726,0.08520526723470168,True,-0.018285475909059268,-0.1024125703956058,0.05680317040951133,-0.12396579295001042,0.0403024370485385,亏损其他,顺势/平台
300397,天和防务,2026-05-20,2026-05-21,14.66,14.383,3700,-1090.6464383561658,-0.0188949522510232,1,19.76,45.986438356164385,0.021828103683492417,-0.05115961800818558,-0.08374999999999999,0.17042606516290726,0.08520526723470168,True,-0.018285475909059268,-0.1024125703956058,0.05680317040951133,-0.12396579295001042,0.04072305593451561,亏损其他,顺势/平台
300409,道氏技术,2026-01-07,2026-01-08,32.0,30.84,1300,-1557.8100000000002,-0.03625,1,15.16,34.65,0.04968750000000011,-0.05687500000000001,-0.012040753318925623,0.405,0.42180312787488505,True,0.08365758754863828,-0.017185473411154395,0.21206225680933866,-0.08527885862516205,0.08593750000000011,恐慌止损(卖后反弹),追涨/主升
300433,蓝思科技,2026-05-15,2026-05-19,34.6,38.0,1600,5367.3,0.0982658959537571,4,20.16,52.54,0.17052023121387272,-0.04161849710982668,-0.040754089270862215,0.07164179104477619,0.26112412177985944,True,0.012631578947368327,0.08499999999999996,0.13157894736842102,-0.07210526315789478,0.07225433526011563,过早止盈(卖后继续大涨),追涨/主升
300433,蓝思科技,2026-05-21,2026-05-22,37.62,38.19,100,45.01000000000045,0.0151515151515151,1,5.04,6.95,0.02472089314194581,-0.06273258904837853,-0.07111111111111112,0.3349264705882353,0.31462708182476473,True,0.06048703849175174,0.19429169939774815,0.2513747054202671,-0.02068604346687608,0.00956937799043071,盈利持有合理,追涨/主升
300474,景嘉微,2026-03-04,2026-03-06,69.09,67.55,500,-811.78125,-0.0222897669706181,2,12.6,29.18125,0.024605586915617428,-0.07150094080185265,-0.16244393259789058,-0.0548764629388816,0.016219239373602035,False,-0.043079200592153866,-0.04618800888230923,0.0031088082901555847,-0.05803108808290147,0.04689535388623553,亏损其他,下降通道抄底
300474,景嘉微,2026-03-04,2026-03-06,68.84,67.55,300,-412.02875,-0.018739105171412,2,7.52,17.508750000000003,0.02832655432887865,-0.06812899477048229,-0.16547460298217953,-0.0548764629388816,0.016219239373602035,False,-0.043079200592153866,-0.04618800888230923,0.0031088082901555847,-0.05803108808290147,0.04706565950029065,亏损其他,下降通道抄底
300502,新易盛,2026-02-26,2026-03-02,385.23,377.3,100,-839.63,-0.0205851050022064,4,14.03,32.6,0.008696103626404827,-0.09991433688965035,-0.18383474576271186,-0.03242147922998995,-0.043086172344689366,False,0.017757752451629916,0.09522926053538305,0.12006360985952824,-0.02822687516565081,0.02928120862861123,亏损其他,下降通道抄底
300502,新易盛,2026-02-27,2026-03-02,359.01,377.3,100,1783.325,0.0509456561098577,3,13.075,32.6,0.07239352664271204,-0.0341773209659898,-0.23938559322033903,-0.05809128630705396,0.00757180156657955,False,0.017757752451629916,0.09522926053538305,0.12006360985952824,-0.02822687516565081,0.021447870532854338,过早止盈(卖后继续大涨),下降通道抄底
300502,新易盛,2026-02-27,2026-03-02,359.01,383.8,100,2432.7650000000003,0.0690510013648645,3,13.075,33.160000000000004,0.07239352664271204,-0.0341773209659898,-0.23938559322033903,-0.05809128630705396,0.00757180156657955,False,0.0005211047420530246,0.07668056279312152,0.10109431995831164,-0.044684731631057906,0.0033425252778475356,过早止盈(卖后继续大涨),下降通道抄底
300723,一品红,2026-06-08,2026-06-10,34.859,34.07,200,-168.798181818182,-0.0226340399896727,2,2.5381818181818185,8.459999999999999,0.08953211509222858,-0.03640379815829475,,,,,-0.03786322277663634,0.02377458174346936,0.07895509245670662,-0.07924860581156445,0.11216615508190128,浮盈转亏(止盈失败),未知
300723,一品红,2026-06-08,2026-06-11,34.859,33.4,900,-1350.4918181818205,-0.0418543274333745,3,11.421818181818182,25.97,0.08953211509222858,-0.047591726670300316,,,,,0.0005988023952097077,-0.02664670658682633,0.10059880239520957,-0.06077844311377234,0.13138644252560308,恐慌止损(卖后反弹),未知
300768,迪普科技,2026-07-06,2026-07-07,15.07,15.44,4300,1510.0305882352943,0.0245520902455208,1,23.59941176470588,57.37,0.09157266091572658,-0.04777704047777043,-0.17695248498088467,-0.04792746113989643,0.0,True,0.06670984455958551,0.06670984455958551,0.1204663212435233,-0.02396373056994816,0.06702057067020578,盈利持有合理,下降通道抄底
300768,迪普科技,2026-07-06,2026-07-07,15.07,15.401,4200,1311.249411764703,0.0219641672196416,1,23.05058823529412,55.9,0.09157266091572658,-0.04777704047777043,-0.17695248498088467,-0.04792746113989643,0.0,True,0.06941107720277895,0.06941107720277895,0.1233036815791182,-0.021492110901889405,0.06960849369608497,盈利持有合理,下降通道抄底
300851,交大思诺,2026-05-26,2026-05-28,34.95,30.39,200,-925.170000000001,-0.1304721030042919,2,5.07,8.1,0.11187410586552216,-0.15250357653791136,0.061664641555285504,0.1376404494382022,0.12227225493591964,True,-0.15630141493912475,-0.19940769990128338,0.01151694636393552,-0.21520236920039482,0.24234620886981406,浮盈转亏(止盈失败),顺势/平台
301069,凯盛新材,2026-06-09,2026-06-10,20.361,21.21,5600,4610.329999999994,0.0416973626049801,1,41.52,102.55,0.07951475860714119,-0.06094985511517115,-0.16140856672158155,-0.13865730583589297,-0.10813266696955937,False,0.07449316360207447,0.09052333804809054,0.1188118811881187,-0.0264026402640265,0.03781739600216109,过早止盈(卖后继续大涨),下降通道抄底
301202,朗威股份,2026-06-01,2026-06-02,40.32,38.7,500,-834.07,-0.0401785714285713,1,7.34,16.729999999999997,0.0044642857142858094,-0.062003968253968256,-0.11345646437994716,-0.026400996264009824,-0.09156402509876826,False,-0.048578811369509145,-0.04031007751937987,0.04418604651162772,-0.12661498708010355,0.04464285714285711,止损正确(卖后继续跌),高位回落接盘
301277,新天地,2026-01-26,2026-01-30,13.04,12.68,1600,-601.1265217391305,-0.0276073619631901,4,7.596521739130434,17.53,0.010736196319018454,-0.04601226993865026,-0.05780346820809257,0.08214585079631176,0.037781350482315235,True,0.006309148264984188,-0.016561514195583493,0.016561514195583715,-0.017350157728706517,0.038343558282208555,亏损其他,顺势/平台
301277,新天地,2026-01-26,2026-02-03,13.04,12.69,700,-255.99699177438308,-0.0268404907975459,8,3.3234782608695657,7.673513513513514,0.010736196319018454,-0.04601226993865026,-0.05780346820809257,0.08214585079631176,0.037781350482315235,True,0.011820330969267268,0.0063041765169424835,0.01576044129235621,-0.01812450748620953,0.03757668711656435,亏损其他,顺势/平台
301277,新天地,2026-01-28,2026-02-03,12.68,12.69,3000,-16.739427662957077,0.000788643533123,6,13.852941176470589,32.88648648648649,0.011829652996845352,-0.018927444794952675,-0.08381502890173409,0.09353741496598644,0.0031201248049921304,True,0.011820330969267268,0.0063041765169424835,0.01576044129235621,-0.01812450748620953,0.011041009463722353,盈利持有合理,顺势/平台
301277,新天地,2026-01-28,2026-02-27,12.68,12.78,3800,320.4829411764706,0.0078864353312302,30,17.54705882352941,41.97,0.016561514195583715,-0.018927444794952675,-0.08381502890173409,0.09353741496598644,0.0031201248049921304,True,-0.030516431924882514,-0.030516431924882514,-0.007042253521126751,-0.07355242566510167,0.008675078864353515,盈利持有合理,顺势/平台
301293,三博脑科,2026-01-07,2026-01-08,90.49,98.26,400,3060.86,0.0858658415294508,1,13.17,33.97,0.1382473201458725,-0.04188308100342575,0.06534024016953133,0.5463316948843984,0.5265995686556433,True,-0.0911866476694485,-0.19448402198249537,0.04701811520455923,-0.2171789130877264,0.05238147861642169,盈利持有合理,追涨/主升
301302,华如科技,2026-03-05,2026-03-06,34.32,33.88,1100,-529.95,-0.0128205128205127,1,13.75,32.199999999999996,0.0868298368298368,-0.09819347319347327,-0.12649529142275384,0.5477178423236513,0.517493897477624,True,-0.15791027154663517,-0.154663518299882,0.07142857142857117,-0.1894923258559622,0.09965034965034951,浮盈转亏(止盈失败),追涨/主升
301308,江波龙,2026-03-17,2026-03-23,337.2,318.4,100,-1919.8000000000036,-0.0557532621589561,6,12.28,27.52,0.09309015421115063,-0.09549228944246735,-0.1331619537275065,0.1797924817145773,0.31913275009509334,True,-0.010678391959798916,-0.06564070351758788,0.09908919597989962,-0.10464824120603011,0.14884341637010673,恐慌止损(卖后反弹),追涨/主升
600010,包钢股份,2026-04-03,2026-04-07,2.69,2.78,12700,1100.06,0.0334572490706319,4,12.43,30.51,0.040892193308550207,-0.03345724907063197,-0.2111436950146628,-0.14379084967320255,0.03149606299212593,False,0.02877697841726623,0.03237410071942448,0.10431654676258995,-0.007194244604316502,0.007434944237918309,过早止盈(卖后继续大涨),下降通道抄底
600026,中远海能,2026-03-18,2026-03-23,24.42,24.12,600,-197.84769230769413,-0.0122850122850123,5,5.34,12.50769230769231,0.0458640458640458,-0.07166257166257162,-0.08367729831144455,0.3547257876312717,-0.023959646910466592,True,-0.06301824212271967,0.07587064676616917,0.1264510779436152,-0.10199004975124382,0.0581490581490581,亏损其他,顺势/平台
600026,中远海能,2026-03-19,2026-03-23,23.972,24.12,700,82.89669230769084,0.0061738695144334,4,6.111,14.592307692307692,0.054563657600533944,-0.045553145336225676,-0.10048780487804865,0.4609512624779799,-0.004003202562049668,True,-0.06301824212271967,0.07587064676616917,0.1264510779436152,-0.10199004975124382,0.048389788086100546,盈利持有合理,高位回落接盘
600026,中远海能,2026-03-19,2026-03-24,23.972,24.4,1300,517.6409999999942,0.0178541631903886,5,11.349,27.41,0.07917570498915394,-0.045553145336225676,-0.10048780487804865,0.4609512624779799,-0.004003202562049668,True,-0.09836065573770492,0.06844262295081971,0.11352459016393457,-0.11229508196721305,0.06132154179876534,盈利持有合理,高位回落接盘
600026,中远海能,2026-03-26,2026-03-31,24.47,21.93,100,-265.14,-0.1038005721291377,5,5.0200000000000005,6.12,0.03514507560277891,-0.11483449121373102,-0.09937430990062579,0.23923679060665348,0.12728081886960396,True,0.18878248974008205,0.022343821249430018,0.2311901504787961,0.012311901504787892,0.1389456477319166,恐慌止损(卖后反弹),顺势/平台
600056,中国医药,2026-04-03,2026-04-14,11.59,10.6,7600,-7625.69,-0.08541846419327,11,32.07,69.62,0.0,-0.11044003451251072,0.0069504778453519656,0.004766444232602307,0.03131115459882561,True,0.008490566037735903,-0.030188679245283012,0.0575471698113208,-0.037735849056603765,0.08541846419327,亏损其他,顺势/平台
600096,云天化,2026-03-13,2026-03-16,43.91,41.34,100,-265.6125,-0.0585288089273512,3,5.04,3.5725,0.027100888180369154,-0.07765884764290587,-0.03748355984217455,0.20370370370370372,-0.04778003155285093,True,-0.11248185776487674,-0.15384615384615397,0.002902757619738683,-0.1993226898887277,0.08562969710772035,止损过晚(死扛),顺势/平台
600096,云天化,2026-03-13,2026-03-16,43.81,41.34,1100,-2773.848611111104,-0.0563798219584569,3,17.551111111111112,39.2975,0.029445332115955347,-0.07555352659210235,-0.039675580885576434,0.20370370370370372,-0.04778003155285093,True,-0.11248185776487674,-0.15384615384615397,0.002902757619738683,-0.1993226898887277,0.08582515407441224,止损过晚(死扛),顺势/平台
600096,云天化,2026-03-13,2026-03-16,43.81,40.76,700,-2170.825042735042,-0.0696188084912121,3,11.168888888888889,24.656153846153845,0.029445332115955347,-0.07555352659210235,-0.039675580885576434,0.20370370370370372,-0.04778003155285093,True,-0.0998527968596663,-0.14180569185475955,0.017173699705593792,-0.18792934249263982,0.09906414060716745,止损过晚(死扛),顺势/平台
600096,云天化,2026-03-13,2026-03-16,43.58,40.76,600,-1722.654898785425,-0.0647085819183111,3,9.521052631578948,21.133846153846154,0.03487838458008263,-0.07067462138595682,-0.04471722928540112,0.20370370370370372,-0.04778003155285093,True,-0.0998527968596663,-0.14180569185475955,0.017173699705593792,-0.18792934249263982,0.09958696649839373,止损过晚(死扛),顺势/平台
600096,云天化,2026-03-13,2026-03-17,43.58,40.3,1300,-4329.903157894744,-0.0752638825149151,4,20.628947368421052,45.27421052631579,0.03487838458008263,-0.10119320789352904,-0.04471722928540112,0.20370370370370372,-0.04778003155285093,True,-0.1436724565756824,-0.1714640198511166,-0.028535980148883366,-0.17866004962779147,0.11014226709499773,止损正确(卖后继续跌),顺势/平台
600096,云天化,2026-03-16,2026-03-17,40.71,40.3,600,-275.7857894736842,-0.0100712355686564,1,8.89,20.89578947368421,0.09014984033407036,-0.03782854335544095,-0.10762823323103898,0.20542202347680272,-0.0195498977040236,True,-0.1436724565756824,-0.1714640198511166,-0.028535980148883366,-0.17866004962779147,0.10022107590272676,浮盈转亏(止盈失败),高位回落接盘
600118,中国卫星,2026-01-08,2026-01-09,104.59,103.91,300,-242.35,-0.0065015775886796,1,11.42,26.929999999999996,0.04216464289128985,-0.0682665646811359,-0.040370676208826395,1.0589564502875923,0.6674430211279323,True,-0.019343662785102356,0.04802232701376208,0.22962178808584355,-0.08767202386680784,0.04866622047996945,亏损其他,追涨/主升
600151,航天机电,2026-04-21,2026-04-28,15.17,13.89,6000,-7785.17,-0.084377059986816,7,33.129999999999995,72.04,0.029004614370468085,-0.10613052076466711,-0.27450980392156865,0.20016012810248207,0.19252187748607796,True,0.10799136069114468,0.01367890568754504,0.13750899928005755,-0.03887688984881221,0.11338167435728408,恐慌止损(卖后反弹),追涨/主升
600227,赤天化,2026-03-03,2026-03-04,3.49,3.18,8700,-2731.9800000000037,-0.0888252148997134,1,11.06,23.92,0.0,-0.14326647564469908,0.10094637223974767,0.18726591760299627,0.22393822393822393,True,0.2735849056603772,0.5723270440251571,0.6981132075471699,-0.08490566037735847,0.0888252148997134,恐慌止损(卖后反弹),追涨/主升
600256,广汇能源,2026-03-03,2026-03-04,6.88,7.09,4400,886.03,0.0305232558139534,1,11.02,26.95,0.053779069767441845,-0.0683139534883721,0.063369397217929,0.16787003610108298,0.18065693430656915,True,-0.008462623413258097,-0.042313117066290484,0.10719322990126945,-0.08885754583921013,0.023255813953488445,过早止盈(卖后继续大涨),追涨/主升
600276,恒瑞医药,2026-01-28,2026-02-02,56.56,56.52,900,-98.49,-0.0007072135785006,5,18.54,43.95,0.057107496463931984,-0.008486562942008558,-0.1408172565699528,-0.05470170219798376,-0.1007703191322119,False,0.01645435244161364,0.02636234961075723,0.06068648266100496,-0.00513092710544949,0.057814710042432584,浮盈转亏(止盈失败),高位回落接盘
600343,航天动力,2026-04-14,2026-04-15,33.95,34.865,100,83.45708333333287,0.0269513991163475,1,5.029999999999999,3.0129166666666665,0.05567010309278353,-0.0762886597938145,-0.33274371069182385,0.006964229186451343,-0.023634131368937994,True,0.10139107987953522,-0.04603470529184006,0.11515846837802957,-0.07127491753907933,0.02871870397643603,盈利持有合理,高位回落接盘
600343,航天动力,2026-04-14,2026-04-15,33.93,34.865,2300,2052.7929166666668,0.0275567344532862,1,28.41,69.29708333333333,0.05629236663719439,-0.07574417919245502,-0.33313679245283023,0.006964229186451343,-0.023634131368937994,True,0.10139107987953522,-0.04603470529184006,0.11515846837802957,-0.07127491753907933,0.02873563218390819,盈利持有合理,高位回落接盘
600376,首开股份,2026-03-24,2026-03-25,5.69,5.61,4800,-417.2200000000036,-0.0140597539543058,1,9.95,23.27,0.08787346221441128,-0.02811950790861162,-0.20972222222222214,0.03710247349823326,0.061482820976491936,True,-0.09447415329768272,-0.15329768270944744,0.019607843137254832,-0.19429590017825327,0.10193321616871708,浮盈转亏(止盈失败),高位回落接盘
600391,航发科技,2025-09-02,2025-10-13,30.5,29.48,300,-318.73571428571427,-0.0334426229508196,41,5.09,7.645714285714287,0.02688524590163932,-0.17770491803278698,-0.13401476433844406,-0.007619047619047525,0.02592714145060726,False,-0.0800542740841248,-0.07394843962008135,0.00915875169606517,-0.10888738127544095,0.06032786885245892,止损正确(卖后继续跌),高位回落接盘
600391,航发科技,2025-09-03,2025-10-13,27.56,29.48,400,752.6957142857143,0.0696661828737301,40,5.11,10.194285714285716,0.10304789550072568,-0.08998548621190128,-0.21749006246450886,-0.08063049408911804,-0.04079696394686916,False,-0.0800542740841248,-0.07394843962008135,0.00915875169606517,-0.10888738127544095,0.03338171262699559,止盈正确,下降通道抄底
600488,津药药业,2026-04-16,2026-04-17,6.31,5.96,13300,-4754.04,-0.0554675118858953,1,30.56,68.48,0.060221870047543646,-0.060221870047543535,-0.25236966824644547,0.6170212765957446,0.1875,True,0.02684563758389258,-0.010067114093959662,0.2046979865771812,-0.07550335570469802,0.11568938193343895,恐慌止损(卖后反弹),追涨/主升
600528,中铁工业,2026-03-31,2026-04-01,9.17,8.701,20300,-9741.139999999985,-0.0511450381679388,1,67.78,152.66,0.046892039258451534,-0.09160305343511443,,,,,-0.07711757269279407,-0.08631191817032524,0.013676588897827857,-0.10355131594069655,0.09803707742639034,止损正确(卖后继续跌),未知
600552,凯盛科技,2026-04-08,2026-04-09,12.52,12.82,3000,853.06,0.023961661341853,1,13.71,33.23,0.03594249201277955,-0.0087859424920127,,,,,0.06474258970358804,0.17160686427457095,0.24804992199687992,0.014820592823712841,0.011980830670926548,盈利持有合理,未知
600580,卧龙电驱,2025-09-01,2025-09-03,33.0,37.5,500,2227.753333333333,0.1363636363636363,2,6.0166666666666675,16.23,0.14545454545454528,-0.054545454545454564,-0.1032608695652173,0.42918454935622297,0.015243902439024293,True,0.04293333333333327,0.3786666666666667,0.3920000000000001,-0.11306666666666676,0.009090909090908983,过早止盈(卖后继续大涨),高位回落接盘
600580,卧龙电驱,2025-09-01,2025-09-03,33.0,37.65,100,460.54266666666666,0.1409090909090908,2,1.2033333333333331,3.254,0.14545454545454528,-0.054545454545454564,-0.1032608695652173,0.42918454935622297,0.015243902439024293,True,0.038778220451527234,0.37317397078353265,0.38645418326693237,-0.11660026560424974,0.0045454545454544915,过早止盈(卖后继续大涨),高位回落接盘
600580,卧龙电驱,2025-09-02,2025-09-03,32.52,37.65,400,2034.243999999998,0.1577490774907747,1,4.739999999999999,13.016,0.16236162361623596,-0.04059040590405916,-0.11630434782608678,0.4555175363558599,0.0008823529411765563,True,0.038778220451527234,0.37317397078353265,0.38645418326693237,-0.11660026560424974,0.004612546125461275,过早止盈(卖后继续大涨),高位回落接盘
600580,卧龙电驱,2025-09-02,2025-10-27,32.52,49.2,200,3325.1278947368414,0.5129151291512914,55,2.37,8.502105263157894,0.7487699876998768,-0.04059040590405916,-0.11630434782608678,0.4555175363558599,0.0008823529411765563,True,-0.048983739837398454,-0.11707317073170742,0.04451219512195115,-0.1260162601626017,0.23585485854858534,盈利持有合理,高位回落接盘
600580,卧龙电驱,2025-09-02,2025-10-27,32.0,49.2,300,5142.146842105263,0.5375000000000001,55,5.1000000000000005,12.75315789473684,0.7771874999999999,-0.025000000000000022,-0.13043478260869557,0.4555175363558599,0.0008823529411765563,True,-0.048983739837398454,-0.11707317073170742,0.04451219512195115,-0.1260162601626017,0.23968749999999983,盈利持有合理,高位回落接盘
600580,卧龙电驱,2025-10-14,2025-10-27,44.45,49.2,300,1407.1268421052632,0.1068616422947131,13,5.12,12.75315789473684,0.1199100112485938,-0.03172103487064126,-0.2183928257429224,0.13253600195264825,-0.10424710424710426,False,-0.048983739837398454,-0.11707317073170742,0.04451219512195115,-0.1260162601626017,0.013048368953880701,盈利持有合理,高位回落接盘
600580,卧龙电驱,2025-10-23,2025-10-27,45.61,49.2,500,1765.4347368421054,0.0787108090331068,4,8.31,21.255263157894735,0.09142731857048902,-0.00043850032887515766,-0.19799542816950944,-0.07311411992263062,-0.0469371519490851,False,-0.048983739837398454,-0.11707317073170742,0.04451219512195115,-0.1260162601626017,0.012716509537382223,盈利持有合理,下降通道抄底
600580,卧龙电驱,2025-10-23,2025-10-27,45.9,49.2,200,646.4078947368421,0.0718954248366014,4,5.09,8.502105263157894,0.08453159041394342,-0.006753812636165479,-0.1928960787761561,-0.07311411992263062,-0.0469371519490851,False,-0.048983739837398454,-0.11707317073170742,0.04451219512195115,-0.1260162601626017,0.012636165577342026,盈利持有合理,下降通道抄底
600580,卧龙电驱,2025-10-24,2025-10-27,46.18,49.2,400,1184.2757894736842,0.0653962754439151,3,6.72,17.004210526315788,0.07795582503248166,-0.004330879168471302,-0.1879725690170564,-0.18493029821775198,-0.034691745036572685,False,-0.048983739837398454,-0.11707317073170742,0.04451219512195115,-0.1260162601626017,0.01255954958856656,盈利持有合理,下降通道抄底
600580,卧龙电驱,2026-01-19,2026-01-22,48.0,47.03,4400,-4523.64,-0.0202083333333333,3,76.89,178.74999999999997,0.0245833333333334,-0.031041666666666745,-0.06614785992217898,0.2054480651731161,-0.019262634631317277,True,-0.07782266638315971,-0.09674675738890082,0.01977461194981922,-0.10057410163725289,0.0447916666666667,亏损其他,顺势/平台
600580,卧龙电驱,2026-01-22,2026-01-28,47.19,44.2,1400,-4263.509999999993,-0.0633608815426996,6,24.05,53.46,0.026700572155117674,-0.07946598855689768,-0.08190661478599226,0.09665513264129166,0.00827147401908812,True,-0.007918552036199178,-0.014253393665158431,0.012895927601809909,-0.05610859728506801,0.09006145369781728,止损过晚(死扛),顺势/平台
600580,卧龙电驱,2026-03-23,2026-03-26,41.47,38.99,900,-2275.92,-0.0598022666988183,3,13.59,30.33,0.0,-0.10778876296117668,-0.1931906614785992,-0.15584415584415567,-0.08495145631067957,False,-0.06591433700948957,-0.02769941010515531,-0.01282380097460889,-0.10489869197230062,0.0598022666988183,止损正确(卖后继续跌),下降通道抄底
600693,东百集团,2026-01-13,2026-01-14,20.6,17.56,5000,-15313.39,-0.1475728155339807,1,37.489999999999995,75.89999999999999,0.07864077669902891,-0.1737864077669904,,,,,-0.17255125284738038,-0.1902050113895215,-0.016514806378132074,-0.19305239179954437,0.2262135922330096,浮盈转亏(止盈失败),未知
600722,金牛化工,2026-03-04,2026-03-05,11.6,11.76,2600,378.6,0.0137931034482758,1,10.98,26.42,0.13534482758620703,-0.0431034482758621,0.022026431718061623,0.5013227513227514,0.20744680851063824,True,0.30952380952380953,0.5246598639455782,0.7023809523809523,-0.018707482993197355,0.12155172413793122,盈利持有合理,追涨/主升
600722,金牛化工,2026-03-24,2026-03-25,16.64,16.01,1800,-1169.8199999999963,-0.0378605769230768,1,10.91,24.910000000000004,0.033653846153846034,-0.09915865384615385,-0.16883116883116878,0.6765913757700204,0.2827965435978004,True,-0.10368519675203014,-0.0843222985633979,0.18363522798251086,-0.18800749531542793,0.07151442307692284,恐慌止损(卖后反弹),追涨/主升
600743,华远控股,2026-06-04,2026-06-05,2.54,2.46,30000,-2491.53,-0.031496062992126,1,27.77,63.76,0.11417322834645671,-0.051181102362204633,-0.2804532577903682,-0.011538461538461608,0.05327868852459017,False,-0.08536585365853655,-0.10162601626016265,0.05691056910569103,-0.16666666666666674,0.1456692913385827,浮盈转亏(止盈失败),下降通道抄底
600759,洲际油气,2026-03-06,2026-03-12,8.1,7.5,100,-65.68497890295359,-0.074074074074074,6,0.2949789029535865,5.39,0.11851851851851869,-0.14691358024691348,,,,,-0.04266666666666674,-0.17466666666666664,0.013333333333333197,-0.22000000000000008,0.1925925925925927,浮盈转亏(止盈失败),未知
600759,洲际油气,2026-03-06,2026-03-13,8.1,7.04,700,-751.5748523206751,-0.1308641975308641,7,2.0648523206751053,7.510000000000001,0.11851851851851869,-0.14691358024691348,,,,,-0.04971590909090906,-0.12357954545454541,0.07954545454545459,-0.16903409090909094,0.24938271604938278,浮盈转亏(止盈失败),未知
600759,洲际油气,2026-03-06,2026-03-13,8.1,7.03,11400,-12300.887594936708,-0.1320987654320987,7,33.62759493670886,69.26,0.11851851851851869,-0.14691358024691348,,,,,-0.0483641536273115,-0.1223328591749645,0.08108108108108092,-0.16785206258890473,0.2506172839506174,恐慌止损(卖后反弹),未知
600759,洲际油气,2026-03-06,2026-03-13,8.1,7.0,11500,-12753.49257383966,-0.1358024691358024,7,33.92257383966245,69.57000000000001,0.11851851851851869,-0.14691358024691348,,,,,-0.04428571428571426,-0.11857142857142855,0.08571428571428563,-0.16428571428571437,0.2543209876543211,恐慌止损(卖后反弹),未知
600759,洲际油气,2026-03-13,2026-03-31,6.98,5.88,100,-115.51791666666668,-0.1575931232091691,18,5.01,0.5079166666666666,0.08882521489971329,-0.18481375358166185,,,,,-0.018707482993197355,-0.018707482993197355,0.028911564625850428,-0.09863945578231292,0.2464183381088824,浮盈转亏(止盈失败),未知
600759,洲际油气,2026-03-25,2026-03-31,6.08,5.88,9500,-1969.2920833333333,-0.0328947368421052,6,21.04,48.25208333333333,0.06414473684210531,-0.0641447368421052,-0.3311331133113311,0.07872696817420444,-0.14814814814814803,False,-0.018707482993197355,-0.018707482993197355,0.028911564625850428,-0.09863945578231292,0.09703947368421051,浮盈转亏(止盈失败),高位回落接盘
600821,金开新能,2026-03-18,2026-03-20,10.67,11.79,2800,3096.5899999999997,0.1049671977507028,2,10.88,28.530000000000005,0.1433926897844422,-0.08247422680412375,-0.04561717352415029,0.6753022452504316,0.23252858958068612,True,-0.1450381679389312,-0.3282442748091603,-0.007633587786259555,-0.3341815097540288,0.03842549203373939,止盈正确,追涨/主升
600857,宁波中百,2026-05-14,2026-05-15,14.697,14.07,3700,-2384.669999999994,-0.0426617677076953,1,19.78,44.989999999999995,0.05803905558957623,-0.08348642580118382,0.04160170092133231,0.17387687188019973,0.13974151857835215,True,0.012793176972281328,0.10234541577825151,0.10234541577825151,-0.06538734896943854,0.10070082329727154,恐慌止损(卖后反弹),顺势/平台
600863,华能蒙电,2026-04-13,2026-04-14,4.8,4.71,200,-28.49,-0.0187499999999999,1,5.01,5.4799999999999995,0.025000000000000133,-0.03541666666666665,-0.12885662431941924,-0.06890130353817503,-0.06191369606003749,False,0.019108280254777066,-0.0127388535031846,0.03609341825902335,-0.04458598726114649,0.04375000000000003,亏损其他,高位回落接盘
600865,百大集团,2026-01-08,2026-01-13,17.4,16.835,6100,-3573.879999999985,-0.0324712643678159,5,38.64,88.74,0.08218390804597697,-0.08908045977011492,-0.24675324675324684,0.7001023541453428,-0.09580838323353302,True,-0.17493317493317495,-0.1773091773091774,-0.08702108702108713,-0.19453519453519452,0.11465517241379287,浮盈转亏(止盈失败),高位回落接盘
600936,北投科技,2026-05-22,2026-05-25,5.7,6.03,100,22.680000000000003,0.0578947368421052,3,5.01,5.31,0.0964912280701753,-0.03157894736842115,-0.03389830508474578,0.44029850746268684,0.11992263056092844,True,-0.10779436152570487,-0.07462686567164178,0.10447761194029859,-0.14759535655058054,0.038596491228070094,过早止盈(卖后继续大涨),顺势/平台
600936,北投科技,2026-06-02,2026-06-04,5.83,6.15,1700,529.8653225806452,0.0548885077186964,2,5.1,9.034677419354836,0.1423670668953687,-0.10806174957118353,-0.06720000000000004,0.30266343825665865,-0.07876712328767121,True,-0.19674796747967482,-0.24878048780487805,0.01300813008130075,-0.2520325203252034,0.08747855917667231,止盈正确,顺势/平台
600936,北投科技,2026-06-03,2026-06-04,6.2,6.15,5400,-310.8783870967742,-0.0080645161290322,1,12.18,28.69838709677419,0.0741935483870968,-0.032258064516129115,-0.008000000000000007,0.3864168618266981,0.12547528517110274,True,-0.19674796747967482,-0.24878048780487805,0.01300813008130075,-0.2520325203252034,0.08225806451612899,浮盈转亏(止盈失败),顺势/平台
600936,北投科技,2026-06-03,2026-06-04,6.08,6.15,5300,331.10306451613263,0.0115131578947368,1,11.73,28.166935483870965,0.09539473684210531,-0.013157894736842146,-0.027200000000000002,0.3864168618266981,0.12547528517110274,True,-0.19674796747967482,-0.24878048780487805,0.01300813008130075,-0.2520325203252034,0.08388157894736852,盈利持有合理,顺势/平台
600936,北投科技,2026-06-04,2026-06-05,6.64,5.93,6500,-4664.01,-0.1069277108433734,1,15.71,33.3,0.003012048192771122,-0.14156626506024095,0.019969278033794113,0.38510638297872335,0.12435233160621761,True,-0.18381112984822934,-0.21753794266441828,-0.010118043844856595,-0.25801011804384477,0.10993975903614452,止损正确(卖后继续跌),顺势/平台
600936,北投科技,2026-06-08,2026-06-09,5.81,5.45,9100,-3338.1066666666666,-0.0619621342512907,1,19.25,42.85666666666666,0.010327022375215211,-0.0688468158347676,-0.1276276276276277,0.1725490196078434,-0.02287581699346397,True,-0.09174311926605505,-0.17431192660550465,0.056880733944953965,-0.19266055045871555,0.07228915662650591,止损过晚(死扛),高位回落接盘
600936,北投科技,2026-06-08,2026-06-09,5.77,5.45,4500,-1470.6528571428537,-0.0554592720970536,1,9.46,21.19285714285714,0.017331022530329365,-0.06239168110918536,-0.13363363363363367,0.1725490196078434,-0.02287581699346397,True,-0.09174311926605505,-0.17431192660550465,0.056880733944953965,-0.19266055045871555,0.07279029462738296,止损过晚(死扛),高位回落接盘
600936,北投科技,2026-06-08,2026-06-09,5.6,5.45,7400,-1159.9304761904762,-0.0267857142857141,1,15.08,34.850476190476186,0.048214285714285765,-0.03392857142857131,-0.15915915915915924,0.1725490196078434,-0.02287581699346397,False,-0.09174311926605505,-0.17431192660550465,0.056880733944953965,-0.19266055045871555,0.07499999999999987,亏损其他,高位回落接盘
600938,中国海油,2026-03-12,2026-03-13,42.8,41.68,100,-124.16,-0.0261682242990653,1,5.04,7.12,0.02009345794392514,-0.032710280373831724,,,,,0.005518234165067026,-0.014635316698656364,0.03646833013435713,-0.0738963531669865,0.046261682242990446,亏损其他,未知
600989,宝丰能源,2026-03-10,2026-03-12,29.14,33.48,100,422.2699999999996,0.1489361702127658,2,5.03,6.7,0.18737131091283454,-0.053534660260809996,-0.07462686567164167,0.4145891043397969,0.29010526315789487,True,-0.02240143369175629,-0.109916367980884,0.08990442054958203,-0.11379928315412169,0.03843514070006873,过早止盈(卖后继续大涨),追涨/主升
600989,宝丰能源,2026-03-10,2026-03-12,29.21,33.67,1100,4862.27,0.1526874358096542,2,11.73,32.0,0.18452584731256416,-0.05580280725778852,-0.07240393775801834,0.4145891043397969,0.29010526315789487,True,-0.02791802791802811,-0.11493911493911502,0.08375408375408377,-0.11880011880011876,0.031838411502909975,过早止盈(卖后继续大涨),追涨/主升
600995,南网储能,2026-06-01,2026-06-03,15.93,15.58,2200,-812.38,-0.0219711236660389,2,12.76,29.62,0.03264281230382915,-0.06591337099811667,-0.06294117647058828,0.07133058984910834,0.05683355886332886,True,-0.15661103979460844,-0.1354300385109114,0.05776636713735561,-0.1643132220795892,0.05461393596986805,亏损其他,顺势/平台
601099,太平洋,2025-09-03,2025-10-17,4.43,4.42,300,-9.15375,-0.002257336343115,44,0.48375,5.67,0.17832957110609482,-0.022573363431151128,-0.09775967413441966,0.17079207920792094,0.09237875288683606,True,0.02941176470588225,0.018099547511312153,0.04751131221719462,-0.004524886877827927,0.18058690744920983,浮盈转亏(止盈失败),顺势/平台
601099,太平洋,2025-09-03,2025-10-21,4.43,4.47,3700,127.74375,0.0090293453724605,48,5.9662500000000005,14.29,0.17832957110609482,-0.022573363431151128,-0.09775967413441966,0.17079207920792094,0.09237875288683606,True,0.017897091722595126,-0.004474272930648726,0.03579418344519025,-0.008948545861297563,0.16930022573363432,盈利持有合理,顺势/平台
601138,工业富联,2025-12-19,2025-12-24,58.35,65.4,400,2788.8900000000035,0.1208226221079692,5,8.51,22.6,0.13110539845758362,0.013196229648671842,,,,,-0.051223241590214186,-0.059938837920489374,0.042048929663608625,-0.08180428134556583,0.010282776349614428,盈利持有合理,未知
601138,工业富联,2026-01-15,2026-01-16,60.963,62.94,3300,6271.3800000000065,0.032429506421928,1,73.23,179.49,0.04981710217673019,-0.03400423207519321,,,,,-0.044963457260883355,-0.08325389259612326,0.0009532888465204614,-0.11630123927550051,0.017387595754802185,盈利持有合理,未知
601238,广汽集团,2026-01-06,2026-01-13,8.25,8.53,2400,647.0999999999999,0.0339393939393938,7,7.210000000000001,17.689999999999998,0.05090909090909079,-0.00121212121212122,-0.13793103448275867,-0.059701492537313605,-0.00486026731470246,False,-0.03751465416178179,-0.049237983587338774,-0.0058616647127782695,-0.05041031652989447,0.016969696969696996,盈利持有合理,高位回落接盘
601288,农业银行,2026-01-07,2026-01-08,7.51,7.41,5900,-643.9167521367522,-0.0133155792276963,1,16.136752136752136,37.779999999999994,0.003994673768308976,-0.019973368841544548,-0.13479262672811054,-0.0357142857142857,-0.0039525691699605625,False,-0.010796221322537103,-0.08097165991902844,0.03913630229419707,-0.08367071524966263,0.017310252996005276,亏损其他,高位回落接盘
601288,农业银行,2026-01-07,2026-01-08,7.51,7.42,5800,-575.0501709401709,-0.0119840213049267,1,15.863247863247864,37.18692307692308,0.003994673768308976,-0.019973368841544548,-0.13479262672811054,-0.0357142857142857,-0.0039525691699605625,False,-0.01212938005390829,-0.08221024258760112,0.037735849056603765,-0.08490566037735847,0.015978695073235676,亏损其他,高位回落接盘
601288,农业银行,2026-01-07,2026-01-08,7.49,7.42,2000,-158.27641025641023,-0.0093457943925234,1,5.453333333333333,12.823076923076922,0.006675567423231055,-0.01735647530040052,-0.13709677419354838,-0.0357142857142857,-0.0039525691699605625,False,-0.01212938005390829,-0.08221024258760112,0.037735849056603765,-0.08490566037735847,0.016021361815754455,亏损其他,高位回落接盘
601288,农业银行,2026-01-07,2026-01-13,7.49,7.66,4000,642.6233333333333,0.0226969292389853,6,10.906666666666666,26.47,0.028037383177569986,-0.021361815754339153,-0.13709677419354838,-0.0357142857142857,-0.0039525691699605625,False,-0.06396866840731075,-0.10052219321148836,-0.009138381201044377,-0.12271540469973896,0.005340453938584684,盈利持有合理,高位回落接盘
601606,长城军工,2026-01-05,2026-01-06,48.96,48.71,2200,-681.85,-0.0051062091503267,1,39.22,92.63,0.04289215686274517,-0.012663398692810413,-0.1708721422523285,-0.024726388325902016,-0.016554261189454356,True,0.006364196263600963,-0.030589201396017285,0.08560870457811531,-0.034079244508314566,0.04799836601307187,亏损其他,下降通道抄底
601606,长城军工,2026-01-28,2026-01-30,46.23,45.72,700,-396.44818181817817,-0.0110317975340687,2,11.798181818181815,27.65,0.017737399956738065,-0.022712524334847495,-0.21710414902624897,-0.025831783426327748,-0.035991820040899736,False,-0.035870516185476875,-0.019466316710411213,-0.006999125109361293,-0.05271216097987741,0.028769197490806767,亏损其他,下降通道抄底
601606,长城军工,2026-01-28,2026-02-03,46.23,44.19,400,-838.0118181818182,-0.0441271901362751,6,6.741818181818182,15.27,0.017737399956738065,-0.052563270603504186,-0.21710414902624897,-0.025831783426327748,-0.035991820040899736,False,0.016972165648336812,0.03077619370898388,0.04073319755600835,-0.019914007694048275,0.061864590093013164,止损过晚(死扛),下降通道抄底
601872,招商轮船,2026-03-09,2026-03-10,17.64,16.69,1900,-1844.5899999999965,-0.0538548752834466,1,12.2,27.39,0.0,-0.12301587301587302,-0.10229007633587772,0.507042253521127,0.4044298605414276,True,-0.011983223487118222,0.0844817255841821,0.10545236668663849,-0.08028759736369095,0.0538548752834466,恐慌止损(卖后反弹),追涨/主升
601975,招商南油,2026-03-16,2026-03-17,4.81,4.95,700,90.00436363636409,0.0291060291060292,1,1.2256363636363636,6.7700000000000005,0.06860706860706856,-0.09979209979209969,-0.10925925925925939,0.21052631578947367,-0.03318584070796449,True,-0.024242424242424288,-0.13131313131313138,0.030303030303030276,-0.1454545454545454,0.03950103950103935,盈利持有合理,高位回落接盘
601975,招商南油,2026-03-16,2026-03-18,4.81,4.85,4800,163.48563636364003,0.0083160083160083,2,8.404363636363637,20.11,0.06860706860706856,-0.09979209979209969,-0.10925925925925939,0.21052631578947367,-0.03318584070796449,True,-0.043298969072164906,-0.07010309278350513,0.04948453608247427,-0.12783505154639163,0.06029106029106025,盈利持有合理,高位回落接盘
601991,大唐发电,2026-03-13,2026-03-16,4.9,4.52,7300,-2815.53,-0.0775510204081634,3,13.03,28.5,0.01836734693877551,-0.12857142857142867,0.06986899563318794,0.24119241192411933,0.1478696741854637,True,-0.10840707964601759,-0.08628318584070793,0.015486725663716783,-0.11504424778761058,0.09591836734693891,止损正确(卖后继续跌),顺势/平台
603026,石大胜华,2026-03-26,2026-03-30,84.9,93.18,400,3267.42,0.0975265017667844,4,12.37,32.21,0.13027090694935195,-0.09646643109540654,-0.002467395135706707,0.16543951915852761,0.0870357393132446,True,-0.12803176647349224,0.05730843528654206,0.05730843528654206,-0.18437432925520503,0.03274440518256755,盈利持有合理,顺势/平台
603083,剑桥科技,2025-10-30,2025-11-13,112.1,107.17,200,-1012.68,-0.0439785905441569,14,8.16,18.52,0.04264049955396976,-0.12658340767172171,-0.21333333333333337,0.030479210711768845,0.11611487453487257,False,0.01604926751889524,0.027712979378557323,0.10413361948306421,-0.1414574974339834,0.08661909009812666,恐慌止损(卖后反弹),高位回落接盘
603083,剑桥科技,2025-10-30,2025-11-13,111.81,107.17,200,-954.66,-0.0414989714694571,14,8.14,18.52,0.045344781325462824,-0.1243180395313479,-0.21536842105263154,0.030479210711768845,0.11611487453487257,False,0.01604926751889524,0.027712979378557323,0.10413361948306421,-0.1414574974339834,0.08684375279491993,恐慌止损(卖后反弹),高位回落接盘
603083,剑桥科技,2025-10-31,2025-11-14,106.03,109.9,300,1120.9260000000002,0.0364991040271621,14,11.579999999999998,28.494,0.06451004432707719,-0.07658209940582861,-0.25592982456140345,-0.11107551853928088,0.1279341530332283,False,-0.10828025477707015,-0.002547770700636942,0.07670609645131932,-0.16278434940855324,0.028010940299915084,盈利持有合理,下降通道抄底
603083,剑桥科技,2025-10-31,2025-11-14,105.1,109.9,200,933.344,0.0456707897240724,14,7.66,18.996,0.07392959086584217,-0.06841103710751661,-0.2624561403508773,-0.11107551853928088,0.1279341530332283,False,-0.10828025477707015,-0.002547770700636942,0.07670609645131932,-0.16278434940855324,0.028258801141769763,盈利持有合理,下降通道抄底
603083,剑桥科技,2025-10-31,2025-11-18,103.4,114.48,200,2188.68,0.1071566731141199,18,7.53,19.79,0.13829787234042556,-0.05309477756286274,-0.2743859649122806,-0.11107551853928088,0.1279341530332283,False,-0.14578965758211038,-0.06638714185884009,0.03363032844164904,-0.19627882599580715,0.031141199226305663,盈利持有合理,下降通道抄底
603083,剑桥科技,2026-02-02,2026-02-26,107.01,107.95,400,323.14,0.0087842257732921,24,15.56,37.3,0.08186150827025496,-0.076348004859359,-0.2604699378023496,-0.1256633084672768,-0.026793357301831855,False,0.048448355720240865,0.13571097730430748,0.21982399258916163,-0.07494210282538216,0.07307728249696285,盈利持有合理,下降通道抄底
603158,腾龙股份,2026-06-05,2026-06-08,16.655,15.9,7500,-5811.070000000014,-0.0453317322125488,3,45.48,103.09,0.02671870309216451,-0.07415190633443414,0.00939393939393951,-0.008816120906801062,0.08327598072952513,True,-0.17987421383647806,-0.2113207547169812,0.01635220125786163,-0.22075471698113203,0.0720504353047133,止损正确(卖后继续跌),顺势/平台
603259,药明康德,2025-09-01,2025-10-21,103.23,101.7,100,-166.88833333333332,-0.014821272885789,50,5.1000000000000005,8.788333333333334,0.1216700571539282,-0.08117795214569412,,,,,0.022222222222222143,-0.07758112094395275,0.09144542772861364,-0.08318584070796464,0.1364913300397172,浮盈转亏(止盈失败),未知
603259,药明康德,2025-10-13,2025-10-21,98.6,101.7,200,595.2433333333333,0.0314401622718053,8,7.18,17.576666666666668,0.03884381338742404,-0.038032454361054735,-0.14845841609810873,-0.024953445065176938,-0.03705747126436787,False,0.022222222222222143,-0.07758112094395275,0.09144542772861364,-0.08318584070796464,0.007403651115618741,过早止盈(卖后继续大涨),高位回落接盘
603259,药明康德,2025-10-13,2025-10-21,98.51,101.7,100,305.1116666666666,0.0323824992386559,8,5.1,8.788333333333334,0.0397929144249316,-0.03715358846817596,-0.14923568529233955,-0.024953445065176938,-0.03705747126436787,False,0.022222222222222143,-0.07758112094395275,0.09144542772861364,-0.08318584070796464,0.0074104151862757,过早止盈(卖后继续大涨),高位回落接盘
603259,药明康德,2025-10-13,2025-10-21,98.11,101.7,200,693.2733333333333,0.0365915808786056,8,7.1499999999999995,17.576666666666668,0.04403220874528602,-0.033228009377229695,-0.1526902150444771,-0.024953445065176938,-0.03705747126436787,False,0.022222222222222143,-0.07758112094395275,0.09144542772861364,-0.08318584070796464,0.00744062786668042,过早止盈(卖后继续大涨),下降通道抄底
603259,药明康德,2025-10-30,2025-11-13,97.02,96.47,200,-133.736,-0.0056689342403627,14,7.0600000000000005,16.676000000000002,0.035868893011750114,-0.05040197897340759,-0.16210380861905183,0.009616300104732023,0.04927765683752239,False,-0.029024567222970865,-0.044262465015030505,0.0018658650357625817,-0.061884523686120074,0.041537827252112816,亏损其他,高位回落接盘
603259,药明康德,2025-10-30,2025-11-13,97.39,96.47,300,-311.644,-0.0094465550877913,14,10.63,25.014000000000003,0.031933463394599126,-0.05400965191498108,-0.15890836859832458,0.009616300104732023,0.04927765683752239,False,-0.029024567222970865,-0.044262465015030505,0.0018658650357625817,-0.061884523686120074,0.041380018482390424,亏损其他,高位回落接盘
603259,药明康德,2025-10-30,2025-11-21,97.3,92.56,400,-1942.172,-0.0487153134635148,22,14.18,31.992000000000004,0.03288797533401855,-0.0698869475847893,-0.1596856377925555,0.009616300104732023,0.04927765683752239,False,-0.014801210025929157,-0.023336214347450257,0.04256698357821942,-0.058124459809853035,0.08160328879753334,止损正确(卖后继续跌),高位回落接盘
603259,药明康德,2025-10-30,2025-11-21,97.1,92.56,100,-465.533,-0.0467559217301749,22,3.535,7.998000000000001,0.03501544799176104,-0.06797116374871259,-0.1614129026686243,0.009616300104732023,0.04927765683752239,False,-0.014801210025929157,-0.023336214347450257,0.04256698357821942,-0.058124459809853035,0.08177136972193594,止损正确(卖后继续跌),高位回落接盘
603259,药明康德,2025-10-30,2025-11-26,97.1,96.49,100,-72.87166666666667,-0.0062821833161688,27,3.535,8.336666666666666,0.03501544799176104,-0.06797116374871259,-0.1614129026686243,0.009616300104732023,0.04927765683752239,False,-0.09192662452067557,-0.03876049331536946,-0.022385739454865772,-0.09648668255777793,0.041297631307929836,亏损其他,高位回落接盘
603259,药明康德,2025-11-18,2025-11-26,92.54,96.49,200,766.5866666666667,0.0426842446509616,8,6.74,16.673333333333332,0.04279230602982498,-0.022044521288091756,-0.20079454184299161,-0.08114464915719322,-0.0005329922183135993,False,-0.09192662452067557,-0.03876049331536946,-0.022385739454865772,-0.09648668255777793,0.00010806137886337774,盈利持有合理,下降通道抄底
603259,药明康德,2025-11-27,2025-12-29,92.5,92.44,600,-104.129,-0.0006486486486486,32,20.209999999999997,47.919,0.03416216216216217,-0.057513513513513415,-0.20113999481820544,-0.018339171646404306,-0.012233049968898957,False,0.060579835569017915,0.11856339247079206,0.15739939420164428,-0.02077022933794892,0.03481081081081077,亏损其他,下降通道抄底
603259,药明康德,2025-11-27,2025-12-29,92.31,92.44,600,9.910999999999994,0.0014082981258801,32,20.17,47.919,0.03629075939768156,-0.05557361065973343,-0.2027808964504707,-0.018339171646404306,-0.012233049968898957,False,0.060579835569017915,0.11856339247079206,0.15739939420164428,-0.02077022933794892,0.03488246127180146,盈利持有合理,下降通道抄底
603259,药明康德,2025-11-27,2025-12-29,91.8,92.44,800,421.378,0.0069716775599128,32,26.73,63.89200000000001,0.0420479302832244,-0.05032679738562085,-0.207185421884446,-0.018339171646404306,-0.012233049968898957,False,0.060579835569017915,0.11856339247079206,0.15739939420164428,-0.02077022933794892,0.0350762527233116,盈利持有合理,下降通道抄底
603259,药明康德,2025-12-31,2026-01-05,90.82,92.87,1100,2130.3600000000147,0.0225721206782648,5,36.37,88.27,0.059238053292226533,-0.0019819423034572736,-0.2031236290251821,0.04884729513809627,0.014460757257975576,False,0.06256056853666414,0.10250888338537734,0.15204048670184123,0.013351997415742334,0.036665932613961734,盈利持有合理,高位回落接盘
603278,大业股份,2026-05-14,2026-05-15,16.22,15.96,5200,-1454.43,-0.0160295930949443,1,30.71,71.72,0.04562268803945768,-0.0875462392108507,-0.01097560975609757,0.4157407407407405,0.28379513014273705,True,-0.11152882205513792,-0.23621553884711788,0.14348370927318288,-0.23872180451127822,0.06165228113440198,亏损其他,追涨/主升
603283,赛腾股份,2026-05-11,2026-05-12,58.4,57.52,800,-760.78,-0.0150684931506848,1,17.02,39.760000000000005,0.006506849315068619,-0.03955479452054789,0.01919720767888311,0.22673245122224706,0.06234220236939203,True,0.2127955493741307,0.16655076495132115,0.26425591098748247,-0.01773296244784428,0.02157534246575342,亏损其他,顺势/平台
603399,永杉锂业,2026-06-01,2026-06-02,18.9,17.04,3600,-6773.831636363636,-0.0984126984126984,1,24.82,53.01163636363637,0.019047619047619202,-0.0984126984126984,-0.2594043887147336,0.0158820192853093,-0.08341862845445236,False,0.06161971830985924,0.21713615023474175,0.27406103286385,-0.09976525821596238,0.1174603174603176,恐慌止损(卖后反弹),高位回落接盘
603399,永杉锂业,2026-06-01,2026-06-02,18.73,17.04,1900,-3251.9483636363634,-0.0902295782167646,1,12.97,27.97836363636364,0.02829684997330495,-0.09022957821676458,-0.2660658307210031,0.0158820192853093,-0.08341862845445236,False,0.06161971830985924,0.21713615023474175,0.27406103286385,-0.09976525821596238,0.11852642819006955,恐慌止损(卖后反弹),高位回落接盘
603477,巨星农牧,2026-04-02,2026-04-03,17.03,17.03,2700,-56.455,0.0,1,16.745,39.71,0.0029359953024072905,-0.09160305343511455,-0.12711430035879034,-0.11085582998276855,-0.18008474576271183,False,0.05637110980622406,0.08103347034644748,0.12037580739870801,-0.04932472108044628,0.0029359953024072905,亏损其他,高位回落接盘
603477,巨星农牧,2026-04-02,2026-04-03,17.03,16.57,2700,-1297.385,-0.0270111567821491,1,16.745,38.64,0.0029359953024072905,-0.09160305343511455,-0.12711430035879034,-0.11085582998276855,-0.18008474576271183,False,0.08569704284852131,0.11104405552202778,0.1514785757392878,-0.022933011466505726,0.02994715208455639,亏损其他,高位回落接盘
603538,美诺华,2026-03-23,2026-03-31,28.36,43.97,900,14005.5,0.5504231311706629,8,9.3,34.199999999999996,0.5511283497884345,-0.06699576868829327,,,,,-0.016602228792358398,0.2622242438025928,0.27496020013645683,-0.16283829884011813,0.0007052186177716191,过早止盈(卖后继续大涨),未知
603667,五洲新春,2026-01-22,2026-01-28,89.61,78.0,800,-9368.04,-0.1295614328757951,6,26.12,53.92,0.05200312465126666,-0.14295279544693673,,,,,0.05038461538461547,0.12115384615384617,0.23961538461538456,-0.06794871794871793,0.18156455752706177,恐慌止损(卖后反弹),未知
603686,福龙马,2025-11-14,2025-12-24,34.88,25.08,100,-991.3100000000004,-0.2809633027522937,40,5.029999999999999,6.28,0.048451834862385246,-0.3147935779816514,-0.04829467939972709,0.4651858180264843,0.10859728506787314,True,0.18381180223285498,0.12161084529505595,0.25917065390749605,-0.0071770334928229484,0.32941513761467894,恐慌止损(卖后反弹),顺势/平台
603688,石英股份,2026-04-09,2026-04-21,45.57,53.3,1300,9967.522,0.1696291419793723,12,21.6,59.87800000000001,0.20605661619486515,-0.009655475093263033,,,,,0.030206378986866733,0.22889305816135086,0.27204502814258924,-0.08142589118198873,0.03642747421549286,过早止盈(卖后继续大涨),未知
603688,石英股份,2026-04-14,2026-04-21,49.84,53.3,700,2377.048,0.0694221508828249,7,12.71,32.242,0.10272873194221499,-0.013041733547351608,,,,,0.030206378986866733,0.22889305816135086,0.27204502814258924,-0.08142589118198873,0.03330658105939009,过早止盈(卖后继续大涨),未知
603688,石英股份,2026-04-21,2026-04-22,52.01,51.56,900,-462.13,-0.0086521822726397,1,17.04,40.09,0.062103441645837476,-0.02518746394924043,,,,,0.07971295577967408,0.29169899146625267,0.39546159813809156,-0.05042668735453848,0.07075562391847717,浮盈转亏(止盈失败),未知
603688,石英股份,2026-04-22,2026-05-07,53.4,63.32,1600,15753.355,0.1857677902621723,15,31.1,87.545,0.18576779026217238,-0.08314606741573027,,,,,0.14497789008212258,0.1460833859759949,0.20720151610865445,-0.008212255211623498,8.326672684688674e-17,过早止盈(卖后继续大涨),未知
603688,石英股份,2026-04-23,2026-05-07,52.78,63.32,100,1043.4784375000002,0.1996968548692686,14,5.05,5.4715625,0.19969685486926858,-0.07237589996210692,,,,,0.14497789008212258,0.1460833859759949,0.20720151610865445,-0.008212255211623498,-2.7755575615628914e-17,过早止盈(卖后继续大涨),未知
603688,石英股份,2026-04-29,2026-05-07,55.35,63.32,1100,8684.6328125,0.1439927732610659,8,22.18,60.1871875,0.14399277326106596,-0.03432700993676596,-0.02035398230088492,0.3340621963070942,0.06003861003861011,True,0.14497789008212258,0.1460833859759949,0.20720151610865445,-0.008212255211623498,5.551115123125783e-17,过早止盈(卖后继续大涨),顺势/平台
603688,石英股份,2026-04-30,2026-05-07,54.96,63.32,400,3314.10375,0.1521106259097525,7,8.01,21.88625,0.15211062590975244,-0.012008733624454204,-0.03375527426160341,0.31545368620037806,0.07057692307692309,True,0.14497789008212258,0.1460833859759949,0.20720151610865445,-0.008212255211623498,-5.551115123125783e-17,过早止盈(卖后继续大涨),顺势/平台
603688,石英股份,2026-05-08,2026-05-11,65.95,67.81,1000,1777.38,0.0282031842304776,3,24.02,58.6,0.090978013646702,-0.047763457164518686,0.041535060012634295,0.40867630700778634,0.21652257444764667,True,0.026987170033918373,0.12225335496239476,0.1473234036277835,-0.028166937029936556,0.06277482941622439,盈利持有合理,追涨/主升
603688,石英股份,2026-05-11,2026-05-13,67.83,74.5,100,653.13,0.0983340704702934,2,5.07,8.8,0.12693498452012375,-0.026979212737726632,0.0004424778761062953,0.4260831700413672,0.20537357379462629,True,-0.03503355704697986,-0.08187919463087245,0.04429530201342269,-0.11543624161073818,0.028600914049830353,盈利持有合理,追涨/主升
603688,石英股份,2026-05-21,2026-05-25,73.85,73.23,700,-497.1238461538388,-0.008395396073121,4,18.83,44.29384615384615,0.053486797562626975,-0.044008124576845,-0.03388278388278387,0.41099116781157985,0.1353442830069489,True,-0.16113614638809237,-0.16113614638809237,0.030998224771268568,-0.16168237061313673,0.06188219363574798,浮盈转亏(止盈失败),顺势/平台
603688,石英股份,2026-05-22,2026-05-25,74.31,73.23,600,-702.1961538461538,-0.0145337101332256,3,16.229999999999997,37.96615384615384,0.046965415152738554,-0.04992598573543272,-0.02786499215070637,0.3942363112391931,0.10793893129770993,True,-0.16113614638809237,-0.16113614638809237,0.030998224771268568,-0.16168237061313673,0.06149912528596416,亏损其他,顺势/平台
603688,石英股份,2026-05-22,2026-05-26,74.31,73.62,400,-312.2542857142857,-0.0092854259184497,4,10.82,25.43428571428571,0.046965415152738554,-0.04992598573543272,-0.02786499215070637,0.3942363112391931,0.10793893129770993,True,-0.1655800054333062,-0.1655800054333062,0.011953273566965406,-0.16612333604998641,0.05625084107118825,亏损其他,顺势/平台
603688,石英股份,2026-05-22,2026-05-26,73.32,73.62,300,62.91428571428935,0.0040916530278233,4,8.01,19.075714285714284,0.06110201854882713,-0.037097654118930734,-0.04081632653061229,0.3942363112391931,0.10793893129770993,True,-0.1655800054333062,-0.1655800054333062,0.011953273566965406,-0.16612333604998641,0.05701036552100383,盈利持有合理,顺势/平台
603688,石英股份,2026-05-22,2026-05-27,73.32,71.16,700,-1573.7299999999927,-0.0294599018003272,5,18.69,43.04,0.06110201854882713,-0.07119476268412439,-0.04081632653061229,0.3942363112391931,0.10793893129770993,True,-0.13673412029229903,-0.13673412029229903,0.014614952220348698,-0.1372962338392355,0.09056192034915433,浮盈转亏(止盈失败),顺势/平台
603696,安记食品,2026-01-09,2026-01-14,23.87,23.79,3000,-327.74,-0.003351487222455,5,26.07,61.669999999999995,0.19396732299958108,-0.05488060326770017,-0.19276293540750755,0.006518904823989535,-0.1383928571428571,True,-0.12189995796553166,-0.19924337957124838,-0.004623791509037356,-0.20554854981084492,0.1973188102220361,浮盈转亏(止盈失败),高位回落接盘
603698,航天工程,2026-06-03,2026-06-04,33.27,33.34,300,5.799999999999999,0.0021039975954313,1,5.1,10.1,0.019236549443943263,-0.045987376014427594,-0.3068749999999999,-0.27254144901203725,-0.19965017491254378,False,-0.09298140371925634,-0.009298140371925667,0.022195560887822374,-0.10767846430713868,0.01713255184851196,盈利持有合理,下降通道抄底
603933,睿能科技,2026-04-17,2026-04-20,24.5,24.262,3200,-857.0200000000058,-0.0097142857142856,3,28.54,66.88,0.020408163265306145,-0.017959183673469492,-0.1123188405797102,0.14659926470588225,0.17688679245283012,True,-0.0907592119363615,0.07905366416618587,0.0918308465913773,-0.13073942791196114,0.030122448979591744,亏损其他,追涨/主升
603986,兆易创新,2026-03-17,2026-03-23,306.18,278.57,100,-2796.23,-0.0901757136325038,6,11.15,24.08,0.02449539486576513,-0.11489973218368277,-0.07543181543664701,0.04498600587070789,0.12191725603723125,True,-0.08155939261226985,-0.10378001938471482,0.02595397925117582,-0.14972897296909204,0.11467110849826893,止损正确(卖后继续跌),顺势/平台
603993,洛阳钼业,2026-05-26,2026-05-29,20.16,19.14,500,-523.5553846153846,-0.050595238095238,3,3.665384615384616,9.89,0.014880952380952328,-0.09722222222222221,-0.18971061093247588,-0.0010330578512396382,-0.06025267249757038,True,-0.04963427377220475,-0.0015673981191223207,0.05276907001044928,-0.15464994775339602,0.06547619047619033,止损正确(卖后继续跌),下降通道抄底
603993,洛阳钼业,2026-05-26,2026-06-01,20.16,18.53,2100,-3472.0208653846153,-0.0808531746031745,6,15.394615384615388,33.62625,0.014880952380952328,-0.09722222222222221,-0.18971061093247588,-0.0010330578512396382,-0.06025267249757038,True,-0.0885051268213708,0.1289800323799244,0.1332973556395034,-0.126821370750135,0.09573412698412682,恐慌止损(卖后反弹),下降通道抄底
603993,洛阳钼业,2026-05-28,2026-06-01,18.76,18.53,300,-78.8637500000009,-0.0122601279317697,4,5.0600000000000005,4.80375,0.02985074626865658,-0.029850746268656803,-0.24598070739549827,0.01684210526315799,-0.03640897755610972,False,-0.0885051268213708,0.1289800323799244,0.1332973556395034,-0.126821370750135,0.04211087420042628,亏损其他,高位回落接盘
603993,洛阳钼业,2026-06-01,2026-06-02,18.49,19.75,100,114.97000000000024,0.0681449432125474,1,5.0200000000000005,6.01,0.06976744186046524,-0.009734991887506705,-0.24714983713355054,-0.03543512245961433,0.010922992900054718,False,-0.13670886075949362,0.014177215189873582,0.06329113924050622,-0.18075949367088606,0.0016224986479178444,盈利持有合理,下降通道抄底
