account,code,name,open_date,close_date,hold_days,buy_price,sell_price,d0_pct,d1_open_pct,d1_high_pct,d1_low_pct,d1_close_pct,t1_limit_up,d2_pct,ideal_gain_pct,actual_gain_pct,missed_pct,pnl_net,limit_up_pct,scenario,exit_t1,exit_late
账户1,000762,西藏矿业,2026-04-02,2026-04-03,1,31.26,31.26,9.992962702322306,0.0,2.847088931541908,-3.5188739603327024,-3.103007037747929,False,0.36315615714757055,2.847088931541908,0.0,2.847088931541908,-53.76,10.0,T+1 平开 (模板:开盘直接走 or 分时看破均),True,False
账户1,000762,西藏矿业,2026-04-02,2026-04-03,1,31.26,30.51,9.992962702322306,0.0,2.847088931541908,-3.5188739603327024,-3.103007037747929,False,0.36315615714757055,2.847088931541908,-2.4,5.247088931541908,-1102.85,10.0,T+1 平开 (模板:开盘直接走 or 分时看破均),True,False
账户1,000889,中嘉博创,2026-04-28,2026-04-29,1,4.78,4.91,10.089686098654704,-1.8329938900203624,1.4256619144602967,-4.073319755600813,-2.0366598778004175,False,-8.108108108108103,4.184100418410042,2.72,1.4641004184100415,244.89,10.0,T+1 低开 1-3% (模板:竞价撤 · 若买不到干脆放弃),True,False
账户1,000890,法尔胜,2026-03-17,2026-03-18,1,12.64,13.17,10.000000000000009,2.53353204172877,4.32190760059612,-6.780923994038746,1.3412816691505292,False,2.941176470588247,10.759493670886066,4.19,6.569493670886065,408.52,10.0,T+1 高开 2-5% (模板:开盘先撤 · 分时判断),True,False
账户1,002081,金 螳 螂,2026-05-29,2026-06-01,3,6.16,6.29,10.000000000000009,2.110389610389607,10.064935064935066,0.16233766233766378,10.064935064935066,True,1.0324483775811188,10.064935064935066,2.11,7.954935064935066,192.77,10.0,T+1 封板(继续持有 · 你若走了是踏空),False,True
账户1,002082,万邦德,2026-04-01,2026-04-02,1,33.22,33.3,9.933774834437092,-3.0120481927710885,4.608433734939732,-6.566265060240973,4.03614457831325,False,-1.4186450492183034,4.545454545454541,0.24,4.305454545454541,207.35,10.0,T+1 低开 3%+ (模板:承认失败 · 早盘冲高就走),True,False
账户1,002190,成飞集成,2026-05-12,2026-05-14,2,32.628,32.33,10.006626905235262,-0.2409638554217053,9.578313253012038,-1.3253012048192958,1.957831325301207,False,-5.435745937961601,11.499325732499699,-0.91,12.409325732499699,-540.5,10.0,T+1 平开 (模板:开盘直接走 or 分时看破均),False,False
账户1,002640,跨境通,2026-05-11,2026-05-12,1,4.35,4.55,9.927360774818418,1.3215859030836885,1.541850220264318,-5.947136563876665,-4.625550660792954,False,2.3094688221708903,5.977011494252893,4.6,1.3770114942528933,2411.55,10.0,T+1 平开 (模板:开盘直接走 or 分时看破均),True,False
账户1,002640,跨境通,2026-05-11,2026-05-12,1,4.35,4.36,9.927360774818418,1.3215859030836885,1.541850220264318,-5.947136563876665,-4.625550660792954,False,2.3094688221708903,5.977011494252893,0.23,5.7470114942528925,57.67,10.0,T+1 平开 (模板:开盘直接走 or 分时看破均),True,False
账户1,002792,通宇通讯,2026-02-03,2026-02-09,6,50.92,50.62,9.997917100604049,2.0640030297292,4.222685097519396,-0.3219087294073164,0.0,False,-2.953985987502372,8.091123330714844,-0.59,8.681123330714843,-181.14,10.0,T+1 高开 2-5% (模板:开盘先撤 · 分时判断),False,True
账户1,002831,裕同科技,2026-04-03,2026-04-08,5,34.995,36.57,10.006234413965087,-0.19835647492207897,1.5585151601020142,-2.5219608954378026,-0.14168319637289928,False,5.221339387060153,2.4146306615230984,4.5,-2.0853693384769016,2295.97,10.0,T+1 平开 (模板:开盘直接走 or 分时看破均),False,True
账户1,002971,和远气体,2026-01-08,2026-01-09,1,32.804,31.566,10.009813542688928,-4.846862920011896,-3.5385072851620736,-7.552780255724068,-4.162949747249501,False,-0.6825938566552892,-1.1096207779539236,-3.77,2.6603792220460765,-1660.38,10.0,T+1 低开 3%+ (模板:承认失败 · 早盘冲高就走),True,False
账户1,300164,通源石油,2026-03-03,2026-03-04,1,21.69,23.05,20.02212389380531,1.382488479262678,18.89400921658988,-18.110599078341018,13.179723502304142,False,-8.754071661237784,18.948824343015215,6.27,12.678824343015215,6261.27,20.0,T+1 平开 (模板:开盘直接走 or 分时看破均),True,False
账户1,600056,中国医药,2026-04-03,2026-04-14,11,11.59,10.6,9.962049335863377,-1.035375323554777,-1.035375323554777,-4.659188955996541,-2.674719585849872,False,-2.2163120567375905,-1.035375323554777,-8.54,7.504624676445222,-7625.69,10.0,T+1 低开 1-3% (模板:竞价撤 · 若买不到干脆放弃),False,True
账户1,600256,广汇能源,2026-03-03,2026-03-04,1,6.88,7.09,10.046367851622872,-0.2808988764045006,1.8258426966292207,-9.97191011235955,-3.370786516853941,False,-1.744186046511631,5.3779069767441845,3.05,2.3279069767441847,886.03,10.0,T+1 平开 (模板:开盘直接走 or 分时看破均),True,False
账户1,600528,中铁工业,2026-03-31,2026-04-01,1,9.17,8.701,9.95203836930456,4.580152671755733,4.689203925845153,-6.870229007633599,-6.434023991275895,False,0.932400932400923,4.689203925845153,-5.11,9.799203925845154,-9741.14,10.0,T+1 高开 2-5% (模板:开盘先撤 · 分时判断),True,False
账户1,600857,宁波中百,2026-05-14,2026-05-15,1,14.697,14.07,9.99291282778172,0.19329896907216426,0.19329896907216426,-9.987113402061853,-9.987113402061853,False,5.5118110236220375,5.803905558957623,-4.27,10.073905558957623,-2384.67,10.0,T+1 平开 (模板:开盘直接走 or 分时看破均),True,False
账户1,600936,北投科技,2026-06-02,2026-06-04,2,5.83,6.15,10.03717472118959,3.040540540540526,9.966216216216207,1.3513513513513598,9.966216216216207,True,-5.222734254992323,11.663807890222987,5.49,6.173807890222987,529.87,10.0,T+1 封板(继续持有 · 你若走了是踏空),False,False
账户1,600936,北投科技,2026-06-03,2026-06-04,1,6.2,6.15,9.966216216216207,-2.1505376344086002,2.304147465437789,-6.144393241167423,-5.222734254992323,False,-3.0794165316045286,7.41935483870968,-0.81,8.22935483870968,-310.88,10.0,T+1 低开 1-3% (模板:竞价撤 · 若买不到干脆放弃),True,False
账户1,600936,北投科技,2026-06-03,2026-06-04,1,6.08,6.15,9.966216216216207,-2.1505376344086002,2.304147465437789,-6.144393241167423,-5.222734254992323,False,-3.0794165316045286,9.539473684210531,1.15,8.38947368421053,331.1,10.0,T+1 低开 1-3% (模板:竞价撤 · 若买不到干脆放弃),True,False
账户1,601975,招商南油,2026-03-16,2026-03-17,1,4.81,4.95,10.068649885583515,-0.20790020790020236,6.8607068607068555,-2.2869022869022704,2.494802494802495,False,1.4198782961460488,6.8607068607068555,2.91,3.9507068607068554,90.0,10.0,T+1 平开 (模板:开盘直接走 or 分时看破均),True,False
账户1,601975,招商南油,2026-03-16,2026-03-18,2,4.81,4.85,10.068649885583515,-0.20790020790020236,6.8607068607068555,-2.2869022869022704,2.494802494802495,False,1.4198782961460488,6.8607068607068555,0.83,6.0307068607068555,163.49,10.0,T+1 平开 (模板:开盘直接走 or 分时看破均),False,False
账户1,603026,石大胜华,2026-03-26,2026-03-30,4,84.9,93.18,10.005157297576051,-1.5236755743084807,9.997655883731827,-2.719174871073593,9.997655883731827,True,-0.8417687799680218,10.541813898704344,9.75,0.7918138987043442,3267.42,10.0,T+1 封板(继续持有 · 你若走了是踏空),False,True
账户1,603477,巨星农牧,2026-04-02,2026-04-03,1,17.03,17.03,10.012919896640838,0.0,0.29359953024072905,-3.992953611274219,-2.701115678214916,False,7.845503922751962,0.29359953024072905,0.0,0.29359953024072905,-56.45,10.0,T+1 平开 (模板:开盘直接走 or 分时看破均),True,False
账户1,603477,巨星农牧,2026-04-02,2026-04-03,1,17.03,16.57,10.012919896640838,0.0,0.29359953024072905,-3.992953611274219,-2.701115678214916,False,7.845503922751962,0.29359953024072905,-2.7,2.9935995302407292,-1297.39,10.0,T+1 平开 (模板:开盘直接走 or 分时看破均),True,False
账户2,001309,德明利,2026-03-04,2026-03-05,1,251.17,260.93,10.000000000000009,2.1584449656159244,5.871129307946088,0.9659339348889073,1.804666693166923,False,5.860762953418441,6.03973404467093,3.89,2.14973404467093,952.95,10.0,T+1 高开 2-5% (模板:开盘先撤 · 分时判断),True,False
账户2,002081,金 螳 螂,2026-04-30,2026-05-07,7,5.17,6.96,10.074626865671643,6.440677966101682,9.999999999999986,4.237288135593209,9.999999999999986,True,10.015408320493059,25.531914893617035,34.62,-9.088085106382962,3205.74,10.0,T+1 封板(继续持有 · 你若走了是踏空),False,True
账户2,002202,金风科技,2026-01-09,2026-01-12,3,31.84,34.82,9.986225895316814,6.418284283030684,9.987476518472139,5.0407013149655455,9.987476518472139,True,-3.358952462282949,10.332914572864338,9.36,0.9729145728643385,6500.09,10.0,T+1 封板(继续持有 · 你若走了是踏空),False,True
账户2,002202,金风科技,2026-01-09,2026-01-12,3,31.65,34.82,9.986225895316814,6.418284283030684,9.987476518472139,5.0407013149655455,9.987476518472139,True,-3.358952462282949,10.99526066350711,10.02,0.975260663507111,1884.05,10.0,T+1 封板(继续持有 · 你若走了是踏空),False,True
账户2,002263,大东南,2026-04-02,2026-04-03,1,4.62,4.58,10.000000000000009,-3.1712473572938715,9.51374207188158,-6.553911205074003,-1.4799154334038112,False,5.364806866952798,12.12121212121211,-0.87,12.99121212121211,-94.58,10.0,T+1 低开 3%+ (模板:承认失败 · 早盘冲高就走),True,False
账户2,002269,美邦服饰,2026-04-01,2026-04-02,1,1.84,1.79,10.179640718562876,-1.6304347826086918,-1.6304347826086918,-6.521739130434789,-4.891304347826086,False,-6.2857142857142945,-1.6304347826086918,-2.72,1.0895652173913084,-849.77,10.0,T+1 低开 1-3% (模板:竞价撤 · 若买不到干脆放弃),True,False
账户2,002716,湖南白银,2026-01-05,2026-01-06,1,7.31,7.96,9.97109826589595,3.942181340341655,7.621550591327186,1.182654402102501,5.9132720105124825,False,-0.8684863523573227,12.038303693570441,8.89,3.1483036935704405,3736.29,10.0,T+1 高开 2-5% (模板:开盘先撤 · 分时判断),True,False
账户2,002716,湖南白银,2026-01-05,2026-01-06,1,7.31,7.99,9.97109826589595,3.942181340341655,7.621550591327186,1.182654402102501,5.9132720105124825,False,-0.8684863523573227,12.038303693570441,9.3,2.7383036935704403,3977.6,10.0,T+1 高开 2-5% (模板:开盘先撤 · 分时判断),True,False
账户2,002902,铭普光磁,2026-04-08,2026-04-14,6,29.37,30.52,10.000000000000009,1.8386108273748647,4.834865509022812,-4.2219952332311905,-1.838610827374887,False,-2.6361429066944053,4.834865509022812,3.92,0.9148655090228122,1465.16,10.0,T+1 平开 (模板:开盘直接走 or 分时看破均),False,True
账户2,002971,和远气体,2026-01-08,2026-01-09,1,33.63,31.76,10.009813542688928,-4.846862920011896,-3.5385072851620736,-7.552780255724068,-4.162949747249501,False,-0.6825938566552892,-3.5385072851620736,-5.56,2.021492714837926,-1141.53,10.0,T+1 低开 3%+ (模板:承认失败 · 早盘冲高就走),True,False
账户2,600108,亚盛集团,2026-03-04,2026-03-05,1,4.75,4.95,9.97920997920998,6.994328922495274,6.994328922495274,-7.37240075614366,-5.1039697542533125,False,9.960159362549792,19.157894736842106,4.21,14.947894736842105,4847.73,10.0,T+1 高开 5%+ (模板:分时高点挂单出),True,False
账户2,600256,广汇能源,2026-03-02,2026-03-03,1,6.4,7.05,10.034013605442183,6.18238021638331,10.046367851622872,3.554868624420404,10.046367851622872,True,-3.370786516853941,11.250000000000004,10.16,1.0900000000000034,5544.64,10.0,T+1 封板(继续持有 · 你若走了是踏空),True,False
账户2,600313,农发种业,2026-03-16,2026-03-17,1,9.04,9.32,10.060606060606059,0.11013215859030367,7.92951541850222,-2.422907488986792,-1.6519823788546328,False,-2.5755879059350506,8.407079646017724,3.1,5.3070796460177245,677.89,10.0,T+1 平开 (模板:开盘直接走 or 分时看破均),True,False
账户2,600339,中油工程,2026-04-02,2026-04-03,1,4.46,4.6,10.123456790123452,3.139013452914785,9.641255605381161,0.22421524663676085,5.381165919282527,False,0.6382978723404209,9.641255605381161,3.14,6.501255605381161,1406.18,10.0,T+1 高开 2-5% (模板:开盘先撤 · 分时判断),True,False
账户2,600339,中油工程,2026-04-02,2026-04-03,1,4.46,4.64,10.123456790123452,3.139013452914785,9.641255605381161,0.22421524663676085,5.381165919282527,False,0.6382978723404209,9.641255605381161,4.04,5.601255605381161,1835.57,10.0,T+1 高开 2-5% (模板:开盘先撤 · 分时判断),True,False
账户2,600376,首开股份,2026-03-23,2026-03-24,1,5.86,5.62,9.925093632958815,0.5110732538330609,5.4514480408858645,-5.7921635434412195,-1.873935264054516,False,-1.736111111111105,5.631399317406149,-4.1,9.731399317406149,-1176.04,10.0,T+1 平开 (模板:开盘直接走 or 分时看破均),True,False
账户2,600666,奥瑞德,2026-03-27,2026-03-30,3,6.07,6.08,9.945750452079572,-4.605263157894745,6.414473684210531,-10.032894736842113,2.6315789473684292,False,-8.653846153846157,6.58978583196046,0.16,6.4297858319604595,-6.58,10.0,T+1 低开 3%+ (模板:承认失败 · 早盘冲高就走),False,True
账户2,600935,华塑股份,2026-01-08,2026-01-09,1,2.75,2.72,10.000000000000009,0.0,0.727272727272732,-3.6363636363636376,-2.9090909090909167,False,1.8726591760299671,0.727272727272732,-1.09,1.817272727272732,-305.3,10.0,T+1 平开 (模板:开盘直接走 or 分时看破均),True,False
账户2,600936,北投科技,2026-06-02,2026-06-04,2,5.9,6.29,10.03717472118959,3.040540540540526,9.966216216216207,1.3513513513513598,9.966216216216207,True,-5.222734254992323,10.338983050847439,6.61,3.7289830508474386,1691.62,10.0,T+1 封板(继续持有 · 你若走了是踏空),False,False
账户2,600938,中国海油,2026-03-02,2026-03-03,1,38.89,43.389,10.008363534987463,5.904713634059799,10.010136847440432,3.9026862645717086,10.010136847440432,True,-1.2900253397834516,11.622525070712264,11.57,0.052525070712263755,5806.58,10.0,T+1 封板(继续持有 · 你若走了是踏空),True,False
账户2,601016,节能风电,2026-03-25,2026-03-26,1,5.13,5.61,9.97963340122201,0.0,6.111111111111112,-7.22222222222223,-1.666666666666683,False,-7.156308851224102,11.69590643274856,9.36,2.33590643274856,2900.22,10.0,T+1 平开 (模板:开盘直接走 or 分时看破均),True,False
账户4,002409,雅克科技,2026-06-22,2026-06-26,4,160.717,190.42,10.002663825253077,-3.117810872987048,1.5861484441215712,-6.041893691730249,-4.758445332364703,False,9.998728705822547,4.407125568545944,18.48,-14.072874431454057,8871.63,10.0,T+1 低开 3%+ (模板:承认失败 · 早盘冲高就走),False,True
账户4,600234,科新发展,2026-05-08,2026-05-13,5,25.938,29.79,9.996155324875033,3.110800419433768,9.99650471862985,2.3767913317022105,9.99650471862985,True,-4.893549412138542,21.32778163312514,14.85,6.477781633125142,1524.61,10.0,T+1 封板(继续持有 · 你若走了是踏空),False,True
账户4,600637,东方明珠,2026-05-25,2026-06-04,10,11.39,9.15,9.999999999999986,-3.8461538461538436,-3.0594405594405516,-9.965034965034958,-9.877622377622375,False,0.5819592628515835,-2.6338893766461924,-19.67,17.03611062335381,-22243.67,10.0,T+1 低开 3%+ (模板:承认失败 · 早盘冲高就走),False,True
