ts_code,trade_date,open,high,low,close,pre_close,change,pct_chg,vol,amount
300691.SZ,20260708,14.55,14.6,13.89,14.15,14.45,-0.3,-2.0761,45012.64,63653.16581
300691.SZ,20260707,14.62,14.98,14.3,14.45,14.78,-0.33,-2.2327,63012.88,91580.9958
300691.SZ,20260706,15.67,15.68,14.6,14.78,15.66,-0.88,-5.6194,83500.0,125323.6311
300691.SZ,20260703,15.84,15.95,15.52,15.66,15.84,-0.18,-1.1364,70906.06,111536.14096
300691.SZ,20260702,15.9,16.8,15.35,15.84,15.98,-0.14,-0.8761,82620.4,133226.8492
300691.SZ,20260701,15.82,16.24,15.7,15.98,15.81,0.17,1.0753,73811.53,118073.87771
300691.SZ,20260630,15.08,16.18,15.0,15.81,15.03,0.78,5.1896,95229.88,149274.30047
300691.SZ,20260629,15.64,16.03,14.76,15.03,15.76,-0.73,-4.632,119055.4,181756.03771
300691.SZ,20260626,15.7,16.38,15.5,15.76,15.85,-0.09,-0.5678,81478.16,129570.27883
300691.SZ,20260625,16.14,16.59,15.75,15.85,16.2,-0.35,-2.1605,71751.35,114961.1286
300691.SZ,20260624,16.16,16.37,15.71,16.2,16.32,-0.12,-0.7353,76306.2,122125.2354
300691.SZ,20260623,16.15,16.9,16.08,16.32,16.28,0.04,0.2457,95173.79,156984.98007
300691.SZ,20260622,16.73,17.05,15.68,16.28,16.76,-0.48,-2.864,96725.04,156522.11935
300691.SZ,20260618,16.7,17.02,16.33,16.76,16.87,-0.11,-0.652,83593.02,139946.08663
300691.SZ,20260617,16.5,17.13,16.44,16.87,16.7,0.17,1.018,95064.88,160476.94115
300691.SZ,20260616,16.23,16.75,16.15,16.7,16.36,0.34,2.0782,105242.37,173898.29659
300691.SZ,20260615,15.91,16.55,15.85,16.36,16.06,0.3,1.868,112573.64,183597.876
300691.SZ,20260612,17.14,17.18,15.9,16.06,17.18,-1.12,-6.5192,183763.18,299410.16909
300691.SZ,20260611,16.3,17.82,15.96,17.18,16.52,0.66,3.9952,220879.73,377378.74157
300691.SZ,20260610,15.54,16.7,15.41,16.52,15.65,0.87,5.5591,108028.36,172575.44856
300691.SZ,20260609,15.68,15.88,15.29,15.65,15.47,0.18,1.1635,57078.4,88873.0826
300691.SZ,20260608,15.74,16.25,15.25,15.47,16.04,-0.57,-3.5536,77778.64,122172.652
300691.SZ,20260605,15.49,16.59,15.23,16.04,15.55,0.49,3.1511,93482.99,148949.826
300691.SZ,20260604,15.72,16.16,15.45,15.55,15.74,-0.19,-1.2071,62977.0,99082.66
300691.SZ,20260603,15.73,16.3,15.6,15.74,15.78,-0.04,-0.2535,64539.0,103018.441
300691.SZ,20260602,16.03,16.35,15.77,15.78,16.1,-0.32,-1.9876,71716.69,114288.207
300691.SZ,20260601,16.13,16.72,16.05,16.1,16.03,0.07,0.4367,90166.81,147459.667
300691.SZ,20260529,17.6,17.71,15.93,16.03,17.58,-1.55,-8.8168,95960.89,157848.313
300691.SZ,20260528,17.41,17.7,17.06,17.58,17.58,0.0,0.0,61849.27,107578.333
300691.SZ,20260527,18.02,18.28,17.37,17.58,18.11,-0.53,-2.9266,78030.64,138097.805
300691.SZ,20260526,18.31,18.49,17.8,18.11,18.5,-0.39,-2.1081,70777.82,128228.304
300691.SZ,20260525,18.23,18.66,18.11,18.5,18.3,0.2,1.0929,81329.85,149927.117
300691.SZ,20260522,18.16,18.4,17.8,18.3,17.9,0.4,2.2346,97753.65,176901.153
300691.SZ,20260521,18.54,19.2,17.81,17.9,18.37,-0.47,-2.5585,136794.36,254457.499
300691.SZ,20260520,18.5,18.72,18.3,18.37,18.56,-0.19,-1.0237,104444.12,192689.087
300691.SZ,20260519,18.53,18.93,18.23,18.56,18.57,-0.01,-0.0539,184356.28,341138.188
300691.SZ,20260518,19.74,20.48,18.25,18.57,18.15,0.42,2.314,314038.08,592340.4
300691.SZ,20260515,17.2,18.4,16.94,18.15,17.26,0.89,5.1564,140180.15,250425.467
300691.SZ,20260514,17.43,17.76,17.21,17.26,17.36,-0.1,-0.576,77812.39,136005.807
300691.SZ,20260513,17.18,17.44,16.95,17.36,17.16,0.2,1.1655,41111.61,71077.525
300691.SZ,20260512,17.49,17.55,17.05,17.16,17.46,-0.3,-1.7182,52353.72,90297.995
300691.SZ,20260511,17.2,17.52,17.19,17.46,17.2,0.26,1.5116,60214.34,104634.205
300691.SZ,20260508,16.94,17.23,16.72,17.2,17.0,0.2,1.1765,50401.68,85736.742
300691.SZ,20260507,16.95,17.07,16.64,17.0,16.67,0.33,1.9796,52244.78,88328.335
300691.SZ,20260506,16.45,16.83,16.45,16.67,16.4,0.27,1.6463,51036.07,85144.152
300691.SZ,20260430,16.5,16.61,16.25,16.4,16.5,-0.1,-0.6061,47085.47,77094.802
300691.SZ,20260429,16.31,16.69,16.28,16.5,16.41,0.09,0.5484,39109.06,64779.086
300691.SZ,20260428,16.75,16.85,16.3,16.41,16.82,-0.41,-2.4376,43664.56,71877.884
300691.SZ,20260427,16.37,16.89,16.33,16.82,16.37,0.45,2.7489,55615.85,92874.215
300691.SZ,20260424,16.43,16.99,16.24,16.37,16.27,0.1,0.6146,71668.45,118068.076
300691.SZ,20260423,16.5,16.7,16.14,16.27,17.35,-1.08,-6.2248,120366.38,196822.706
300691.SZ,20260422,16.93,17.45,16.8,17.35,16.93,0.42,2.4808,74918.6,129299.721
300691.SZ,20260421,16.91,16.96,16.61,16.93,16.91,0.02,0.1183,28171.0,47291.07
300691.SZ,20260420,16.73,17.04,16.62,16.91,16.73,0.18,1.0759,32650.99,55218.42
300691.SZ,20260417,16.45,16.81,16.45,16.73,16.51,0.22,1.3325,31603.21,52676.39
300691.SZ,20260416,16.51,16.61,16.25,16.51,16.5,0.01,0.0606,32429.8,53321.024
300691.SZ,20260415,16.7,16.77,16.38,16.5,16.59,-0.09,-0.5425,31080.0,51470.038
300691.SZ,20260414,16.76,16.84,16.4,16.59,16.57,0.02,0.1207,31682.64,52494.915
300691.SZ,20260413,16.6,16.77,16.45,16.57,16.71,-0.14,-0.8378,30510.0,50531.819
300691.SZ,20260410,16.71,16.9,16.69,16.71,16.62,0.09,0.5415,38891.0,65328.485
300691.SZ,20260409,16.35,16.95,16.21,16.62,16.46,0.16,0.9721,61300.0,102261.026
300691.SZ,20260408,15.75,16.5,15.74,16.46,15.46,1.0,6.4683,57530.67,92817.659
300691.SZ,20260407,15.4,15.53,15.2,15.46,15.4,0.06,0.3896,36388.0,56014.283
300691.SZ,20260403,15.41,15.53,15.21,15.4,15.33,0.07,0.4566,37844.14,58216.429
300691.SZ,20260402,15.55,15.65,15.16,15.33,15.58,-0.25,-1.6046,36874.27,56907.01
300691.SZ,20260401,15.47,15.64,15.38,15.58,15.25,0.33,2.1639,35843.02,55602.885
300691.SZ,20260331,15.55,15.67,15.2,15.25,15.6,-0.35,-2.2436,37257.8,57478.187
300691.SZ,20260330,15.4,15.6,15.2,15.6,15.57,0.03,0.1927,37513.45,57994.266
300691.SZ,20260327,15.4,15.79,15.27,15.57,15.44,0.13,0.842,47192.0,73611.8
300691.SZ,20260326,15.9,16.06,15.26,15.44,15.92,-0.48,-3.0151,46530.0,72403.657
300691.SZ,20260325,15.62,16.18,15.62,15.92,15.56,0.36,2.3136,61357.0,98030.409
300691.SZ,20260324,15.45,15.61,15.0,15.56,15.16,0.4,2.6385,72323.38,110707.687
300691.SZ,20260323,16.02,16.45,14.95,15.16,16.92,-1.76,-10.4019,155138.86,241693.701
300691.SZ,20260320,17.18,17.92,16.85,16.92,17.06,-0.14,-0.8206,89803.71,156695.576
300691.SZ,20260319,17.21,17.36,16.97,17.06,17.34,-0.28,-1.6148,41619.99,71355.758
300691.SZ,20260318,16.99,17.35,16.87,17.34,16.87,0.47,2.786,43555.8,74675.802
300691.SZ,20260317,17.6,17.66,16.84,16.87,17.48,-0.61,-3.4897,54933.0,94235.456
300691.SZ,20260316,17.58,17.58,17.0,17.48,17.63,-0.15,-0.8508,59141.71,102511.359
300691.SZ,20260313,17.73,18.06,17.56,17.63,17.81,-0.18,-1.0107,70420.54,125628.586
300691.SZ,20260312,17.67,18.1,17.65,17.81,17.74,0.07,0.3946,68448.47,122133.485
300691.SZ,20260311,17.71,17.98,17.61,17.74,17.7,0.04,0.226,69746.17,124092.666
300691.SZ,20260310,17.45,17.88,17.42,17.7,17.32,0.38,2.194,66591.23,117758.818
300691.SZ,20260309,17.52,17.68,17.02,17.32,17.88,-0.56,-3.132,94689.0,163491.38
300691.SZ,20260306,17.6,18.16,17.42,17.88,17.94,-0.06,-0.3344,158681.67,283185.941
300691.SZ,20260305,16.68,18.66,16.68,17.94,16.28,1.66,10.1966,256102.07,462299.104
300691.SZ,20260304,16.5,16.7,16.18,16.28,16.66,-0.38,-2.2809,54503.14,89547.613
300691.SZ,20260303,17.41,17.65,16.61,16.66,17.44,-0.78,-4.4725,55712.72,95133.598
300691.SZ,20260302,17.71,17.88,17.29,17.44,17.99,-0.55,-3.0573,46510.92,81575.0
300691.SZ,20260227,17.99,18.1,17.76,17.99,18.09,-0.1,-0.5528,34068.0,61059.949
300691.SZ,20260226,17.9,18.15,17.82,18.09,17.9,0.19,1.0615,43822.26,79067.59
300691.SZ,20260225,18.01,18.14,17.83,17.9,17.95,-0.05,-0.2786,41224.04,74020.387
300691.SZ,20260224,18.16,18.55,17.9,17.95,17.78,0.17,0.9561,64559.55,116829.481
300691.SZ,20260213,17.7,18.19,17.63,17.78,17.52,0.26,1.484,73600.02,131660.851
300691.SZ,20260212,17.54,17.65,17.4,17.52,17.55,-0.03,-0.1709,24575.2,43060.2
300691.SZ,20260211,17.6,17.75,17.55,17.55,17.59,-0.04,-0.2274,23932.47,42223.067
300691.SZ,20260210,17.51,17.72,17.48,17.59,17.56,0.03,0.1708,29701.98,52414.16
300691.SZ,20260209,17.26,17.59,17.26,17.56,17.14,0.42,2.4504,39768.56,69487.792
300691.SZ,20260206,17.06,17.33,16.98,17.14,17.17,-0.03,-0.1747,29280.0,50434.293
300691.SZ,20260205,17.09,17.35,17.05,17.17,17.18,-0.01,-0.0582,31085.58,53538.404
300691.SZ,20260204,17.28,17.4,17.08,17.18,17.29,-0.11,-0.6362,29408.97,50653.886
300691.SZ,20260203,17.2,17.35,17.05,17.29,17.0,0.29,1.7059,28794.6,49654.382
300691.SZ,20260202,17.12,17.56,17.0,17.0,17.17,-0.17,-0.9901,58814.54,101873.193
300691.SZ,20260130,16.83,17.3,16.83,17.17,16.71,0.46,2.7528,69898.54,119438.576
300691.SZ,20260129,17.16,17.17,16.64,16.71,17.2,-0.49,-2.8488,56977.23,96201.059
300691.SZ,20260128,17.56,17.72,17.1,17.2,17.57,-0.37,-2.1059,49290.43,85671.969
300691.SZ,20260127,17.55,17.65,16.92,17.57,17.64,-0.07,-0.3968,57005.71,98727.682
300691.SZ,20260126,18.18,18.18,17.39,17.64,18.18,-0.54,-2.9703,78408.11,138425.49
300691.SZ,20260123,18.01,18.19,17.9,18.18,17.95,0.23,1.2813,45731.53,82612.136
300691.SZ,20260122,17.81,18.09,17.8,17.95,17.97,-0.02,-0.1113,42522.95,76473.317
300691.SZ,20260121,17.63,17.97,17.6,17.97,17.78,0.19,1.0686,45546.02,81405.917
300691.SZ,20260120,17.84,18.03,17.63,17.78,17.91,-0.13,-0.7259,45868.56,81672.791
300691.SZ,20260119,18.04,18.08,17.8,17.91,18.04,-0.13,-0.7206,43950.95,78682.65
300691.SZ,20260116,18.08,18.15,17.86,18.04,17.96,0.08,0.4454,44700.14,80437.946
300691.SZ,20260115,17.68,18.08,17.68,17.96,17.86,0.1,0.5599,53849.74,96418.046
300691.SZ,20260114,17.6,18.14,17.55,17.86,17.65,0.21,1.1898,71123.6,127081.132
300691.SZ,20260113,18.09,18.09,17.6,17.65,18.1,-0.45,-2.4862,66406.8,118109.839
300691.SZ,20260112,18.07,18.18,17.78,18.1,17.83,0.27,1.5143,61870.28,111148.587
300691.SZ,20260109,17.66,17.91,17.61,17.83,17.77,0.06,0.3376,50907.63,90443.49
300691.SZ,20260108,17.54,17.86,17.53,17.77,17.63,0.14,0.7941,51274.24,90784.766
300691.SZ,20260107,17.74,17.78,17.48,17.63,17.7,-0.07,-0.3955,51047.19,89999.06
300691.SZ,20260106,17.37,17.76,17.37,17.7,17.37,0.33,1.8998,63726.47,112144.778
300691.SZ,20260105,17.3,17.43,17.21,17.37,17.27,0.1,0.579,49126.03,85061.715
300691.SZ,20251231,16.92,17.37,16.85,17.27,16.82,0.45,2.6754,65559.89,112309.827
300691.SZ,20251230,16.81,16.95,16.73,16.82,16.86,-0.04,-0.2372,25100.0,42312.687
300691.SZ,20251229,17.03,17.05,16.81,16.86,17.05,-0.19,-1.1144,30001.0,50821.018
300691.SZ,20251226,17.17,17.27,16.99,17.05,17.2,-0.15,-0.8721,34676.39,59371.842
300691.SZ,20251225,17.27,17.3,17.06,17.2,17.21,-0.01,-0.0581,36141.6,62105.395
300691.SZ,20251224,16.91,17.24,16.89,17.21,16.92,0.29,1.7139,31807.91,54563.504
300691.SZ,20251223,17.1,17.25,16.87,16.92,17.21,-0.29,-1.6851,36419.0,62014.244
300691.SZ,20251222,16.96,17.37,16.96,17.21,16.99,0.22,1.2949,39702.24,68401.966
300691.SZ,20251219,16.88,17.21,16.85,16.99,16.86,0.13,0.7711,33256.9,56696.095
300691.SZ,20251218,16.65,17.04,16.5,16.86,16.79,0.07,0.4169,38685.22,65458.702
300691.SZ,20251217,16.82,17.01,16.35,16.79,17.03,-0.24,-1.4093,63344.84,105043.103
300691.SZ,20251216,16.62,17.26,16.36,17.03,16.52,0.51,3.0872,64083.74,107807.841
300691.SZ,20251215,16.61,16.77,16.38,16.52,16.69,-0.17,-1.0186,33781.52,55990.02
300691.SZ,20251212,16.85,16.97,16.64,16.69,16.84,-0.15,-0.8907,34501.0,57932.349
300691.SZ,20251211,17.29,17.29,16.84,16.84,17.26,-0.42,-2.4334,34475.0,58657.888
300691.SZ,20251210,17.4,17.44,17.09,17.26,17.4,-0.14,-0.8046,37213.0,64125.513
300691.SZ,20251209,17.58,17.77,17.39,17.4,17.68,-0.28,-1.5837,33361.0,58508.646
300691.SZ,20251208,17.45,17.81,17.44,17.68,17.45,0.23,1.3181,46049.03,81221.791
300691.SZ,20251205,17.31,17.48,17.03,17.45,17.38,0.07,0.4028,46031.0,79543.118
300691.SZ,20251204,17.8,17.85,17.34,17.38,17.87,-0.49,-2.742,65318.72,114128.967
300691.SZ,20251203,18.38,18.4,17.76,17.87,18.36,-0.49,-2.6688,115801.6,208045.408
300691.SZ,20251202,18.05,19.15,17.9,18.36,17.78,0.58,3.2621,188989.22,349345.917
300691.SZ,20251201,17.33,17.98,17.33,17.78,17.43,0.35,2.008,52093.09,92358.242
300691.SZ,20251128,17.22,17.52,17.17,17.43,17.24,0.19,1.1021,35123.8,61072.56
300691.SZ,20251127,17.01,17.47,17.0,17.24,17.05,0.19,1.1144,33569.61,58137.081
300691.SZ,20251126,17.22,17.37,17.02,17.05,17.2,-0.15,-0.8721,25079.24,43116.361
300691.SZ,20251125,16.96,17.44,16.95,17.2,16.96,0.24,1.4151,35176.06,60896.766
300691.SZ,20251124,16.63,17.05,16.59,16.96,16.58,0.38,2.2919,32843.0,55273.391
300691.SZ,20251121,16.98,17.22,16.49,16.58,17.14,-0.56,-3.2672,45114.68,75724.142
300691.SZ,20251120,17.3,17.35,17.03,17.14,17.18,-0.04,-0.2328,25051.0,43030.223
300691.SZ,20251119,17.56,17.62,17.12,17.18,17.59,-0.41,-2.3309,38871.32,67156.458
300691.SZ,20251118,17.66,17.85,17.52,17.59,17.65,-0.06,-0.3399,36160.12,63965.406
300691.SZ,20251117,17.31,17.75,17.19,17.65,17.16,0.49,2.8555,51687.0,90733.241
300691.SZ,20251114,17.15,17.4,17.06,17.16,17.19,-0.03,-0.1745,32279.73,55765.458
300691.SZ,20251113,17.31,17.32,17.14,17.19,17.28,-0.09,-0.5208,29262.57,50333.558
300691.SZ,20251112,17.37,17.43,17.15,17.28,17.38,-0.1,-0.5754,26372.53,45516.918
300691.SZ,20251111,17.51,17.8,17.35,17.38,17.54,-0.16,-0.9122,35663.73,62611.166
300691.SZ,20251110,17.39,17.6,17.33,17.54,17.38,0.16,0.9206,32302.5,56330.137
300691.SZ,20251107,17.51,17.65,17.36,17.38,17.64,-0.26,-1.4739,31568.02,55055.26
300691.SZ,20251106,17.59,17.72,17.44,17.64,17.6,0.04,0.2273,32544.0,57207.398
300691.SZ,20251105,17.61,17.76,17.46,17.6,17.69,-0.09,-0.5088,31157.46,54893.7
300691.SZ,20251104,17.78,17.8,17.57,17.69,17.78,-0.09,-0.5062,28320.33,50021.442
300691.SZ,20251103,17.63,17.81,17.42,17.78,17.55,0.23,1.3105,33202.97,58519.779
300691.SZ,20251031,17.3,17.61,17.3,17.55,17.4,0.15,0.8621,30362.64,53141.558
300691.SZ,20251030,17.73,17.78,17.4,17.4,17.73,-0.33,-1.8613,43569.39,76518.553
300691.SZ,20251029,17.84,17.86,17.62,17.73,17.86,-0.13,-0.7279,30021.76,53201.146
300691.SZ,20251028,17.77,17.97,17.68,17.86,17.86,0.0,0.0,33431.42,59735.473
300691.SZ,20251027,18.13,18.3,17.6,17.86,18.13,-0.27,-1.4892,63645.12,113678.566
300691.SZ,20251024,17.67,18.18,17.53,18.13,17.52,0.61,3.4817,57900.29,103909.837
300691.SZ,20251023,17.5,17.56,17.21,17.52,17.59,-0.07,-0.398,31510.08,54722.393
300691.SZ,20251022,17.4,17.95,17.25,17.59,17.44,0.15,0.8601,50571.01,89229.669
300691.SZ,20251021,17.42,17.56,17.19,17.44,17.23,0.21,1.2188,35904.99,62582.026
300691.SZ,20251020,17.27,17.42,17.1,17.23,17.1,0.13,0.7602,32573.13,56234.816
300691.SZ,20251017,17.64,17.7,17.06,17.1,17.64,-0.54,-3.0612,52944.91,91477.395
300691.SZ,20251016,17.88,17.91,17.6,17.64,17.96,-0.32,-1.7817,41351.0,73232.01
300691.SZ,20251015,18.05,18.18,17.75,17.96,18.03,-0.07,-0.3882,50341.15,90219.15
300691.SZ,20251014,18.62,18.82,17.95,18.03,18.68,-0.65,-3.4797,70689.2,129459.932
300691.SZ,20251013,17.14,18.74,17.14,18.68,18.91,-0.23,-1.2163,91354.22,166245.714
300691.SZ,20251010,19.2,19.25,18.62,18.91,19.27,-0.36,-1.8682,68824.07,130215.355
300691.SZ,20251009,19.24,19.53,19.18,19.27,19.07,0.2,1.0488,70356.3,136106.761
300691.SZ,20250930,19.23,19.46,19.05,19.07,19.22,-0.15,-0.7804,62539.6,120005.0
300691.SZ,20250929,19.33,19.38,18.91,19.22,19.38,-0.16,-0.8256,70676.0,135373.277
300691.SZ,20250926,19.8,19.89,19.29,19.38,19.9,-0.52,-2.6131,79396.79,154528.215
300691.SZ,20250925,20.05,20.3,19.8,19.9,20.27,-0.37,-1.8254,102317.81,204824.727
300691.SZ,20250924,19.37,20.28,19.16,20.27,19.59,0.68,3.4712,149772.15,299303.095
300691.SZ,20250923,19.91,19.91,19.04,19.59,19.91,-0.32,-1.6072,96781.9,187403.661
300691.SZ,20250922,19.7,20.16,19.52,19.91,19.75,0.16,0.8101,111560.67,221261.182
300691.SZ,20250919,19.46,20.1,19.26,19.75,19.54,0.21,1.0747,138966.64,274867.096
300691.SZ,20250918,19.31,20.13,19.18,19.54,19.54,0.0,0.0,181599.94,358738.792
300691.SZ,20250917,18.58,20.45,18.55,19.54,18.63,0.91,4.8846,201234.99,396313.988
300691.SZ,20250916,18.23,18.63,18.15,18.63,18.22,0.41,2.2503,57491.53,106182.794
300691.SZ,20250915,18.43,18.49,18.15,18.22,18.36,-0.14,-0.7625,38857.42,70990.161
300691.SZ,20250912,18.4,18.64,18.21,18.36,18.32,0.04,0.2183,51780.65,95449.075
300691.SZ,20250911,17.91,18.38,17.7,18.32,17.91,0.41,2.2892,59745.41,108355.651
300691.SZ,20250910,17.9,18.1,17.82,17.91,17.95,-0.04,-0.2228,38130.49,68441.381
300691.SZ,20250909,18.34,18.45,17.82,17.95,18.4,-0.45,-2.4457,52542.04,94818.78
300691.SZ,20250908,18.45,18.64,18.2,18.4,18.45,-0.05,-0.271,51362.88,94540.16
300691.SZ,20250905,18.09,18.5,17.91,18.45,18.05,0.4,2.2161,65454.8,119477.262
300691.SZ,20250904,18.3,18.68,17.77,18.05,18.23,-0.18,-0.9874,76246.23,139100.759
300691.SZ,20250903,18.89,18.98,18.15,18.23,18.79,-0.56,-2.9803,68387.0,127021.895
300691.SZ,20250902,19.78,19.79,18.56,18.79,19.8,-1.01,-5.101,107704.14,203849.412
300691.SZ,20250901,19.84,20.19,19.6,19.8,19.83,-0.03,-0.1513,80267.34,159055.094
300691.SZ,20250829,20.22,20.45,19.77,19.83,20.44,-0.61,-2.9843,101491.17,202685.953
300691.SZ,20250828,20.16,20.47,19.66,20.44,20.13,0.31,1.54,92274.4,185984.658
300691.SZ,20250827,20.54,20.97,20.1,20.13,20.63,-0.5,-2.4237,117594.07,243346.704
300691.SZ,20250826,20.44,21.05,20.3,20.63,20.54,0.09,0.4382,108040.8,223493.374
300691.SZ,20250825,20.77,20.77,20.3,20.54,20.47,0.07,0.342,84572.69,173521.752
300691.SZ,20250822,20.37,20.54,20.36,20.47,20.46,0.01,0.0489,64858.02,132636.666
300691.SZ,20250821,20.78,20.87,20.34,20.46,20.69,-0.23,-1.1116,67172.88,138008.018
300691.SZ,20250820,20.5,20.85,20.33,20.69,20.64,0.05,0.2422,78057.72,160761.471
300691.SZ,20250819,20.37,20.94,20.18,20.64,20.39,0.25,1.2261,109679.39,225617.795
300691.SZ,20250818,20.39,20.57,20.22,20.39,20.4,-0.01,-0.049,97065.06,198091.207
300691.SZ,20250815,19.51,20.46,19.49,20.4,19.58,0.82,4.1879,108156.68,216426.531
300691.SZ,20250814,19.85,19.93,19.5,19.58,19.85,-0.27,-1.3602,61279.79,120629.861
300691.SZ,20250813,19.97,20.1,19.73,19.85,19.97,-0.12,-0.6009,59357.79,117973.221
300691.SZ,20250812,19.91,20.03,19.71,19.97,19.99,-0.02,-0.1001,45860.7,91248.542
300691.SZ,20250811,19.65,20.06,19.65,19.99,19.65,0.34,1.7303,52465.79,104375.019
300691.SZ,20250808,19.98,19.98,19.58,19.65,19.97,-0.32,-1.6024,53731.86,105819.114
300691.SZ,20250807,20.01,20.34,19.92,19.97,20.1,-0.13,-0.6468,68964.48,138483.343
300691.SZ,20250806,19.7,20.3,19.61,20.1,19.76,0.34,1.7206,93892.72,187766.695
300691.SZ,20250805,19.49,19.86,19.43,19.76,19.52,0.24,1.2295,84388.41,166033.089
300691.SZ,20250804,19.1,19.7,19.0,19.52,19.2,0.32,1.6667,82576.68,160516.493
300691.SZ,20250801,19.0,19.46,18.91,19.2,19.04,0.16,0.8403,48701.0,93537.175
300691.SZ,20250731,19.0,19.31,18.95,19.04,19.15,-0.11,-0.5744,52130.0,99636.459
300691.SZ,20250730,19.35,19.41,18.9,19.15,19.33,-0.18,-0.9312,55179.49,105610.278
300691.SZ,20250729,19.26,19.39,19.17,19.33,19.43,-0.1,-0.5147,55713.77,107420.633
300691.SZ,20250728,19.51,19.65,19.2,19.43,19.37,0.06,0.3098,105286.0,204274.944
300691.SZ,20250725,18.58,19.6,18.46,19.37,18.53,0.84,4.5332,180376.54,344583.061
300691.SZ,20250724,18.55,18.61,18.38,18.53,18.48,0.05,0.2706,60790.0,112412.315
300691.SZ,20250723,18.76,18.8,18.47,18.48,18.82,-0.34,-1.8066,47177.98,87786.37
300691.SZ,20250722,19.0,19.06,18.68,18.82,19.0,-0.18,-0.9474,46522.34,87771.524
300691.SZ,20250721,18.73,19.05,18.73,19.0,18.86,0.14,0.7423,52661.0,99714.668
300691.SZ,20250718,18.88,19.01,18.72,18.86,18.88,-0.02,-0.1059,39747.0,74868.032
300691.SZ,20250717,18.62,18.89,18.45,18.88,18.62,0.26,1.3963,59346.49,111482.94
300691.SZ,20250716,18.6,18.8,18.48,18.62,18.6,0.02,0.1075,45177.08,84311.85
300691.SZ,20250715,18.77,19.29,18.5,18.6,18.77,-0.17,-0.9057,71068.08,133259.339
300691.SZ,20250714,18.6,18.77,18.4,18.77,18.52,0.25,1.3499,37241.49,69371.566
300691.SZ,20250711,18.49,18.6,18.31,18.52,18.49,0.03,0.1622,35107.0,64830.885
300691.SZ,20250710,18.5,18.56,18.3,18.49,18.54,-0.05,-0.2697,43453.8,80086.883
300691.SZ,20250709,18.52,18.85,18.5,18.54,18.52,0.02,0.108,52629.6,98247.184
300691.SZ,20250708,18.26,18.57,18.16,18.52,18.28,0.24,1.3129,38073.0,70140.097
300691.SZ,20250707,18.49,18.5,18.19,18.28,18.51,-0.23,-1.2426,37802.0,69147.415
300691.SZ,20250704,18.98,19.02,18.47,18.51,18.94,-0.43,-2.2703,47142.36,87817.082
300691.SZ,20250703,18.9,19.05,18.76,18.94,18.85,0.09,0.4775,33025.0,62416.345
300691.SZ,20250702,19.14,19.15,18.74,18.85,19.13,-0.28,-1.4637,58821.0,110871.457
300691.SZ,20250701,19.17,19.42,18.96,19.13,19.15,-0.02,-0.1044,80746.72,154937.551
300691.SZ,20250630,18.71,19.24,18.71,19.15,18.73,0.42,2.2424,77777.59,148682.331
300691.SZ,20250627,19.03,19.18,18.69,18.73,18.73,0.0,0.0,59331.0,111828.786
300691.SZ,20250626,18.93,18.97,18.67,18.73,18.93,-0.2,-1.0565,65990.0,124162.59
300691.SZ,20250625,18.66,19.01,18.65,18.93,18.74,0.19,1.0139,84143.0,158345.116
300691.SZ,20250624,18.54,18.77,18.46,18.74,18.36,0.38,2.0697,83506.05,155630.451
300691.SZ,20250623,17.45,18.41,17.4,18.36,17.72,0.64,3.6117,62442.0,113050.996
300691.SZ,20250620,18.05,18.44,17.71,17.72,18.15,-0.43,-2.3691,63481.71,113888.31
300691.SZ,20250619,18.56,18.75,18.04,18.15,18.7,-0.55,-2.9412,58812.12,107847.449
300691.SZ,20250618,18.35,18.73,18.18,18.7,18.45,0.25,1.355,92124.16,170519.69
300691.SZ,20250617,18.01,18.47,17.8,18.45,17.96,0.49,2.7283,76619.0,139523.065
300691.SZ,20250616,17.49,18.0,17.38,17.96,17.63,0.33,1.8718,49011.0,87233.486
300691.SZ,20250613,18.26,18.26,17.61,17.63,18.29,-0.66,-3.6085,74726.84,133276.301
300691.SZ,20250612,18.2,18.55,18.15,18.29,18.08,0.21,1.1615,72843.88,133795.697
300691.SZ,20250611,18.2,18.33,18.02,18.08,18.26,-0.18,-0.9858,64039.78,116245.737
300691.SZ,20250610,18.5,18.82,17.99,18.26,18.38,-0.12,-0.6529,88178.66,161677.114
300691.SZ,20250609,18.57,18.96,18.36,18.38,18.38,0.0,0.0,79640.65,147448.145
300691.SZ,20250606,18.88,19.01,18.36,18.38,19.13,-0.75,-3.9205,113032.32,209900.843
300691.SZ,20250605,18.3,19.69,18.1,19.13,18.72,0.41,2.1902,201452.93,379749.546
300691.SZ,20250604,20.88,20.88,18.5,18.72,17.91,0.81,4.5226,251055.76,481254.324
300691.SZ,20250519,17.96,18.04,17.6,17.99,17.86,0.13,0.7279,36709.0,65615.585
300691.SZ,20250516,17.55,18.16,17.54,17.86,17.61,0.25,1.4196,38714.0,69243.12
300691.SZ,20250515,18.03,18.03,17.6,17.61,17.98,-0.37,-2.0578,37138.0,65825.206
300691.SZ,20250514,18.07,18.16,17.8,17.98,18.07,-0.09,-0.4981,42377.71,76089.832
300691.SZ,20250513,18.61,18.78,18.02,18.07,18.45,-0.38,-2.0596,59184.0,108166.03
300691.SZ,20250512,18.15,18.73,18.01,18.45,17.88,0.57,3.1879,76247.0,140124.769
300691.SZ,20250509,18.27,18.35,17.73,17.88,18.2,-0.32,-1.7582,48944.0,87926.812
300691.SZ,20250508,17.74,18.33,17.69,18.2,17.86,0.34,1.9037,63144.0,114580.05
300691.SZ,20250507,17.99,18.25,17.6,17.86,17.79,0.07,0.3935,82097.56,147108.066
300691.SZ,20250506,17.21,17.8,17.21,17.79,17.18,0.61,3.5506,55979.56,98254.601
300691.SZ,20250430,16.8,17.57,16.78,17.18,16.59,0.59,3.5564,63060.24,107944.936
300691.SZ,20250429,16.37,16.82,16.23,16.59,16.5,0.09,0.5455,33842.0,56337.913
300691.SZ,20250428,16.61,16.88,16.25,16.5,16.75,-0.25,-1.4925,44347.68,72943.214
300691.SZ,20250425,16.61,16.94,16.56,16.75,16.69,0.06,0.3595,34455.56,57792.243
300691.SZ,20250424,17.01,17.08,16.52,16.69,17.07,-0.38,-2.2261,46065.0,77099.053
300691.SZ,20250423,16.9,17.21,16.88,17.07,16.8,0.27,1.6071,53208.0,90748.784
300691.SZ,20250422,17.0,17.03,16.71,16.8,17.02,-0.22,-1.2926,47680.0,80363.573
300691.SZ,20250421,16.67,17.03,16.39,17.02,17.25,-0.23,-1.3333,94830.86,158559.2
300691.SZ,20250418,16.97,17.34,16.78,17.25,16.88,0.37,2.1919,50872.76,86911.345
300691.SZ,20250417,16.87,17.26,16.8,16.88,17.0,-0.12,-0.7059,38111.68,65114.719
300691.SZ,20250416,17.23,17.37,16.58,17.0,17.35,-0.35,-2.0173,48996.24,83272.133
300691.SZ,20250415,17.78,17.78,17.18,17.35,17.51,-0.16,-0.9138,44634.24,77466.385
300691.SZ,20250414,17.44,17.8,17.32,17.51,17.03,0.48,2.8186,78079.56,137069.317
300691.SZ,20250411,16.68,17.27,16.6,17.03,16.83,0.2,1.1884,74991.56,127776.732
300691.SZ,20250410,16.76,17.3,16.75,16.83,16.34,0.49,2.9988,88181.56,150080.418
300691.SZ,20250409,15.64,16.5,14.19,16.34,15.9,0.44,2.7673,113854.5,176011.916
300691.SZ,20250408,15.82,16.63,15.33,15.9,15.58,0.32,2.0539,103466.11,165650.514
300691.SZ,20250407,18.25,18.25,15.58,15.58,19.48,-3.9,-20.0205,120100.11,200026.782
300691.SZ,20250403,19.75,20.0,19.06,19.48,20.0,-0.52,-2.6,67763.92,132387.831
300691.SZ,20250402,19.86,20.34,19.85,20.0,19.98,0.02,0.1001,44075.0,88758.467
300691.SZ,20250401,19.76,20.19,19.76,19.98,19.7,0.28,1.4213,53544.32,107229.285
300691.SZ,20250331,20.04,20.04,19.23,19.7,20.11,-0.41,-2.0388,73733.24,144324.606
300691.SZ,20250328,20.0,20.26,19.72,20.11,19.99,0.12,0.6003,84375.0,169142.954
300691.SZ,20250327,19.86,20.26,19.33,19.99,19.86,0.13,0.6546,102320.61,202280.635
300691.SZ,20250326,19.97,20.37,19.74,19.86,20.07,-0.21,-1.0463,111859.24,223905.971
300691.SZ,20250325,20.92,21.9,19.87,20.07,22.35,-2.28,-10.2013,224937.91,466213.647
300691.SZ,20250324,23.05,23.82,21.81,22.35,23.3,-0.95,-4.0773,137651.86,312768.104
300691.SZ,20250321,24.52,24.66,23.11,23.3,24.86,-1.56,-6.2751,188516.84,450753.468
300691.SZ,20250320,23.95,24.99,23.78,24.86,24.2,0.66,2.7273,211320.1,518628.375
300691.SZ,20250319,23.59,25.16,23.33,24.2,23.75,0.45,1.8947,266980.92,649759.064
300691.SZ,20250318,23.71,23.91,23.1,23.75,23.7,0.05,0.211,119782.2,281937.41
300691.SZ,20250317,23.91,24.24,23.42,23.7,23.68,0.02,0.0845,138335.4,329856.96
300691.SZ,20250314,23.47,23.75,22.65,23.68,23.32,0.36,1.5437,133256.56,310455.188
300691.SZ,20250313,23.57,23.85,22.4,23.32,23.61,-0.29,-1.2283,153654.04,354229.624
300691.SZ,20250312,23.09,24.1,23.09,23.61,22.66,0.95,4.1924,223320.55,528648.043
300691.SZ,20250311,22.1,22.77,22.01,22.66,22.49,0.17,0.7559,79667.54,178292.605
300691.SZ,20250310,22.54,22.98,22.2,22.49,22.54,-0.05,-0.2218,94893.71,213818.585
300691.SZ,20250307,23.03,23.45,22.39,22.54,23.08,-0.54,-2.3397,135054.32,309855.274
300691.SZ,20250306,22.69,23.35,22.69,23.08,22.7,0.38,1.674,145995.65,337104.825
300691.SZ,20250305,22.49,22.87,22.29,22.7,22.68,0.02,0.0882,95290.92,214978.731
300691.SZ,20250304,22.2,22.88,22.03,22.68,22.26,0.42,1.8868,106450.27,240835.952
300691.SZ,20250303,21.94,22.8,21.66,22.26,22.03,0.23,1.044,129386.4,288627.283
300691.SZ,20250228,23.5,23.66,21.89,22.03,24.03,-2.0,-8.3229,204272.0,461447.349
300691.SZ,20250227,23.1,24.1,22.57,24.03,23.09,0.94,4.071,252410.92,589332.756
300691.SZ,20250226,22.65,23.29,22.39,23.09,22.74,0.35,1.5391,188195.0,431169.772
300691.SZ,20250225,22.56,23.16,22.3,22.74,22.81,-0.07,-0.3069,146941.0,334093.566
300691.SZ,20250224,23.02,23.08,22.29,22.81,23.15,-0.34,-1.4687,174147.69,394662.651
300691.SZ,20250221,22.91,23.49,22.61,23.15,23.4,-0.25,-1.0684,332585.72,767901.595
300691.SZ,20250220,21.97,24.69,21.97,23.4,21.71,1.69,7.7844,481394.57,1126572.14
300691.SZ,20250219,20.43,21.71,20.31,21.71,20.49,1.22,5.9541,136773.36,289949.231
300691.SZ,20250218,21.08,21.63,20.4,20.49,21.2,-0.71,-3.3491,110614.0,232409.144
300691.SZ,20250217,21.09,21.35,20.81,21.2,21.09,0.11,0.5216,99263.0,209160.059
300691.SZ,20250214,20.79,21.15,20.52,21.09,20.81,0.28,1.3455,81666.27,170669.399
300691.SZ,20250213,21.35,21.4,20.74,20.81,21.38,-0.57,-2.666,93483.75,195929.603
300691.SZ,20250212,21.3,21.7,21.13,21.38,21.32,0.06,0.2814,104485.0,223201.957
300691.SZ,20250211,21.65,21.77,21.22,21.32,22.09,-0.77,-3.4857,148827.12,319425.426
300691.SZ,20250210,21.53,22.13,21.36,22.09,21.49,0.6,2.792,158447.4,345451.146
300691.SZ,20250207,21.03,22.34,20.98,21.49,21.04,0.45,2.1388,268529.36,582852.095
300691.SZ,20250206,19.27,21.06,19.2,21.04,19.33,1.71,8.8464,179325.33,365185.423
300691.SZ,20250205,19.16,19.45,19.02,19.33,18.88,0.45,2.3835,72134.43,138930.269
300691.SZ,20250127,19.51,19.78,18.81,18.88,19.53,-0.65,-3.3282,83210.63,159242.986
300691.SZ,20250124,18.7,19.63,18.65,19.53,18.68,0.85,4.5503,101337.31,193962.511
300691.SZ,20250123,18.93,19.26,18.66,18.68,18.66,0.02,0.1072,83004.0,157870.553
300691.SZ,20250122,18.99,19.09,18.55,18.66,19.18,-0.52,-2.7112,72144.27,135665.057
300691.SZ,20250121,18.79,19.33,18.48,19.18,18.67,0.51,2.7317,100619.0,190740.357
300691.SZ,20250120,18.8,18.99,18.52,18.67,18.55,0.12,0.6469,63205.16,118638.464
300691.SZ,20250117,18.62,18.85,18.4,18.55,18.78,-0.23,-1.2247,67296.6,125155.647
300691.SZ,20250116,18.59,19.52,18.43,18.78,18.42,0.36,1.9544,113344.0,214507.371
300691.SZ,20250115,18.85,18.85,18.34,18.42,18.81,-0.39,-2.0734,74342.0,137766.767
300691.SZ,20250114,17.93,18.83,17.86,18.81,17.77,1.04,5.8526,113841.58,209088.271
300691.SZ,20250113,17.41,17.85,16.7,17.77,17.62,0.15,0.8513,85096.0,147619.628
300691.SZ,20250110,18.46,19.14,17.62,17.62,18.66,-1.04,-5.5734,131115.0,241663.824
300691.SZ,20250109,18.53,19.25,18.44,18.66,18.79,-0.13,-0.6919,111260.2,210445.745
300691.SZ,20250108,18.55,18.96,17.65,18.79,18.88,-0.09,-0.4767,137151.98,253085.116
300691.SZ,20250107,18.0,18.93,17.88,18.88,18.12,0.76,4.1943,146474.41,269955.331
300691.SZ,20250106,19.82,19.96,17.98,18.12,19.97,-1.85,-9.2639,200804.0,375121.278
300691.SZ,20250103,21.22,21.92,19.84,19.97,20.3,-0.33,-1.6256,257649.71,538717.342
300691.SZ,20250102,19.82,21.36,19.4,20.3,19.72,0.58,2.9412,192443.95,393884.165
300691.SZ,20241231,21.0,21.26,19.63,19.72,21.1,-1.38,-6.5403,172467.45,349405.879
300691.SZ,20241230,21.45,22.43,21.01,21.1,21.6,-0.5,-2.3148,159307.69,342890.802
300691.SZ,20241227,22.1,22.46,21.45,21.6,22.12,-0.52,-2.3508,196832.6,431510.86
300691.SZ,20241226,20.65,22.2,20.5,22.12,21.45,0.67,3.1235,262503.36,572871.481
300691.SZ,20241225,20.8,22.23,20.62,21.45,20.8,0.65,3.125,220436.18,474023.185
300691.SZ,20241224,20.6,21.03,19.85,20.8,20.32,0.48,2.3622,107018.51,219018.943
300691.SZ,20241223,21.9,21.9,20.18,20.32,21.73,-1.41,-6.4887,154541.7,323789.97
300691.SZ,20241220,21.25,22.26,20.94,21.73,21.09,0.64,3.0346,208152.24,454258.903
300691.SZ,20241219,20.23,21.24,20.05,21.09,20.65,0.44,2.1308,115400.24,240724.816
300691.SZ,20241218,19.98,20.84,19.52,20.65,19.76,0.89,4.504,126976.76,257942.528
300691.SZ,20241217,20.62,20.78,19.68,19.76,20.84,-1.08,-5.1823,102493.76,205653.954
300691.SZ,20241216,21.25,21.77,20.51,20.84,21.42,-0.58,-2.7077,112876.0,238293.343
300691.SZ,20241213,21.5,21.97,21.21,21.42,21.76,-0.34,-1.5625,146387.8,315256.797
300691.SZ,20241212,22.8,22.99,21.5,21.76,22.51,-0.75,-3.3319,241625.19,528779.898
300691.SZ,20241211,20.85,22.62,20.75,22.51,21.01,1.5,7.1395,306968.74,674881.768
300691.SZ,20241210,21.33,21.8,20.91,21.01,20.81,0.2,0.9611,165113.28,352188.792
300691.SZ,20241209,21.56,21.58,20.45,20.81,21.64,-0.83,-3.8355,163036.0,341005.313
300691.SZ,20241206,21.49,22.5,20.98,21.64,21.5,0.14,0.6512,221594.22,478342.06
300691.SZ,20241205,20.3,21.77,20.28,21.5,20.56,0.94,4.572,236514.4,501646.812
300691.SZ,20241204,20.16,21.02,19.65,20.56,20.2,0.36,1.7822,135427.34,276172.306
300691.SZ,20241203,20.08,20.57,19.96,20.2,20.08,0.12,0.5976,78780.0,159753.412
300691.SZ,20241202,19.55,20.18,19.55,20.08,19.63,0.45,2.2924,80651.1,160969.677
300691.SZ,20241129,19.23,19.83,19.1,19.63,19.38,0.25,1.29,70009.01,136573.301
300691.SZ,20241128,19.85,20.18,19.36,19.38,19.95,-0.57,-2.8571,66615.94,131709.012
300691.SZ,20241127,19.13,19.98,18.61,19.95,19.23,0.72,3.7441,73067.5,140696.565
300691.SZ,20241126,19.84,19.95,19.14,19.23,19.84,-0.61,-3.0746,63315.0,123161.515
300691.SZ,20241125,19.6,19.84,19.04,19.84,19.57,0.27,1.3797,69043.95,134600.773
300691.SZ,20241122,20.64,21.02,19.51,19.57,20.85,-1.28,-6.1391,108810.35,221096.81
300691.SZ,20241121,20.27,21.3,19.95,20.85,20.58,0.27,1.312,152075.54,312884.315
300691.SZ,20241120,20.15,20.64,19.95,20.58,20.78,-0.2,-0.9625,138790.95,281663.053
300691.SZ,20241119,19.0,20.88,18.99,20.78,19.0,1.78,9.3684,177986.11,356645.07
300691.SZ,20241118,20.67,20.8,18.69,19.0,20.67,-1.67,-8.0793,114042.01,222701.737
300691.SZ,20241115,20.57,21.33,20.4,20.67,20.63,0.04,0.1939,94313.49,196515.721
300691.SZ,20241114,21.26,21.38,20.6,20.63,21.54,-0.91,-4.2247,97195.91,203595.147
300691.SZ,20241113,21.38,21.54,20.66,21.54,21.52,0.02,0.0929,109074.96,230305.445
300691.SZ,20241112,22.43,22.43,21.19,21.52,22.64,-1.12,-4.947,208579.74,455547.944
300691.SZ,20241111,21.7,22.79,21.7,22.64,21.65,0.99,4.5727,247956.64,552322.344
300691.SZ,20241108,21.23,21.96,21.0,21.65,20.97,0.68,3.2427,246837.57,530270.907
300691.SZ,20241107,20.7,20.97,20.31,20.97,21.21,-0.24,-1.1315,169448.32,350610.334
300691.SZ,20241106,21.36,21.77,20.8,21.21,21.2,0.01,0.0472,242772.1,516292.51
300691.SZ,20241105,20.51,21.37,20.51,21.2,20.3,0.9,4.4335,231425.92,487870.599
300691.SZ,20241104,19.54,20.92,19.05,20.3,19.75,0.55,2.7848,183572.14,368526.059
300691.SZ,20241101,21.17,22.22,19.7,19.75,21.17,-1.42,-6.7076,335526.27,712550.724
300691.SZ,20241031,19.8,23.0,19.8,21.17,19.76,1.41,7.1356,334437.97,720820.325
300691.SZ,20241030,19.48,20.12,19.42,19.76,19.8,-0.04,-0.202,109448.17,216114.688
300691.SZ,20241029,20.56,20.68,19.78,19.8,20.32,-0.52,-2.5591,145758.92,294655.658
300691.SZ,20241028,19.8,20.48,19.6,20.32,19.7,0.62,3.1472,137492.27,275538.177
300691.SZ,20241025,19.8,19.95,19.38,19.7,19.86,-0.16,-0.8056,122663.02,241070.433
300691.SZ,20241024,19.36,19.95,19.15,19.86,19.6,0.26,1.3265,112992.21,221678.427
300691.SZ,20241023,19.91,20.15,19.5,19.6,20.21,-0.61,-3.0183,148017.28,293877.191
300691.SZ,20241022,20.72,20.8,19.7,20.21,20.7,-0.49,-2.3671,214319.12,434252.407
300691.SZ,20241021,19.4,21.0,19.21,20.7,19.38,1.32,6.8111,326821.3,657331.59
300691.SZ,20241018,18.67,19.95,18.22,19.38,18.65,0.73,3.9142,240160.29,454695.412
300691.SZ,20241017,19.0,19.48,18.56,18.65,19.05,-0.4,-2.0997,175354.65,334781.385
300691.SZ,20241016,18.9,19.8,18.75,19.05,18.78,0.27,1.4377,185152.28,356641.444
300691.SZ,20241015,18.57,19.88,18.55,18.78,18.95,-0.17,-0.8971,136570.78,262791.296
300691.SZ,20241014,18.45,18.99,17.89,18.95,18.45,0.5,2.71,91613.19,170300.031
300691.SZ,20241011,19.21,19.4,18.11,18.45,19.43,-0.98,-5.0437,119300.48,221005.849
300691.SZ,20241010,19.58,20.3,19.0,19.43,19.25,0.18,0.9351,116305.79,229403.949
300691.SZ,20241009,21.0,21.82,19.25,19.25,23.01,-3.76,-16.3407,221274.47,461148.906
300691.SZ,20241008,23.25,23.47,21.39,23.01,19.84,3.17,15.9778,308531.92,697009.764
300691.SZ,20240930,18.02,20.28,17.28,19.84,17.25,2.59,15.0145,219822.89,412027.675
300691.SZ,20240927,16.7,17.72,16.6,17.25,16.53,0.72,4.3557,139542.43,238218.594
300691.SZ,20240926,16.22,16.55,16.03,16.53,16.39,0.14,0.8542,95182.12,155290.254
300691.SZ,20240925,16.33,16.9,16.31,16.39,16.66,-0.27,-1.6206,135347.04,224391.0
300691.SZ,20240924,16.14,16.72,15.83,16.66,16.33,0.33,2.0208,145479.25,238424.228
300691.SZ,20240923,15.7,16.36,15.48,16.33,15.87,0.46,2.8986,115047.77,183573.749
300691.SZ,20240920,15.6,16.03,15.5,15.87,15.75,0.12,0.7619,101260.0,159886.422
300691.SZ,20240919,15.66,15.86,15.24,15.75,16.04,-0.29,-1.808,132989.98,207282.177
300691.SZ,20240918,15.12,16.16,15.12,16.04,14.85,1.19,8.0135,145048.98,227286.8
300691.SZ,20240913,15.17,15.35,14.85,14.85,15.17,-0.32,-2.1094,36499.0,54795.403
300691.SZ,20240912,15.5,15.63,15.14,15.17,15.5,-0.33,-2.129,45381.68,69405.073
300691.SZ,20240911,15.6,15.79,15.31,15.5,15.73,-0.23,-1.4622,61434.2,95323.414
300691.SZ,20240910,15.42,15.86,15.04,15.73,15.4,0.33,2.1429,89200.83,138491.564
300691.SZ,20240909,15.5,15.72,15.09,15.4,15.08,0.32,2.122,67060.3,102940.133
300691.SZ,20240906,15.39,15.44,15.02,15.08,15.44,-0.36,-2.3316,39116.51,59384.304
300691.SZ,20240905,15.29,15.51,15.12,15.44,15.26,0.18,1.1796,42264.0,64796.943
300691.SZ,20240904,15.53,15.61,15.12,15.26,15.7,-0.44,-2.8025,54388.8,83320.524
300691.SZ,20240903,15.48,15.85,15.4,15.7,15.49,0.21,1.3557,57365.0,89776.708
300691.SZ,20240902,15.45,15.86,15.29,15.49,15.46,0.03,0.194,88903.98,138868.293
300691.SZ,20240830,15.04,15.8,15.03,15.46,15.02,0.44,2.9294,87664.81,136137.893
300691.SZ,20240829,14.52,15.15,14.3,15.02,14.58,0.44,3.0178,68621.27,102591.232
300691.SZ,20240828,14.07,14.6,14.07,14.58,14.33,0.25,1.7446,42305.8,60991.813
300691.SZ,20240827,14.8,14.88,14.27,14.33,14.9,-0.57,-3.8255,73584.98,106848.903
300691.SZ,20240826,14.84,15.17,14.51,14.9,14.92,-0.02,-0.134,67480.25,100366.419
300691.SZ,20240823,14.83,15.05,14.41,14.92,14.8,0.12,0.8108,79299.47,117213.582
300691.SZ,20240822,15.0,15.34,14.65,14.8,15.01,-0.21,-1.3991,86200.35,128662.619
300691.SZ,20240821,15.3,15.6,14.81,15.01,15.5,-0.49,-3.1613,122984.35,186281.776
300691.SZ,20240820,16.33,16.56,15.4,15.5,16.9,-1.4,-8.284,180775.31,288581.64
300691.SZ,20240819,18.89,18.89,16.25,16.9,18.9,-2.0,-10.582,290512.83,503581.78
300691.SZ,20240816,18.9,18.9,18.9,18.9,15.75,3.15,20.0,145581.22,275148.506
300691.SZ,20240815,15.0,16.22,15.0,15.75,15.1,0.65,4.3046,112963.96,176475.943
300691.SZ,20240814,14.56,15.4,14.52,15.1,14.59,0.51,3.4955,64446.14,96530.268
300691.SZ,20240813,14.17,14.8,14.02,14.59,14.08,0.51,3.6222,31061.8,44835.896
300691.SZ,20240812,14.16,14.26,14.01,14.08,14.27,-0.19,-1.3315,16973.0,23919.861
300691.SZ,20240809,14.34,14.44,14.21,14.27,14.2,0.07,0.493,12496.0,17859.576
300691.SZ,20240808,14.56,14.56,14.09,14.2,14.55,-0.35,-2.4055,18243.0,26018.368
300691.SZ,20240807,14.34,14.7,14.29,14.55,14.34,0.21,1.4644,20478.2,29748.567
300691.SZ,20240806,14.18,14.38,14.08,14.34,14.0,0.34,2.4286,25181.32,35827.96
300691.SZ,20240805,14.72,14.8,13.98,14.0,14.86,-0.86,-5.7873,44564.0,63627.812
300691.SZ,20240802,15.19,15.32,14.82,14.86,15.28,-0.42,-2.7487,25328.0,38121.148
300691.SZ,20240801,15.35,15.58,15.21,15.28,15.44,-0.16,-1.0363,31270.53,48031.126
300691.SZ,20240731,14.8,15.64,14.68,15.44,14.84,0.6,4.0431,65700.8,100626.284
300691.SZ,20240730,14.44,15.15,14.16,14.84,14.44,0.4,2.7701,39243.0,57586.21
300691.SZ,20240729,14.29,14.65,14.15,14.44,14.28,0.16,1.1204,18633.0,26845.672
300691.SZ,20240726,14.11,14.4,14.11,14.28,14.11,0.17,1.2048,16160.0,23048.035
300691.SZ,20240725,14.0,14.25,13.81,14.11,14.07,0.04,0.2843,22636.0,31785.067
300691.SZ,20240724,14.48,14.53,14.03,14.07,14.48,-0.41,-2.8315,26463.6,37649.683
300691.SZ,20240723,14.92,15.02,14.45,14.48,15.12,-0.64,-4.2328,32219.0,47500.614
300691.SZ,20240722,14.66,15.18,14.61,15.12,14.85,0.27,1.8182,35631.0,53290.521
300691.SZ,20240719,14.59,15.06,14.41,14.85,14.61,0.24,1.6427,30532.0,45391.932
300691.SZ,20240718,14.37,14.82,14.03,14.61,14.42,0.19,1.3176,32635.6,46987.411
300691.SZ,20240717,14.88,14.91,14.41,14.42,14.96,-0.54,-3.6096,28420.0,41383.576
300691.SZ,20240716,14.75,15.05,14.63,14.96,14.74,0.22,1.4925,22727.08,33788.98
300691.SZ,20240715,15.05,15.05,14.6,14.74,14.96,-0.22,-1.4706,19003.0,28093.719
300691.SZ,20240712,15.04,15.18,14.89,14.96,15.24,-0.28,-1.8373,26176.0,39257.584
300691.SZ,20240711,15.08,15.26,14.95,15.24,14.97,0.27,1.8036,48415.0,73377.856
300691.SZ,20240710,14.9,15.32,14.62,14.97,14.58,0.39,2.6749,65977.86,99574.763
300691.SZ,20240709,13.66,14.6,13.63,14.58,13.66,0.92,6.735,42181.96,60002.619
300691.SZ,20240708,14.06,14.2,13.59,13.66,14.15,-0.49,-3.4629,17112.0,23726.052
300691.SZ,20240705,13.99,14.29,13.67,14.15,13.98,0.17,1.216,18773.0,26206.924
300691.SZ,20240704,14.38,14.58,13.93,13.98,14.44,-0.46,-3.1856,25167.8,35640.214
300691.SZ,20240703,14.85,14.85,14.37,14.44,14.76,-0.32,-2.168,18385.0,26681.689
300691.SZ,20240702,14.85,15.03,14.65,14.76,14.85,-0.09,-0.6061,21119.0,31328.372
300691.SZ,20240701,15.0,15.08,14.48,14.85,15.05,-0.2,-1.3289,29605.0,43595.822
300691.SZ,20240628,14.65,15.25,14.52,15.05,14.73,0.32,2.1724,30071.81,45216.725
300691.SZ,20240627,14.84,15.25,14.67,14.73,14.94,-0.21,-1.4056,32460.53,48717.87
300691.SZ,20240626,14.05,14.95,14.02,14.94,14.18,0.76,5.3597,27511.56,40029.34
300691.SZ,20240625,14.43,14.59,14.07,14.18,14.44,-0.26,-1.8006,29924.56,42739.75
300691.SZ,20240624,15.0,15.15,14.4,14.44,15.24,-0.8,-5.2493,37918.33,55676.255
300691.SZ,20240621,15.0,15.37,14.62,15.24,15.11,0.13,0.8604,37439.76,56351.474
300691.SZ,20240620,15.41,15.93,15.11,15.11,15.4,-0.29,-1.8831,51156.0,79118.659
300691.SZ,20240619,15.56,15.68,15.29,15.4,15.58,-0.18,-1.1553,25833.84,39940.883
300691.SZ,20240618,15.39,15.64,15.39,15.58,15.4,0.18,1.1688,25067.12,38925.765
300691.SZ,20240617,15.11,15.57,15.04,15.4,15.2,0.2,1.3158,27356.56,42116.762
300691.SZ,20240614,15.12,15.23,14.86,15.2,15.16,0.04,0.2639,27698.0,41688.207
300691.SZ,20240613,15.28,15.47,15.09,15.16,15.28,-0.12,-0.7853,25303.0,38707.593
300691.SZ,20240612,15.13,15.39,15.05,15.28,15.15,0.13,0.8581,35533.0,54230.109
300691.SZ,20240611,14.32,15.15,13.92,15.15,14.38,0.77,5.3547,41907.83,61732.385
300691.SZ,20240607,14.39,14.74,14.25,14.38,14.22,0.16,1.1252,27919.0,40261.952
300691.SZ,20240606,14.95,15.19,14.14,14.22,14.88,-0.66,-4.4355,49862.5,72301.363
300691.SZ,20240605,15.1,15.58,14.78,14.88,15.2,-0.32,-2.1053,50224.52,75636.203
300691.SZ,20240604,15.97,16.0,14.92,15.2,16.15,-0.95,-5.8824,79788.86,121751.495
300691.SZ,20240603,15.88,16.24,15.65,16.15,15.9,0.25,1.5723,77087.64,123649.031
300691.SZ,20240531,15.26,16.66,15.19,15.9,15.27,0.63,4.1257,88247.44,141866.883
300691.SZ,20240530,15.13,15.49,14.9,15.27,15.22,0.05,0.3285,22945.0,35014.247
300691.SZ,20240529,14.9,15.5,14.9,15.22,15.02,0.2,1.3316,25794.0,39346.561
300691.SZ,20240528,15.34,15.62,15.07,15.17,15.46,-0.29,-1.8758,33828.0,51828.883
300691.SZ,20240527,15.14,15.59,14.71,15.46,15.08,0.38,2.5199,40982.77,62052.454
300691.SZ,20240524,15.54,15.54,15.07,15.08,15.56,-0.48,-3.0848,21267.45,32446.909
300691.SZ,20240523,15.91,15.96,15.53,15.56,15.92,-0.36,-2.2613,20905.71,32826.8
300691.SZ,20240522,15.64,15.95,15.56,15.92,15.66,0.26,1.6603,25932.8,41052.251
300691.SZ,20240521,15.5,15.74,15.32,15.66,15.55,0.11,0.7074,22150.6,34471.808
300691.SZ,20240520,15.63,16.08,15.5,15.55,15.55,0.0,0.0,34091.05,53580.533
300691.SZ,20240517,14.96,15.55,14.88,15.55,15.0,0.55,3.6667,32310.49,49515.815
300691.SZ,20240516,15.04,15.31,14.95,15.0,15.09,-0.09,-0.5964,22119.66,33499.469
300691.SZ,20240515,15.14,15.38,14.9,15.09,15.14,-0.05,-0.3303,26001.01,39422.892
300691.SZ,20240514,15.03,15.4,14.95,15.14,14.93,0.21,1.4066,20850.69,31633.531
300691.SZ,20240513,15.32,15.32,14.8,14.93,15.48,-0.55,-3.553,29884.0,44845.548
300691.SZ,20240510,15.92,15.96,15.43,15.48,15.89,-0.41,-2.5802,24381.92,37946.184
300691.SZ,20240509,15.58,15.97,15.57,15.89,15.73,0.16,1.0172,21289.06,33800.779
300691.SZ,20240508,16.11,16.14,15.7,15.73,16.16,-0.43,-2.6609,28966.72,45907.553
300691.SZ,20240507,16.2,16.43,16.1,16.16,16.24,-0.08,-0.4926,29270.0,47515.448
300691.SZ,20240506,16.6,16.74,16.14,16.24,16.4,-0.16,-0.9756,44050.1,72238.011
300691.SZ,20240430,16.04,16.45,15.82,16.4,16.05,0.35,2.1807,52595.04,84862.596
300691.SZ,20240429,15.68,16.06,15.62,16.05,15.51,0.54,3.4816,41096.49,65327.642
300691.SZ,20240426,15.0,15.68,14.61,15.51,15.66,-0.15,-0.9579,62205.49,95285.35
300691.SZ,20240425,15.45,15.8,15.37,15.66,15.61,0.05,0.3203,41922.53,65302.618
300691.SZ,20240424,14.99,15.8,14.86,15.61,14.88,0.73,4.9059,55844.71,86076.207
300691.SZ,20240423,14.7,14.91,14.6,14.88,14.63,0.25,1.7088,33142.2,49006.859
300691.SZ,20240422,14.68,14.85,14.3,14.63,14.99,-0.36,-2.4016,39491.12,57616.433
300691.SZ,20240419,15.48,15.68,14.45,14.99,15.09,-0.1,-0.6627,78272.22,117647.491
300691.SZ,20240418,14.92,15.32,14.4,15.09,14.79,0.3,2.0284,47751.66,71034.067
300691.SZ,20240417,13.9,14.82,13.9,14.79,13.59,1.2,8.83,42773.98,61994.572
300691.SZ,20240416,14.5,14.63,13.55,13.59,14.71,-1.12,-7.6139,47075.01,65235.114
300691.SZ,20240415,15.23,15.42,14.36,14.71,15.3,-0.59,-3.8562,42713.85,63219.461
300691.SZ,20240412,15.3,15.75,15.25,15.3,15.39,-0.09,-0.5848,26170.46,40498.421
300691.SZ,20240411,15.34,15.7,15.24,15.39,15.39,0.0,0.0,24973.81,38763.63
300691.SZ,20240410,16.01,16.09,15.28,15.39,16.1,-0.71,-4.4099,36197.12,56367.862
300691.SZ,20240409,15.83,16.15,15.71,16.1,15.87,0.23,1.4493,32832.84,52326.975
300691.SZ,20240408,16.08,16.3,15.86,15.87,16.29,-0.42,-2.5783,34241.77,54997.949
300691.SZ,20240403,16.76,16.76,15.97,16.29,16.79,-0.5,-2.978,45731.99,74303.736
300691.SZ,20240402,17.15,17.15,16.67,16.79,17.2,-0.41,-2.3837,41781.58,70367.391
300691.SZ,20240401,16.77,17.45,16.7,17.2,16.67,0.53,3.1794,48697.0,83589.45
300691.SZ,20240329,16.45,16.7,16.13,16.67,16.49,0.18,1.0916,38767.72,63588.524
300691.SZ,20240328,15.78,16.7,15.72,16.49,15.8,0.69,4.3671,52711.17,86310.412
300691.SZ,20240327,16.9,16.97,15.8,15.8,16.84,-1.04,-6.1758,51544.35,83852.807
300691.SZ,20240326,17.18,17.35,16.65,16.84,17.16,-0.32,-1.8648,48774.14,82889.759
300691.SZ,20240325,17.95,18.25,17.12,17.16,17.93,-0.77,-4.2945,64751.25,115082.351
300691.SZ,20240322,18.2,18.36,17.8,17.93,18.15,-0.22,-1.2121,57103.77,103030.51
300691.SZ,20240321,18.49,18.56,18.05,18.15,18.38,-0.23,-1.2514,53774.35,98107.482
300691.SZ,20240320,18.57,18.77,18.27,18.38,18.4,-0.02,-0.1087,51497.56,94776.029
300691.SZ,20240319,18.34,18.7,18.11,18.4,18.4,0.0,0.0,64539.54,118992.691
300691.SZ,20240318,18.0,18.58,17.98,18.4,17.74,0.66,3.7204,84305.53,154329.344
300691.SZ,20240315,17.26,17.74,17.19,17.74,17.34,0.4,2.3068,37236.0,65161.864
300691.SZ,20240314,17.65,17.83,17.1,17.34,17.74,-0.4,-2.2548,43407.17,75579.674
300691.SZ,20240313,17.8,18.06,17.62,17.74,17.71,0.03,0.1694,48980.13,87472.246
300691.SZ,20240312,17.45,17.77,17.31,17.71,17.37,0.34,1.9574,54961.68,96514.06
300691.SZ,20240311,17.24,17.37,17.0,17.37,17.32,0.05,0.2887,44504.98,76499.633
300691.SZ,20240308,17.0,17.34,16.78,17.32,17.0,0.32,1.8824,48607.67,83340.612
300691.SZ,20240307,17.64,17.88,16.99,17.0,17.55,-0.55,-3.1339,59925.35,104375.024
300691.SZ,20240306,17.5,17.85,17.17,17.55,17.58,-0.03,-0.1706,53189.54,92962.895
300691.SZ,20240305,17.5,17.94,17.3,17.58,17.7,-0.12,-0.678,69442.13,122889.441
300691.SZ,20240304,17.75,17.96,17.17,17.7,17.75,-0.05,-0.2817,64757.84,113594.084
300691.SZ,20240301,17.34,17.86,17.21,17.75,17.19,0.56,3.2577,86919.38,152866.698
300691.SZ,20240229,16.19,17.28,16.19,17.19,16.11,1.08,6.7039,87215.78,147488.358
300691.SZ,20240228,17.68,17.75,16.1,16.11,17.52,-1.41,-8.0479,104316.48,176945.195
300691.SZ,20240227,16.91,17.52,16.79,17.52,17.15,0.37,2.1574,70575.65,121329.189
300691.SZ,20240226,17.03,17.48,16.6,17.15,16.88,0.27,1.5995,81990.72,140281.364
300691.SZ,20240223,16.37,16.95,16.3,16.88,16.37,0.51,3.1155,69713.54,116018.499
300691.SZ,20240222,15.96,16.54,15.9,16.37,15.91,0.46,2.8913,65721.96,106874.047
300691.SZ,20240221,15.82,16.48,15.65,15.91,15.94,-0.03,-0.1882,67906.67,109444.189
300691.SZ,20240220,15.73,16.0,15.5,15.94,15.92,0.02,0.1256,52739.51,83422.615
300691.SZ,20240219,15.2,16.27,15.2,15.92,15.2,0.72,4.7368,91545.79,144934.777
300691.SZ,20240208,13.86,15.2,13.82,15.2,13.49,1.71,12.6761,85776.81,125431.753
300691.SZ,20240207,13.97,14.37,13.36,13.49,13.96,-0.47,-3.3668,68513.28,95202.854
300691.SZ,20240206,12.9,14.31,12.4,13.96,13.17,0.79,5.9985,81821.09,108951.942
300691.SZ,20240205,14.8,14.8,13.12,13.17,14.92,-1.75,-11.7292,92132.86,126501.242
300691.SZ,20240202,15.78,15.99,14.36,14.92,15.69,-0.77,-4.9076,75513.37,114077.866
300691.SZ,20240201,15.58,16.25,15.28,15.69,15.82,-0.13,-0.8217,54516.49,85833.874
300691.SZ,20240131,16.07,16.64,15.44,15.82,16.2,-0.38,-2.3457,74080.85,117904.966
300691.SZ,20240130,17.09,17.19,16.15,16.2,17.02,-0.82,-4.8179,65201.06,108394.843
300691.SZ,20240129,18.3,18.5,17.01,17.02,18.38,-1.36,-7.3993,96079.76,167862.044
300691.SZ,20240126,19.11,19.16,18.25,18.38,18.95,-0.57,-3.0079,73408.52,136710.722
300691.SZ,20240125,18.73,19.1,18.01,18.95,18.77,0.18,0.959,86856.64,162262.623
300691.SZ,20240124,19.5,19.77,17.9,18.77,19.43,-0.66,-3.3968,114030.9,212779.196
300691.SZ,20240123,18.89,19.77,18.11,19.43,20.08,-0.65,-3.2371,101187.18,194227.923
300691.SZ,20240122,20.4,21.04,19.77,20.08,20.42,-0.34,-1.665,122409.41,252055.762
300691.SZ,20240119,20.5,20.83,20.07,20.42,20.6,-0.18,-0.8738,86686.41,177210.157
300691.SZ,20240118,19.32,20.69,19.23,20.6,19.55,1.05,5.3708,97126.94,193639.175
300691.SZ,20240117,20.15,20.48,19.53,19.55,20.29,-0.74,-3.6471,66645.05,133129.792
300691.SZ,20240116,19.78,20.31,19.42,20.29,19.77,0.52,2.6302,91903.13,184325.511
300691.SZ,20240115,19.29,19.9,19.21,19.77,19.52,0.25,1.2807,52441.34,103230.145
300691.SZ,20240112,20.23,20.39,19.5,19.52,20.5,-0.98,-4.7805,104354.36,207559.656
300691.SZ,20240111,19.88,20.55,19.84,20.5,20.02,0.48,2.3976,80268.47,163002.585
300691.SZ,20240110,20.2,20.39,19.74,20.02,20.0,0.02,0.1,82005.15,164871.865
300691.SZ,20240109,21.3,21.6,19.41,20.0,21.67,-1.67,-7.7065,167869.81,341988.036
300691.SZ,20240108,21.25,21.97,21.12,21.67,21.55,0.12,0.5568,150676.68,327387.609
300691.SZ,20240105,21.1,21.72,20.81,21.55,21.2,0.35,1.6509,144931.75,307846.417
300691.SZ,20240104,21.59,21.6,21.05,21.2,21.6,-0.4,-1.8519,96951.86,205984.887
300691.SZ,20240103,22.3,22.33,21.24,21.6,22.45,-0.85,-3.7862,189348.41,411127.208
300691.SZ,20240102,23.07,23.29,22.45,22.45,23.19,-0.74,-3.191,195282.92,444623.323
300691.SZ,20231229,21.84,24.2,21.67,23.19,21.92,1.27,5.7938,303098.59,698689.97
300691.SZ,20231228,21.15,22.54,21.03,21.92,21.61,0.31,1.4345,248034.03,540058.027
300691.SZ,20231227,20.63,21.61,20.2,21.61,20.79,0.82,3.9442,234151.82,493619.78
300691.SZ,20231226,21.0,21.15,20.38,20.79,21.16,-0.37,-1.7486,172302.54,357959.705
300691.SZ,20231225,20.4,21.16,19.88,21.16,20.17,0.99,4.9083,201235.27,415819.082
300691.SZ,20231222,20.94,21.2,19.87,20.17,21.1,-0.93,-4.4076,169022.13,345344.099
300691.SZ,20231221,21.31,21.58,20.57,21.1,21.4,-0.3,-1.4019,207362.38,433746.011
300691.SZ,20231220,19.31,22.6,19.31,21.4,19.22,2.18,11.3424,329185.55,691156.831
300691.SZ,20231219,19.01,19.35,18.77,19.22,19.14,0.08,0.418,70084.47,134017.71
300691.SZ,20231218,19.7,20.0,18.98,19.14,20.08,-0.94,-4.6813,141369.13,273343.471
300691.SZ,20231215,18.85,20.77,18.85,20.08,18.93,1.15,6.075,184635.15,369540.979
300691.SZ,20231214,19.45,19.5,18.91,18.93,19.32,-0.39,-2.0186,64256.62,122840.79
300691.SZ,20231213,19.83,19.85,19.25,19.32,19.87,-0.55,-2.768,67002.17,130385.026
300691.SZ,20231212,19.81,20.2,19.65,19.87,19.9,-0.03,-0.1508,69802.92,138933.8
300691.SZ,20231211,19.3,20.13,19.04,19.9,19.48,0.42,2.1561,101736.5,201233.299
300691.SZ,20231208,19.15,19.99,19.15,19.48,19.28,0.2,1.0373,85073.37,167305.504
300691.SZ,20231207,18.95,19.47,18.83,19.28,19.16,0.12,0.6263,77317.05,148813.798
300691.SZ,20231206,19.19,19.65,18.95,19.16,19.43,-0.27,-1.3896,114908.66,221106.518
300691.SZ,20231205,20.92,20.93,19.41,19.43,20.91,-1.48,-7.078,179391.44,359200.3
300691.SZ,20231204,20.65,20.91,20.25,20.91,20.7,0.21,1.0145,123138.95,253346.375
300691.SZ,20231201,21.02,21.06,20.2,20.7,21.38,-0.68,-3.1805,176677.38,364756.618
300691.SZ,20231130,20.35,21.78,20.1,21.38,20.61,0.77,3.7361,275595.24,580703.862
300691.SZ,20231129,20.4,21.44,20.29,20.61,20.47,0.14,0.6839,193379.41,402495.692
300691.SZ,20231128,20.7,20.71,20.06,20.47,20.77,-0.3,-1.4444,170768.1,347647.205
300691.SZ,20231127,18.94,21.0,18.91,20.77,18.95,1.82,9.6042,258206.55,523458.9
300691.SZ,20231124,19.6,19.7,18.79,18.95,19.59,-0.64,-3.267,64048.25,122249.082
300691.SZ,20231123,18.81,19.71,18.74,19.59,18.9,0.69,3.6508,72493.51,140208.587
300691.SZ,20231122,19.39,19.43,18.79,18.9,19.39,-0.49,-2.5271,65715.58,125208.762
300691.SZ,20231121,19.94,20.06,19.32,19.39,20.02,-0.63,-3.1469,98590.5,193075.578
300691.SZ,20231120,20.13,20.18,19.8,20.02,19.99,0.03,0.1501,83842.45,167393.466
300691.SZ,20231117,20.01,20.47,19.82,19.99,20.16,-0.17,-0.8433,118684.29,238152.482
300691.SZ,20231116,19.97,20.91,19.82,20.16,19.91,0.25,1.2557,170198.19,347628.266
300691.SZ,20231115,20.4,20.44,19.8,19.91,20.29,-0.38,-1.8728,93556.48,187082.92
300691.SZ,20231114,19.76,20.43,19.6,20.29,19.86,0.43,2.1652,125511.45,252914.856
300691.SZ,20231113,19.72,20.0,19.5,19.86,19.5,0.36,1.8462,82043.46,162073.476
300691.SZ,20231110,19.3,19.91,19.16,19.5,19.45,0.05,0.2571,95000.85,185030.575
300691.SZ,20231109,20.0,20.29,19.33,19.45,19.99,-0.54,-2.7014,110877.01,218099.322
300691.SZ,20231108,20.1,20.37,19.6,19.99,20.06,-0.07,-0.349,165286.46,329382.384
300691.SZ,20231107,18.86,20.19,18.76,20.06,18.85,1.21,6.4191,180891.11,357692.762
300691.SZ,20231106,18.54,18.87,18.52,18.85,18.41,0.44,2.39,61345.99,114780.93
300691.SZ,20231103,17.72,18.52,17.72,18.41,17.69,0.72,4.0701,60808.91,111289.618
300691.SZ,20231102,18.31,18.37,17.65,17.69,18.2,-0.51,-2.8022,48051.17,86187.846
300691.SZ,20231101,18.24,18.46,18.01,18.2,18.27,-0.07,-0.3831,51234.0,93489.882
300691.SZ,20231031,18.43,18.57,18.03,18.27,18.63,-0.36,-1.9324,68586.83,125387.982
300691.SZ,20231030,18.2,18.72,18.09,18.63,17.99,0.64,3.5575,97334.14,179355.267
300691.SZ,20231027,17.78,18.19,17.27,17.99,17.78,0.21,1.1811,83533.79,148440.132
300691.SZ,20231026,17.44,17.78,17.17,17.78,17.6,0.18,1.0227,64748.0,113307.538
300691.SZ,20231025,17.6,17.7,17.31,17.6,17.57,0.03,0.1707,77518.33,135703.032
300691.SZ,20231024,17.65,17.95,17.21,17.57,17.54,0.03,0.171,70011.0,122827.841
300691.SZ,20231023,17.6,18.25,17.34,17.54,18.21,-0.67,-3.6793,73711.77,129942.551
300691.SZ,20231020,18.72,19.25,18.12,18.21,18.99,-0.78,-4.1074,83885.0,155262.789
300691.SZ,20231019,19.17,19.62,18.93,18.99,19.07,-0.08,-0.4195,64205.03,124035.899
300691.SZ,20231018,19.27,19.37,18.88,19.07,19.38,-0.31,-1.5996,47568.23,90718.063
300691.SZ,20231017,19.45,19.46,19.06,19.38,19.36,0.02,0.1033,51461.21,98922.096
300691.SZ,20231016,19.9,19.97,19.25,19.36,19.97,-0.61,-3.0546,87764.71,171004.854
300691.SZ,20231013,19.61,20.19,19.46,19.97,19.51,0.46,2.3578,102830.91,204856.065
300691.SZ,20231012,19.51,19.89,19.36,19.51,19.53,-0.02,-0.1024,108967.56,213650.117
300691.SZ,20231011,19.1,19.76,18.88,19.53,19.09,0.44,2.3049,111510.13,216293.532
300691.SZ,20231010,19.17,19.3,18.84,19.09,19.17,-0.08,-0.4173,66947.75,127901.486
300691.SZ,20231009,18.85,19.33,18.85,19.17,18.95,0.22,1.1609,89457.49,170758.695
300691.SZ,20230928,17.66,19.05,17.6,18.95,17.64,1.31,7.4263,105873.92,195345.317
300691.SZ,20230927,17.87,17.97,17.58,17.64,17.93,-0.29,-1.6174,54165.0,96058.331
300691.SZ,20230926,18.08,18.14,17.71,17.93,18.15,-0.22,-1.2121,60513.12,108491.421
300691.SZ,20230925,18.07,18.4,17.9,18.15,18.06,0.09,0.4983,89818.95,163338.41
300691.SZ,20230922,17.71,18.08,17.62,18.06,17.82,0.24,1.3468,61761.28,110763.849
300691.SZ,20230921,17.79,17.97,17.52,17.82,17.81,0.01,0.0561,57007.28,101266.485
300691.SZ,20230920,18.1,18.34,17.79,17.81,18.21,-0.4,-2.1966,65073.81,117047.837
300691.SZ,20230919,18.86,18.96,18.1,18.21,18.65,-0.44,-2.3592,89203.43,163846.995
300691.SZ,20230918,19.38,19.38,18.63,18.65,19.88,-1.23,-6.1871,151985.67,286492.372
300691.SZ,20230915,19.17,20.03,18.84,19.88,18.95,0.93,4.9077,194901.34,382925.762
300691.SZ,20230914,18.74,19.28,18.41,18.95,18.98,-0.03,-0.1581,106572.13,200882.592
300691.SZ,20230913,19.2,19.47,18.59,18.98,19.77,-0.79,-3.996,190881.1,362670.627
300691.SZ,20230912,19.62,20.35,19.62,19.77,20.09,-0.32,-1.5928,184567.4,366588.922
300691.SZ,20230911,20.53,20.94,19.55,20.09,19.9,0.19,0.9548,290888.08,590034.355
300691.SZ,20230908,18.99,20.2,18.83,19.9,18.76,1.14,6.0768,217684.52,428626.49
300691.SZ,20230907,18.94,19.06,18.65,18.76,19.12,-0.36,-1.8828,100507.96,189339.318
300691.SZ,20230906,18.19,19.49,18.11,19.12,18.31,0.81,4.4238,130236.3,246370.813
300691.SZ,20230905,18.02,18.44,17.9,18.31,18.02,0.29,1.6093,60828.86,111324.526
300691.SZ,20230904,18.14,18.27,17.87,18.02,18.12,-0.1,-0.5519,50790.96,91550.903
300691.SZ,20230901,18.57,18.6,18.06,18.12,18.57,-0.45,-2.4233,49773.49,90841.949
300691.SZ,20230831,18.18,18.7,18.04,18.57,18.27,0.3,1.642,81725.05,150746.104
300691.SZ,20230830,17.81,18.4,17.81,18.27,17.9,0.37,2.067,97492.64,176817.52
300691.SZ,20230829,16.02,18.06,16.02,17.9,15.93,1.97,12.3666,108751.08,188424.577
300691.SZ,20230828,16.5,16.69,15.87,15.93,15.69,0.24,1.5296,48591.0,78279.965
300691.SZ,20230825,16.66,16.69,15.65,15.69,16.78,-1.09,-6.4958,67418.69,107770.305
300691.SZ,20230824,16.64,16.81,16.3,16.78,16.78,0.0,0.0,46967.29,78099.587
300691.SZ,20230823,16.88,17.0,16.5,16.78,16.78,0.0,0.0,55368.0,92639.514
300691.SZ,20230822,16.72,16.82,16.39,16.78,16.79,-0.01,-0.0596,40536.02,67345.814
300691.SZ,20230821,16.75,17.03,16.55,16.79,16.95,-0.16,-0.944,46005.34,76977.503
300691.SZ,20230818,17.25,17.52,16.8,16.95,17.32,-0.37,-2.1363,56771.0,96979.68
300691.SZ,20230817,17.46,17.66,17.12,17.32,17.6,-0.28,-1.5909,53139.24,92312.932
300691.SZ,20230816,17.86,18.05,17.53,17.6,17.94,-0.34,-1.8952,44441.6,79025.442
300691.SZ,20230815,17.6,18.2,17.52,17.94,17.55,0.39,2.2222,65043.78,116383.367
300691.SZ,20230814,17.7,17.93,17.37,17.55,17.85,-0.3,-1.6807,62836.0,110434.793
300691.SZ,20230811,18.5,18.6,17.8,17.85,18.52,-0.67,-3.6177,86529.01,156936.715
300691.SZ,20230810,18.36,18.78,18.25,18.52,18.29,0.23,1.2575,70272.02,130090.9
300691.SZ,20230809,18.29,18.55,18.2,18.29,18.45,-0.16,-0.8672,76293.53,139814.024
300691.SZ,20230808,17.89,18.48,17.89,18.45,18.1,0.35,1.9337,108059.02,197004.348
300691.SZ,20230807,17.8,18.17,17.65,18.1,17.8,0.3,1.6854,107266.55,193102.505
300691.SZ,20230804,17.0,17.83,16.95,17.8,17.03,0.77,4.5214,129241.52,226887.722
300691.SZ,20230803,16.8,17.22,16.62,17.03,16.78,0.25,1.4899,68962.77,117046.068
300691.SZ,20230802,16.65,16.8,16.52,16.78,16.76,0.02,0.1193,48724.74,81238.927
300691.SZ,20230801,16.4,16.95,16.28,16.76,16.42,0.34,2.0706,79391.62,132554.648
300691.SZ,20230731,16.08,16.46,16.02,16.42,16.17,0.25,1.5461,44999.49,73394.235
300691.SZ,20230728,16.08,16.24,15.66,16.17,16.2,-0.03,-0.1852,61749.12,98451.311
300691.SZ,20230727,16.16,16.56,16.15,16.2,16.11,0.09,0.5587,46499.98,76098.86
300691.SZ,20230726,16.7,16.7,16.0,16.11,16.69,-0.58,-3.4751,65705.84,107044.188
300691.SZ,20230725,16.33,16.74,16.33,16.69,16.18,0.51,3.152,71079.89,117883.93
300691.SZ,20230724,16.15,16.33,16.05,16.18,16.15,0.03,0.1858,44125.66,71428.614
300691.SZ,20230721,16.32,16.61,16.09,16.15,16.43,-0.28,-1.7042,84670.96,138222.372
300691.SZ,20230720,16.78,16.96,16.4,16.43,16.97,-0.54,-3.1821,97701.78,162436.425
300691.SZ,20230719,16.53,16.99,16.41,16.97,16.53,0.44,2.6618,121588.67,203176.724
300691.SZ,20230718,16.7,16.93,16.5,16.53,16.79,-0.26,-1.5485,118063.49,196552.704
300691.SZ,20230717,17.27,17.4,16.59,16.79,17.77,-0.98,-5.5149,234236.06,395699.957
300691.SZ,20230714,18.35,18.69,17.72,17.77,20.35,-2.58,-12.6781,415785.48,753554.1
300691.SZ,20230713,19.6,20.35,19.11,20.35,19.5,0.85,4.359,415954.95,824693.765
300691.SZ,20230712,18.51,21.0,18.51,19.5,18.5,1.0,5.4054,443330.3,877313.605
300691.SZ,20230711,18.39,18.69,17.95,18.5,18.79,-0.29,-1.5434,215566.35,394845.2
300691.SZ,20230710,17.73,18.8,17.73,18.79,17.61,1.18,6.7007,236961.1,436535.811
300691.SZ,20230707,18.18,18.44,17.55,17.61,18.38,-0.77,-4.1893,144938.69,258780.159
300691.SZ,20230706,17.9,18.45,17.28,18.38,17.81,0.57,3.2004,187566.13,337786.16
300691.SZ,20230705,18.18,18.92,17.77,17.81,18.04,-0.23,-1.2749,226000.31,413447.718
300691.SZ,20230704,17.15,18.15,17.09,18.04,17.19,0.85,4.9447,132114.19,234763.348
300691.SZ,20230703,17.7,17.82,17.13,17.19,17.62,-0.43,-2.4404,60086.0,104343.039
300691.SZ,20230630,17.22,17.63,17.05,17.62,17.28,0.34,1.9676,67827.01,118320.776
300691.SZ,20230629,16.38,17.36,16.38,17.28,16.32,0.96,5.8824,68263.94,116201.246
300691.SZ,20230628,16.67,16.8,15.82,16.32,16.72,-0.4,-2.3923,46597.0,75157.511
300691.SZ,20230627,16.44,16.83,16.35,16.72,16.41,0.31,1.8891,34610.71,57698.93
300691.SZ,20230626,16.99,17.21,16.37,16.41,17.14,-0.73,-4.259,52646.56,87851.364
300691.SZ,20230621,17.65,17.65,17.06,17.14,17.42,-0.28,-1.6073,49058.65,84595.544
300691.SZ,20230620,17.53,17.6,17.19,17.42,17.53,-0.11,-0.6275,58021.0,100829.064
300691.SZ,20230619,17.4,17.68,17.3,17.53,17.41,0.12,0.6893,77953.55,136499.291
300691.SZ,20230616,16.83,17.41,16.7,17.41,17.07,0.34,1.9918,59090.84,101437.141
300691.SZ,20230615,17.1,17.46,16.97,17.07,17.08,-0.01,-0.0585,65581.6,112569.084
300691.SZ,20230614,17.0,17.22,16.85,17.18,17.07,0.11,0.6444,47823.01,81688.675
300691.SZ,20230613,16.99,17.15,16.86,17.07,17.18,-0.11,-0.6403,48669.04,82824.733
300691.SZ,20230612,16.82,17.34,16.68,17.18,16.6,0.58,3.494,80181.61,136772.698
300691.SZ,20230609,16.26,16.7,16.13,16.6,16.33,0.27,1.6534,51777.95,84988.93
300691.SZ,20230608,16.51,16.65,16.16,16.33,16.56,-0.23,-1.3889,42225.18,69016.818
300691.SZ,20230607,16.49,16.86,16.39,16.56,16.55,0.01,0.0604,48490.83,80633.066
300691.SZ,20230606,16.9,17.1,16.45,16.55,17.07,-0.52,-3.0463,99914.15,167357.65
300691.SZ,20230605,17.0,17.38,16.85,17.07,17.45,-0.38,-2.1777,102125.05,175491.944
300691.SZ,20230602,17.25,17.61,16.99,17.45,17.01,0.44,2.5867,160628.47,279261.96
300691.SZ,20230601,17.02,17.12,16.7,17.01,16.72,0.29,1.7344,74441.32,126231.268
300691.SZ,20230531,16.82,17.12,16.61,16.72,16.86,-0.14,-0.8304,76609.62,128767.596
300691.SZ,20230530,16.28,17.05,16.18,16.86,16.37,0.49,2.9933,95818.45,159326.023
300691.SZ,20230529,16.51,16.79,16.25,16.37,16.53,-0.16,-0.9679,79087.91,130272.024
300691.SZ,20230526,16.15,16.84,15.98,16.53,16.13,0.4,2.4799,90985.58,150001.045
300691.SZ,20230525,16.24,16.49,15.88,16.13,16.3,-0.17,-1.0429,58341.59,94039.572
300691.SZ,20230524,16.19,16.42,15.95,16.3,16.36,-0.06,-0.3667,68430.5,110948.593
300691.SZ,20230523,15.97,16.52,15.86,16.36,16.05,0.31,1.9315,119359.57,194974.411
300691.SZ,20230522,15.56,16.05,15.5,16.05,15.62,0.43,2.7529,72564.99,115023.257
300691.SZ,20230519,15.73,16.1,15.55,15.62,15.86,-0.24,-1.5132,60737.41,95849.305
300691.SZ,20230518,15.08,15.9,15.06,15.86,15.06,0.8,5.3121,81491.97,127234.298
300691.SZ,20230517,15.0,15.13,14.9,15.06,15.06,0.0,0.0,25679.41,38559.812
300691.SZ,20230516,14.6,15.13,14.51,15.06,14.68,0.38,2.5886,42780.57,63499.434
300691.SZ,20230515,14.4,14.73,14.26,14.68,14.42,0.26,1.8031,27757.72,40176.044
300691.SZ,20230512,14.45,14.66,14.36,14.42,14.53,-0.11,-0.7571,24465.89,35481.73
300691.SZ,20230511,14.1,14.72,14.05,14.53,14.24,0.29,2.0365,46059.04,66837.826
300691.SZ,20230510,15.01,15.05,14.09,14.24,15.79,-1.55,-9.8163,92774.67,134631.824
300691.SZ,20230509,15.48,16.16,15.15,15.79,15.51,0.28,1.8053,75916.99,119374.038
300691.SZ,20230508,15.02,15.63,14.9,15.51,15.0,0.51,3.4,52398.45,79825.908
300691.SZ,20230505,15.21,15.21,14.8,15.0,15.2,-0.2,-1.3158,27394.24,40970.617
300691.SZ,20230504,14.78,15.25,14.76,15.2,14.97,0.23,1.5364,39710.48,59733.685
300691.SZ,20230428,14.47,14.98,14.38,14.97,14.38,0.59,4.1029,39541.74,58642.631
300691.SZ,20230427,14.71,14.93,14.28,14.38,14.9,-0.52,-3.4899,46344.77,67710.667
300691.SZ,20230426,14.74,15.37,14.69,14.9,14.89,0.01,0.0672,42280.56,63330.889
300691.SZ,20230425,15.17,15.49,14.48,14.89,14.97,-0.08,-0.5344,49330.11,74550.554
300691.SZ,20230424,15.25,15.32,14.8,14.97,15.25,-0.28,-1.8361,49386.04,74161.264
300691.SZ,20230421,16.65,16.65,15.22,15.25,16.61,-1.36,-8.1878,109915.45,172062.072
300691.SZ,20230420,16.67,16.95,16.5,16.61,16.68,-0.07,-0.4197,66953.25,111903.778
300691.SZ,20230419,16.23,17.14,16.16,16.68,16.23,0.45,2.7726,80242.8,134236.426
300691.SZ,20230418,16.78,16.8,16.1,16.23,16.53,-0.3,-1.8149,43063.43,70106.654
300691.SZ,20230417,17.18,17.18,16.46,16.53,17.16,-0.63,-3.6713,70071.55,116736.684
300691.SZ,20230414,16.93,17.18,16.39,17.16,16.89,0.27,1.5986,88009.76,148150.795
300691.SZ,20230413,16.85,17.34,16.7,16.89,17.0,-0.11,-0.6471,105960.51,181092.18
300691.SZ,20230412,17.1,17.29,16.95,17.0,17.04,-0.04,-0.2347,82224.69,140610.975
300691.SZ,20230411,16.68,17.09,16.52,17.04,16.89,0.15,0.8881,87200.41,146946.577
300691.SZ,20230410,16.76,17.75,16.61,16.89,16.61,0.28,1.6857,147785.05,253564.827
300691.SZ,20230407,16.2,16.65,15.8,16.61,16.16,0.45,2.7847,99772.15,162095.018
300691.SZ,20230406,15.9,16.28,15.66,16.16,15.93,0.23,1.4438,80752.39,129494.304
300691.SZ,20230404,16.16,16.16,15.76,15.93,16.15,-0.22,-1.3622,59367.27,94635.756
300691.SZ,20230403,15.91,16.15,15.62,16.15,15.91,0.24,1.5085,65328.63,103911.946
300691.SZ,20230331,15.84,15.94,15.57,15.91,15.85,0.06,0.3785,52062.57,82067.316
300691.SZ,20230330,16.14,16.27,15.66,15.85,16.08,-0.23,-1.4303,55637.5,88537.13
300691.SZ,20230329,16.04,16.28,15.81,16.08,16.09,-0.01,-0.0622,56342.11,90509.165
300691.SZ,20230328,16.78,16.78,16.06,16.09,16.84,-0.75,-4.4537,89793.82,146217.051
300691.SZ,20230327,17.18,17.18,16.66,16.84,17.21,-0.37,-2.1499,99634.93,167685.167
300691.SZ,20230324,16.92,17.27,16.82,17.21,16.85,0.36,2.1365,136394.02,233760.21
300691.SZ,20230323,16.85,17.02,16.64,16.85,17.03,-0.18,-1.057,95382.17,160008.847
300691.SZ,20230322,17.21,17.48,16.93,17.03,17.08,-0.05,-0.2927,135339.56,231665.906
300691.SZ,20230321,16.6,17.16,16.4,17.08,16.76,0.32,1.9093,144668.83,243901.193
300691.SZ,20230320,16.58,16.85,16.36,16.76,17.07,-0.31,-1.8161,153715.25,254969.165
300691.SZ,20230317,16.58,17.26,16.5,17.07,15.71,1.36,8.6569,227322.17,384241.548
300691.SZ,20230316,15.6,16.0,15.35,15.71,15.68,0.03,0.1913,67484.15,105787.28
300691.SZ,20230315,15.75,15.95,15.58,15.68,15.67,0.01,0.0638,44683.0,70448.908
300691.SZ,20230314,15.94,16.09,15.45,15.67,15.86,-0.19,-1.198,52859.0,83229.1
300691.SZ,20230313,15.68,15.93,15.41,15.86,16.03,-0.17,-1.0605,55877.7,87628.529
300691.SZ,20230310,16.32,16.34,15.9,16.03,16.36,-0.33,-2.0171,71255.71,114678.05
300691.SZ,20230309,15.89,16.44,15.75,16.36,15.87,0.49,3.0876,95585.05,154494.471
300691.SZ,20230308,15.66,15.9,15.66,15.87,15.66,0.21,1.341,47812.54,75425.281
300691.SZ,20230307,16.25,16.25,15.66,15.66,16.15,-0.49,-3.0341,76356.26,120921.756
300691.SZ,20230306,16.18,16.32,16.04,16.15,16.2,-0.05,-0.3086,52508.11,84815.774
300691.SZ,20230303,16.53,16.6,16.1,16.2,16.68,-0.48,-2.8777,95374.88,155671.711
300691.SZ,20230302,16.18,16.98,16.13,16.68,16.35,0.33,2.0183,137247.79,228025.348
300691.SZ,20230301,16.0,16.37,15.91,16.35,16.12,0.23,1.4268,115168.0,186111.895
300691.SZ,20230228,16.3,16.38,15.84,16.12,16.22,-0.1,-0.6165,112526.66,180802.277
300691.SZ,20230227,16.82,17.04,16.07,16.22,17.07,-0.85,-4.9795,160084.51,263407.757
300691.SZ,20230224,17.78,17.86,16.88,17.07,17.95,-0.88,-4.9025,194749.67,333841.002
300691.SZ,20230223,17.37,18.8,17.37,17.95,18.12,-0.17,-0.9382,272665.92,494551.384
300691.SZ,20230222,18.05,19.06,17.76,18.12,17.3,0.82,4.7399,370566.74,680338.938
300691.SZ,20230221,16.46,18.2,16.44,17.3,15.96,1.34,8.396,256061.6,436565.561
300691.SZ,20230220,16.07,16.26,15.12,15.96,15.75,0.21,1.3333,152729.04,238843.567
300691.SZ,20230217,15.38,16.08,15.37,15.75,15.26,0.49,3.211,104808.46,164759.85
300691.SZ,20230216,16.0,16.05,15.16,15.26,16.14,-0.88,-5.4523,69758.49,108932.369
300691.SZ,20230215,15.8,16.22,15.75,16.14,15.8,0.34,2.1519,53890.54,86711.022
300691.SZ,20230214,15.86,16.02,15.69,15.8,15.79,0.01,0.0633,43088.02,68121.804
300691.SZ,20230213,15.83,15.91,15.58,15.79,15.89,-0.1,-0.6293,54916.0,86376.567
300691.SZ,20230210,15.88,16.3,15.78,15.89,15.7,0.19,1.2102,66727.29,106890.665
300691.SZ,20230209,15.4,15.83,15.39,15.7,15.44,0.26,1.6839,53585.71,84022.649
300691.SZ,20230208,15.92,15.94,15.42,15.44,16.04,-0.6,-3.7406,65351.29,101894.394
300691.SZ,20230207,15.65,16.14,15.51,16.04,15.58,0.46,2.9525,80651.62,128251.453
300691.SZ,20230206,15.64,15.9,15.4,15.58,15.88,-0.3,-1.8892,65892.95,102850.688
300691.SZ,20230203,15.54,16.08,15.32,15.88,15.48,0.4,2.584,107207.4,168153.342
300691.SZ,20230202,15.2,15.62,15.09,15.48,15.1,0.38,2.5166,88452.67,136371.24
300691.SZ,20230201,14.8,15.1,14.66,15.1,14.69,0.41,2.791,64608.28,96363.496
300691.SZ,20230131,14.44,14.81,14.3,14.69,14.45,0.24,1.6609,48576.0,70909.854
300691.SZ,20230130,14.25,14.54,14.2,14.45,14.13,0.32,2.2647,41865.19,60302.352
300691.SZ,20230120,14.41,14.44,14.13,14.13,14.24,-0.11,-0.7725,34913.52,49727.78
300691.SZ,20230119,14.57,14.57,13.98,14.24,14.02,0.22,1.5692,55083.9,78163.32
300691.SZ,20230118,13.94,14.15,13.94,14.02,14.05,-0.03,-0.2135,23679.53,33255.37
300691.SZ,20230117,13.94,14.2,13.83,14.05,13.86,0.19,1.3709,42385.56,59571.221
300691.SZ,20230116,13.8,13.96,13.6,13.86,13.63,0.23,1.6875,38795.26,53714.865
300691.SZ,20230113,13.9,13.9,13.51,13.63,13.9,-0.27,-1.9424,33849.95,46197.734
300691.SZ,20230112,13.45,13.93,13.33,13.9,13.37,0.53,3.9641,52757.5,72567.057
300691.SZ,20230111,13.5,13.63,13.35,13.37,13.5,-0.13,-0.963,24353.8,32815.825
300691.SZ,20230110,13.56,13.65,13.41,13.5,13.52,-0.02,-0.1479,26645.41,36073.248
300691.SZ,20230109,13.65,13.7,13.35,13.52,13.6,-0.08,-0.5882,39582.0,53449.977
300691.SZ,20230106,13.51,13.87,13.48,13.6,13.51,0.09,0.6662,49395.12,67693.066
300691.SZ,20230105,13.32,13.88,13.22,13.51,13.31,0.2,1.5026,54766.0,74032.877
300691.SZ,20230104,13.19,13.32,13.09,13.31,13.13,0.18,1.3709,31555.0,41605.477
300691.SZ,20230103,12.5,13.19,12.42,13.13,12.43,0.7,5.6315,49295.9,63675.144
