成交日期,成交时间,证券代码,证券名称,操作,成交数量,成交编号,成交均价,成交金额,余额,发生金额,手续费,印花税,其他杂费,本次金额,合同编号,备注,交易市场,
20260701,14:03:22,603019,中科曙光,证券买入,1000,74007627,102.290,102290.000,2400.00,-102301.240,10.230,0.000,1.010,-61911.580,7701,证券买入,上海A股,
20260701,13:43:22,002171,楚江新材,证券卖出,-7500,0102000077558035,13.500,101250.000,0.00,101189.240,10.130,50.630,0.000,1952.660,7529,证券卖出,深圳Ａ股,
20260701,13:08:19,000063,中兴通讯,证券买入,1000,0101000070224490,37.320,37320.000,1000.00,-37325.000,5.000,0.000,0.000,-99236.580,7173,证券买入,深圳Ａ股,
20260629,15:00:01,603019,中科曙光,证券卖出,-400,89549011,97.480,38992.000,1400.00,38967.110,5.000,19.500,0.390,-26134.400,7765,证券卖出,上海A股,
20260629,14:10:02,603019,中科曙光,证券买入,700,76216463,96.620,67634.000,1800.00,-67641.440,6.760,0.000,0.680,-65101.510,7318,证券买入,上海A股,
20260629,14:09:20,002290,禾盛新材,证券卖出,-800,0102000087891905,83.205,66564.000,0.00,66524.060,6.660,33.280,0.000,40389.660,7314,证券卖出,深圳Ａ股,
20260629,09:57:52,600522,中天科技,证券买入,800,25080159,59.947,47958.000,2800.00,-47963.480,5.000,0.000,0.480,2539.930,1531,证券买入,上海A股,
20260626,14:45:29,002171,楚江新材,证券买入,3300,0103000092193093,14.420,47586.000,7500.00,-47591.000,5.000,0.000,0.000,50503.410,7795,证券买入,深圳Ａ股,
20260626,14:27:09,002409,雅克科技,证券卖出,-300,0103000086646937,190.420,57126.000,0.00,57091.730,5.710,28.560,0.000,98094.410,7627,证券卖出,深圳Ａ股,
20260624,14:23:20,002171,楚江新材,证券买入,900,0102000083782266,15.180,13662.000,4200.00,-13667.000,5.000,0.000,0.000,41002.680,7752,证券买入,深圳Ａ股,
20260623,14:14:19,002171,楚江新材,证券卖出,-1300,0103000082542408,14.930,19409.000,3300.00,19394.290,5.000,9.710,0.000,54669.680,7542,证券卖出,深圳Ａ股,
20260623,14:14:18,000636,风华高科,证券卖出,-500,0102000080730151,70.270,35135.000,0.00,35112.430,5.000,17.570,0.000,35275.390,7541,证券卖出,深圳Ａ股,
20260623,11:24:43,600522,中天科技,证券买入,1000,55069786,62.150,62150.000,2000.00,-62156.840,6.220,0.000,0.620,25141.960,6917,证券买入,上海A股,
20260623,11:24:30,603019,中科曙光,证券卖出,-200,55015958,88.760,17752.000,1100.00,17737.940,5.000,8.880,0.180,87298.800,6914,证券卖出,上海A股,
20260623,11:24:14,603019,中科曙光,证券卖出,-200,54961201,88.790,17758.000,1300.00,17743.940,5.000,8.880,0.180,69560.860,6910,证券卖出,上海A股,
20260623,11:23:34,600522,中天科技,证券卖出,-300,54845027,62.740,18822.000,1000.00,18807.400,5.000,9.410,0.190,51816.920,6882,证券卖出,上海A股,
20260623,11:22:27,603019,中科曙光,证券买入,1000,54598145,88.870,88870.000,1500.00,-88879.790,8.890,0.000,0.900,33009.520,6828,证券买入,上海A股,
20260623,10:27:18,002290,禾盛新材,证券买入,100,0101000044750824,89.490,8949.000,800.00,-8954.000,5.000,0.000,0.000,162.960,4388,证券买入,深圳Ａ股,
20260623,09:42:17,600522,中天科技,证券买入,300,14734642,61.440,18432.000,1300.00,-18437.180,5.000,0.000,0.180,121889.310,977,证券买入,上海A股,
20260623,09:39:18,603019,中科曙光,证券买入,100,11851961,90.100,9010.000,500.00,-9015.090,5.000,0.000,0.090,140326.490,840,证券买入,上海A股,
20260623,09:36:18,603019,中科曙光,证券卖出,-100,9101161,90.490,9049.000,400.00,9039.390,5.000,4.520,0.090,149341.580,684,证券卖出,上海A股,
20260623,09:30:18,002171,楚江新材,证券买入,1000,0103000002414365,16.020,16020.000,4600.00,-16025.000,5.000,0.000,0.000,9116.960,243,证券买入,深圳Ａ股,
20260622,13:39:12,002409,雅克科技,证券卖出,-100,0101000081386906,162.550,16255.000,300.00,16241.870,5.000,8.130,0.000,140302.190,7319,证券卖出,深圳Ａ股,
20260622,13:24:33,603019,中科曙光,证券买入,500,64751126,87.492,43746.000,500.00,-43751.440,5.000,0.000,0.440,270204.260,7110,证券买入,上海A股,
20260622,13:24:33,002409,雅克科技,证券买入,300,0101000076759071,160.717,48215.000,400.00,-48220.000,5.000,0.000,0.000,124060.320,7109,证券买入,深圳Ａ股,
20260622,13:00:01,002171,楚江新材,证券买入,2400,0102000065522643,16.130,38712.000,3600.00,-38717.000,5.000,0.000,0.000,172280.320,6296,证券买入,深圳Ａ股,
20260622,13:00:00,600522,中天科技,证券买入,700,56987493,58.830,41181.000,1000.00,-41186.410,5.000,0.000,0.410,313955.700,6295,证券买入,上海A股,
20260622,11:24:54,603678,火炬电子,证券卖出,-600,55839559,63.340,38004.000,0.00,37979.620,5.000,19.010,0.370,355142.110,6125,证券卖出,上海A股,
20260622,10:48:09,600522,中天科技,证券买入,300,45615694,58.620,17586.000,300.00,-17591.180,5.000,0.000,0.180,317162.490,5212,证券买入,上海A股,
20260622,10:27:11,002171,楚江新材,证券卖出,-100,0102000043694531,16.090,1609.000,1200.00,1603.200,5.000,0.800,0.000,210997.320,3994,证券卖出,深圳Ａ股,
20260622,10:06:09,002171,楚江新材,证券买入,300,0102000033688729,15.710,4713.000,1300.00,-4718.000,5.000,0.000,0.000,209394.120,1584,证券买入,深圳Ａ股,
20260622,10:05:10,002171,楚江新材,证券卖出,-400,0102000033123067,15.720,6288.000,1000.00,6279.860,5.000,3.140,0.000,214112.120,1548,证券卖出,深圳Ａ股,
20260622,10:05:08,002290,禾盛新材,证券买入,200,0102000033100248,89.310,17862.000,700.00,-17867.000,5.000,0.000,0.000,207832.260,1546,证券买入,深圳Ａ股,
20260622,09:47:15,002290,禾盛新材,证券买入,500,0102000021329861,89.000,44500.000,500.00,-44505.000,5.000,0.000,0.000,225699.260,63,证券买入,深圳Ａ股,
20260622,09:25:01,603703,盛洋科技,证券卖出,-2500,386628,11.940,29850.000,0.00,29829.770,5.000,14.930,0.300,334753.670,61,证券卖出,上海A股,
20260622,09:25:00,600111,北方稀土,证券卖出,-1500,194001,52.000,78000.000,0.00,77952.420,7.800,39.000,0.780,304923.900,62,证券卖出,上海A股,
20260618,14:43:53,002938,鹏鼎控股,证券卖出,-100,0102000085274168,120.460,12046.000,0.00,12034.980,5.000,6.020,0.000,226904.580,7544,证券卖出,深圳Ａ股,
20260618,14:43:43,002171,楚江新材,证券买入,1400,0103000085381056,15.490,21686.000,1400.00,-21691.000,5.000,0.000,0.000,214869.600,7540,证券买入,深圳Ａ股,
20260618,14:40:31,002079,苏州固锝,证券卖出,-200,0103000084288350,13.720,2744.000,0.00,2737.630,5.000,1.370,0.000,236560.600,7500,证券卖出,深圳Ａ股,
20260618,14:38:05,002171,楚江新材,证券卖出,-1400,0103000083317548,15.500,21700.000,0.00,21684.140,5.000,10.860,0.000,233822.970,7467,证券卖出,深圳Ａ股,
20260618,14:37:40,002935,天奥电子,证券卖出,-3800,0102000082941541,21.614,82134.000,0.00,82084.740,8.210,41.050,0.000,212138.830,7464,证券卖出,深圳Ａ股,
20260618,10:24:41,603678,火炬电子,证券买入,300,33627806,69.280,20784.000,600.00,-20789.210,5.000,0.000,0.210,153226.810,4061,证券买入,上海A股,
20260618,10:00:41,600111,北方稀土,证券买入,300,23615308,52.950,15885.000,1500.00,-15890.160,5.000,0.000,0.160,174016.020,1733,证券买入,上海A股,
20260618,09:48:41,600111,北方稀土,证券卖出,-400,17280767,52.180,20872.000,1200.00,20856.350,5.000,10.440,0.210,189906.180,1163,证券卖出,上海A股,
20260618,09:45:41,603703,盛洋科技,证券卖出,-300,15485119,12.230,3669.000,2500.00,3662.140,5.000,1.830,0.030,169049.830,1007,证券卖出,上海A股,
20260618,09:36:49,002171,楚江新材,证券卖出,-300,0103000010259331,15.120,4536.000,1400.00,4528.730,5.000,2.270,0.000,130054.090,527,证券卖出,深圳Ａ股,
20260618,09:36:36,000636,风华高科,证券买入,300,0105000009381463,73.620,22086.000,500.00,-22091.000,5.000,0.000,0.000,125525.360,517,证券买入,深圳Ａ股,
20260618,09:33:50,603703,盛洋科技,证券买入,600,5793326,12.020,7212.000,2800.00,-7217.080,5.000,0.000,0.080,165387.690,413,证券买入,上海A股,
20260618,09:33:36,002409,雅克科技,证券买入,100,0102000006556145,145.000,14500.000,100.00,-14505.000,5.000,0.000,0.000,147616.360,402,证券买入,深圳Ａ股,
20260618,09:30:54,002171,楚江新材,证券卖出,-600,0103000002992502,14.840,8904.000,1700.00,8894.550,5.000,4.450,0.000,162121.360,185,证券卖出,深圳Ａ股,
20260618,09:30:42,603703,盛洋科技,证券卖出,-900,1475944,12.180,10962.000,2200.00,10951.410,5.000,5.480,0.110,172604.770,253,证券卖出,上海A股,
20260618,00:00:00,600171,上海贝岭,股息红利税补,0,,0.000,38.400,0.00,-38.400,0.000,0.000,0.000,226866.180,246,股息红利税差异化处理资金下账 证券代码:"600171" 初始持有日期:"202,上海A股,
20260618,00:00:00,600171,上海贝岭,股息红利税补,0,,0.000,12.000,0.00,-12.000,0.000,0.000,0.000,226854.180,265,股息红利税差异化处理资金下账 证券代码:"600171" 初始持有日期:"202,上海A股,
20260617,14:43:42,002428,云南锗业,证券卖出,-100,0104000081244342,98.700,9870.000,0.00,9860.060,5.000,4.940,0.000,161653.360,7505,证券卖出,深圳Ａ股,
20260617,14:21:30,603678,火炬电子,证券买入,300,65291911,69.050,20715.000,300.00,-20720.210,5.000,0.000,0.210,130981.760,7349,证券买入,上海A股,
20260617,14:17:29,600111,北方稀土,证券买入,1600,64562248,50.210,80336.000,1600.00,-80344.830,8.030,0.000,0.800,151701.970,7329,证券买入,上海A股,
20260617,14:16:03,002935,天奥电子,证券买入,3800,0104000074082378,22.000,83600.000,3800.00,-83608.360,8.360,0.000,0.000,151793.300,7315,证券买入,深圳Ａ股,
20260617,13:48:33,002171,楚江新材,证券卖出,-300,0104000067669382,14.990,4497.000,2300.00,4489.750,5.000,2.250,0.000,235401.660,7092,证券卖出,深圳Ａ股,
20260617,11:09:46,002171,楚江新材,证券买入,600,0104000048692657,14.400,8640.000,2600.00,-8645.000,5.000,0.000,0.000,230911.910,6221,证券买入,深圳Ａ股,
20260617,11:08:14,002171,楚江新材,证券卖出,-800,0104000048292648,14.410,11528.000,2000.00,11517.240,5.000,5.760,0.000,239556.910,6121,证券卖出,深圳Ａ股,
20260617,10:43:35,002409,雅克科技,证券卖出,-100,0105000040456813,145.820,14582.000,0.00,14569.710,5.000,7.290,0.000,228039.670,5246,证券卖出,深圳Ａ股,
20260617,10:35:50,002536,飞龙股份,证券卖出,-300,0103000039146334,44.890,13467.000,0.00,13455.270,5.000,6.730,0.000,213469.960,4827,证券卖出,深圳Ａ股,
20260617,10:35:32,002079,苏州固锝,证券卖出,-800,0104000038650393,13.190,10552.000,200.00,10541.720,5.000,5.280,0.000,200014.690,4777,证券卖出,深圳Ａ股,
20260617,10:34:52,002156,通富微电,证券卖出,-200,0105000037448826,65.650,13130.000,0.00,13118.430,5.000,6.570,0.000,189472.970,4722,证券卖出,深圳Ａ股,
20260617,10:34:40,002876,三利谱,证券卖出,-1300,0104000038392964,32.490,42237.000,0.00,42210.880,5.000,21.120,0.000,176354.540,4709,证券卖出,深圳Ａ股,
20260617,10:34:28,603920,世运电路,证券卖出,-200,32937641,61.515,12303.000,0.00,12291.720,5.000,6.160,0.120,232046.800,4702,证券卖出,上海A股,
20260617,10:34:22,605258,协和电子,证券卖出,-300,32912789,37.540,11262.000,0.00,11251.260,5.000,5.630,0.110,219755.080,4701,证券卖出,上海A股,
20260617,10:34:07,600879,航天电子,证券卖出,-700,32836001,20.400,14280.000,0.00,14267.720,5.000,7.140,0.140,208503.820,4693,证券卖出,上海A股,
20260617,10:34:00,600584,长电科技,证券卖出,-200,32799255,81.690,16338.000,0.00,16324.670,5.000,8.170,0.160,194236.100,4688,证券卖出,上海A股,
20260617,10:33:54,600171,上海贝岭,证券卖出,-2100,32770031,27.809,58399.000,0.00,58363.370,5.840,29.200,0.590,177911.430,4683,证券卖出,上海A股,
20260617,10:33:47,600118,中国卫星,证券卖出,-200,32739699,76.860,15372.000,0.00,15359.160,5.000,7.690,0.150,119548.060,4678,证券卖出,上海A股,
20260617,09:43:26,002876,三利谱,证券卖出,-500,0104000015267423,32.480,16240.000,1300.00,16226.880,5.000,8.120,0.000,134143.660,716,证券卖出,深圳Ａ股,
20260617,09:37:35,603703,盛洋科技,证券买入,700,8989018,12.390,8673.000,3100.00,-8678.080,5.000,0.000,0.080,104188.900,554,证券买入,上海A股,
20260617,09:37:29,002079,苏州固锝,证券买入,200,0104000010454937,13.150,2630.000,1000.00,-2635.000,5.000,0.000,0.000,117916.780,563,证券买入,深圳Ａ股,
20260617,09:37:02,000636,风华高科,证券买入,200,0104000010057310,71.890,14378.000,200.00,-14383.000,5.000,0.000,0.000,120551.780,544,证券买入,深圳Ａ股,
20260617,09:33:57,002079,苏州固锝,证券卖出,-300,0104000007109612,13.200,3960.000,800.00,3953.020,5.000,1.980,0.000,134934.780,428,证券卖出,深圳Ａ股,
20260617,09:30:56,603703,盛洋科技,证券卖出,-900,1816496,12.420,11178.000,2400.00,11167.300,5.000,5.590,0.110,112866.980,307,证券卖出,上海A股,
20260616,16:00:00,600171,上海贝岭,股息入账,0,0,27.430,252.000,0.00,252.000,0.000,0.000,0.000,101699.680,0,股息入账:上海贝岭600171; 权益股数:2100;股东账号：A784966085;,上海A股,
20260616,13:41:47,002428,云南锗业,证券买入,100,0101000068316984,103.590,10359.000,100.00,-10364.000,5.000,0.000,0.000,101447.680,1932,证券买入,深圳Ａ股,
20260616,13:18:46,600879,航天电子,证券买入,700,53609567,20.330,14231.000,700.00,-14236.140,5.000,0.000,0.140,185549.090,6963,证券买入,上海A股,
20260616,13:00:58,002171,楚江新材,证券买入,600,0103000057251150,14.280,8568.000,2800.00,-8573.000,5.000,0.000,0.000,111811.680,6773,证券买入,深圳Ａ股,
20260616,13:00:00,002171,楚江新材,证券卖出,-900,0103000056385372,14.240,12816.000,2200.00,12804.590,5.000,6.410,0.000,120384.680,6725,证券卖出,深圳Ａ股,
20260616,10:57:44,600171,上海贝岭,证券买入,500,41829936,27.730,13865.000,2100.00,-13870.140,5.000,0.000,0.140,199785.230,5314,证券买入,上海A股,
20260616,10:53:02,600118,中国卫星,证券买入,200,40791089,77.000,15400.000,200.00,-15405.150,5.000,0.000,0.150,213655.370,5002,证券买入,上海A股,
20260616,10:53:00,002876,三利谱,证券买入,400,0105000046062601,32.210,12884.000,1800.00,-12889.000,5.000,0.000,0.000,107580.090,5015,证券买入,深圳Ａ股,
20260616,10:50:29,603703,盛洋科技,证券卖出,-1300,40150888,12.330,16029.000,3300.00,16015.830,5.000,8.010,0.160,229060.520,4887,证券卖出,上海A股,
20260616,10:34:08,605258,协和电子,证券买入,300,35863238,36.450,10935.000,300.00,-10940.110,5.000,0.000,0.110,213044.690,4038,证券买入,上海A股,
20260616,10:27:53,603703,盛洋科技,证券买入,1000,34030903,12.308,12308.000,4600.00,-12313.110,5.000,0.000,0.110,223984.800,3854,证券买入,上海A股,
20260616,10:24:37,002156,通富微电,证券买入,200,0102000037144531,63.000,12600.000,200.00,-12605.000,5.000,0.000,0.000,120469.090,3711,证券买入,深圳Ａ股,
20260616,10:15:35,002409,雅克科技,证券买入,100,0103000034365200,141.530,14153.000,100.00,-14158.000,5.000,0.000,0.000,133074.090,3209,证券买入,深圳Ａ股,
20260616,10:03:36,002079,苏州固锝,证券买入,1100,0101000028265209,12.577,13835.000,1100.00,-13840.000,5.000,0.000,0.000,147232.090,2634,证券买入,深圳Ａ股,
20260616,10:00:50,002536,飞龙股份,证券买入,300,0101000026753471,46.120,13836.000,300.00,-13841.000,5.000,0.000,0.000,161072.090,2587,证券买入,深圳Ａ股,
20260616,10:00:34,600584,长电科技,证券买入,200,24123372,75.530,15106.000,200.00,-15111.150,5.000,0.000,0.150,236297.910,2580,证券买入,上海A股,
20260616,09:59:43,603920,世运电路,证券买入,200,23703709,58.680,11736.000,200.00,-11741.120,5.000,0.000,0.120,251409.060,2036,证券买入,上海A股,
20260616,09:56:37,002938,鹏鼎控股,证券买入,100,0105000024360399,106.310,10631.000,100.00,-10636.000,5.000,0.000,0.000,174913.090,1976,证券买入,深圳Ａ股,
20260615,14:40:12,600171,上海贝岭,证券买入,1600,73848927,27.130,43408.000,1600.00,-43413.430,5.000,0.000,0.430,349864.180,7204,证券买入,上海A股,
20260615,14:40:10,002876,三利谱,证券买入,1400,0101000079846895,31.330,43862.000,1400.00,-43867.000,5.000,0.000,0.000,263150.180,7203,证券买入,深圳Ａ股,
20260615,14:40:09,603703,盛洋科技,证券买入,3600,73832987,11.852,42667.000,3600.00,-42672.410,5.000,0.000,0.410,393277.610,7202,证券买入,上海A股,
20260615,14:40:07,002171,楚江新材,证券买入,3100,0101000079829203,13.820,42842.000,3100.00,-42847.000,5.000,0.000,0.000,307017.180,7201,证券买入,深圳Ａ股,
20260604,10:41:00,600338,西藏珠峰,证券卖出,-4500,34739025,17.130,77085.000,0.00,77037.970,7.710,38.550,0.770,427279.370,4099,证券卖出,上海A股,
20260604,10:40:55,600637,东方明珠,证券卖出,-9900,34713484,9.150,90585.000,0.00,90529.740,9.060,45.290,0.910,350241.400,4097,证券卖出,上海A股,
20260604,10:40:49,603598,引力传媒,证券卖出,-100,34693333,21.300,2130.000,0.00,2123.910,5.000,1.070,0.020,259711.660,4094,证券卖出,上海A股,
20260604,10:40:41,001896,豫能控股,证券卖出,-400,0103000039122076,21.700,8680.000,0.00,8670.650,5.000,4.350,0.000,435950.020,4083,证券卖出,深圳Ａ股,
20260525,13:45:15,000811,冰轮环境,证券卖出,-400,0103000067479693,35.150,14060.000,0.00,14047.970,5.000,7.030,0.000,257587.750,5785,证券卖出,深圳Ａ股,
20260525,09:25:00,600637,东方明珠,证券买入,9900,186682,11.390,112761.000,9900.00,-112773.410,11.280,0.000,1.130,243539.780,2,证券买入,上海A股,
20260518,14:35:38,000628,高新发展,证券卖出,-100,0103000080424931,62.270,6227.000,0.00,6218.890,5.000,3.110,0.000,356313.190,6148,证券卖出,深圳Ａ股,
20260518,14:35:25,002080,中材科技,证券卖出,-100,0101000081349353,65.350,6535.000,0.00,6526.730,5.000,3.270,0.000,350094.300,6146,证券卖出,深圳Ａ股,
20260518,09:56:42,603598,引力传媒,证券买入,100,21457010,24.530,2453.000,100.00,-2458.020,5.000,0.000,0.020,343567.570,1081,证券买入,上海A股,
20260513,13:00:01,603897,长城科技,证券卖出,-100,47509709,54.920,5492.000,0.00,5484.200,5.000,2.750,0.050,301532.040,6046,证券卖出,上海A股,
20260513,13:00:01,605299,舒华体育,证券卖出,-900,47509715,24.282,21854.000,0.00,21837.890,5.000,10.910,0.200,323369.930,6047,证券卖出,上海A股,
20260513,13:00:01,000063,中兴通讯,证券卖出,-100,0105000053110975,38.470,3847.000,0.00,3840.080,5.000,1.920,0.000,327210.010,6049,证券卖出,深圳Ａ股,
20260513,13:00:01,000007,全新好,证券卖出,-1400,0105000053110978,13.450,18830.000,0.00,18815.580,5.000,9.420,0.000,346025.590,6050,证券卖出,深圳Ａ股,
20260513,13:00:00,600234,科新发展,证券卖出,-400,47507367,29.790,11916.000,0.00,11904.920,5.000,5.960,0.120,283028.490,6044,证券卖出,上海A股,
20260513,13:00:00,605376,博迁新材,证券卖出,-100,47507492,130.310,13031.000,0.00,13019.350,5.000,6.520,0.130,296047.840,6048,证券卖出,上海A股,
20260512,14:15:15,002484,江海股份,证券卖出,-500,0105000080350457,44.500,22250.000,0.00,22233.870,5.000,11.130,0.000,271123.570,3371,证券卖出,深圳Ａ股,
20260512,10:16:35,002135,东南网架,证券卖出,-300,0103000034641612,9.220,2766.000,0.00,2759.620,5.000,1.380,0.000,248889.700,3514,证券卖出,深圳Ａ股,
20260512,10:16:15,603527,众源新材,证券卖出,-200,31972616,13.160,2632.000,0.00,2625.660,5.000,1.320,0.020,237437.430,3474,证券卖出,上海A股,
20260512,10:16:09,603488,展鹏科技,证券卖出,-200,31933511,12.240,2448.000,0.00,2441.760,5.000,1.220,0.020,234811.770,3470,证券卖出,上海A股,
20260512,10:16:01,603269,海鸥股份,证券卖出,-700,31865745,20.420,14294.000,0.00,14281.710,5.000,7.150,0.140,232370.010,3467,证券卖出,上海A股,
20260512,10:15:48,601339,百隆东方,证券卖出,-4600,31785063,9.163,42150.000,0.00,42123.500,5.000,21.080,0.420,218088.300,3461,证券卖出,上海A股,
20260512,10:15:15,601996,丰林集团,证券卖出,-2200,31558237,3.040,6688.000,0.00,6679.590,5.000,3.340,0.070,175964.800,3431,证券卖出,上海A股,
20260512,10:15:08,603002,宏昌电子,证券卖出,-400,31512183,14.920,5968.000,0.00,5959.960,5.000,3.000,0.040,169285.210,3381,证券卖出,上海A股,
20260512,10:15:00,603220,中贝通信,证券卖出,-200,31463059,30.230,6046.000,0.00,6037.920,5.000,3.020,0.060,163325.250,3377,证券卖出,上海A股,
20260512,10:14:24,002876,三利谱,证券卖出,-100,0105000035034065,30.590,3059.000,0.00,3052.470,5.000,1.530,0.000,246130.080,3356,证券卖出,深圳Ａ股,
20260512,10:14:16,002972,科安达,证券卖出,-200,0102000033928796,13.340,2668.000,0.00,2661.670,5.000,1.330,0.000,243077.610,3349,证券卖出,深圳Ａ股,
20260512,10:14:08,002998,优彩资源,证券卖出,-300,0105000034914747,9.950,2985.000,0.00,2978.510,5.000,1.490,0.000,240415.940,3343,证券卖出,深圳Ａ股,
20260511,13:12:25,002998,优彩资源,证券买入,300,0104000062770709,10.000,3000.000,300.00,-3005.000,5.000,0.000,0.000,157287.330,5831,证券买入,深圳Ａ股,
20260511,13:03:54,603527,众源新材,证券买入,200,54079091,13.580,2716.000,200.00,-2721.020,5.000,0.000,0.020,214567.330,5822,证券买入,上海A股,
20260511,13:00:16,603488,展鹏科技,证券买入,200,52540772,12.460,2492.000,200.00,-2497.020,5.000,0.000,0.020,217288.350,5821,证券买入,上海A股,
20260511,13:00:14,603002,宏昌电子,证券买入,400,52486472,15.430,6172.000,400.00,-6177.060,5.000,0.000,0.060,219785.370,5810,证券买入,上海A股,
20260511,13:00:12,601996,丰林集团,证券买入,2200,52446462,3.080,6776.000,2200.00,-6781.060,5.000,0.000,0.060,225962.430,5813,证券买入,上海A股,
20260511,13:00:11,603897,长城科技,证券买入,100,52419544,56.230,5623.000,100.00,-5628.060,5.000,0.000,0.060,232743.490,5793,证券买入,上海A股,
20260511,13:00:06,002135,东南网架,证券买入,300,0104000058100442,9.350,2805.000,300.00,-2810.000,5.000,0.000,0.000,166115.330,5825,证券买入,深圳Ａ股,
20260511,13:00:06,002876,三利谱,证券买入,100,0103000060629584,31.450,3145.000,100.00,-3150.000,5.000,0.000,0.000,162965.330,5828,证券买入,深圳Ａ股,
20260511,13:00:06,002972,科安达,证券买入,200,0103000060630165,13.340,2668.000,200.00,-2673.000,5.000,0.000,0.000,160292.330,5830,证券买入,深圳Ａ股,
20260511,13:00:05,000628,高新发展,证券买入,100,0102000059084479,64.140,6414.000,100.00,-6419.000,5.000,0.000,0.000,168925.330,5811,证券买入,深圳Ａ股,
20260511,13:00:04,002080,中材科技,证券买入,100,0101000058990093,63.300,6330.000,100.00,-6335.000,5.000,0.000,0.000,175344.330,5792,证券买入,深圳Ａ股,
20260511,13:00:03,603220,中贝通信,证券买入,200,52208138,31.270,6254.000,200.00,-6259.060,5.000,0.000,0.060,238371.550,5784,证券买入,上海A股,
20260511,13:00:02,000063,中兴通讯,证券买入,100,0103000060548144,39.130,3913.000,100.00,-3918.000,5.000,0.000,0.000,188424.330,5777,证券买入,深圳Ａ股,
20260511,13:00:02,001896,豫能控股,证券买入,400,0105000057781861,16.850,6740.000,400.00,-6745.000,5.000,0.000,0.000,181679.330,5779,证券买入,深圳Ａ股,
20260511,11:25:05,601939,建设银行,证券卖出,-2500,51132783,9.530,23825.000,0.00,23807.840,5.000,11.920,0.240,244630.610,5568,证券卖出,上海A股,
20260511,11:23:40,600487,亨通光电,证券卖出,-200,50870625,75.230,15046.000,0.00,15033.330,5.000,7.520,0.150,220822.770,5558,证券卖出,上海A股,
20260511,11:22:45,600251,冠农股份,证券卖出,-1900,50703420,12.350,23465.000,0.00,23448.040,5.000,11.730,0.230,205789.440,5552,证券卖出,上海A股,
20260511,09:49:28,002484,江海股份,证券买入,500,0103000023897294,44.440,22220.000,500.00,-22225.000,5.000,0.000,0.000,192342.330,1053,证券买入,深圳Ａ股,
20260508,13:16:04,601339,百隆东方,证券买入,2000,51614554,8.520,17040.000,4600.00,-17045.170,5.000,0.000,0.170,216786.400,5266,证券买入,上海A股,
20260508,11:08:20,600487,亨通光电,证券买入,100,43386216,76.720,7672.000,100.00,-7677.080,5.000,0.000,0.080,241508.650,594,证券买入,上海A股,
20260508,11:08:20,600487,亨通光电,证券买入,100,43386219,76.720,7672.000,200.00,-7677.080,5.000,0.000,0.080,233831.570,686,证券买入,上海A股,
20260508,09:43:22,605299,舒华体育,证券买入,400,13342547,26.260,10504.000,400.00,-10509.110,5.000,0.000,0.110,262320.860,602,证券买入,上海A股,
20260508,09:43:22,605299,舒华体育,证券买入,500,13342549,26.260,13130.000,900.00,-13135.130,5.000,0.000,0.130,249185.730,695,证券买入,上海A股,
20260508,09:40:07,000007,全新好,证券买入,700,0101000013068213,17.170,12019.000,1400.00,-12024.000,5.000,0.000,0.000,182341.400,687,证券买入,深圳Ａ股,
20260508,09:39:59,000007,全新好,证券买入,700,0101000012964735,17.170,12019.000,700.00,-12024.000,5.000,0.000,0.000,194365.400,595,证券买入,深圳Ａ股,
20260508,09:38:58,605376,博迁新材,证券买入,100,10302177,129.200,12920.000,100.00,-12925.130,5.000,0.000,0.130,272829.970,696,证券买入,上海A股,
20260508,09:35:44,000811,冰轮环境,证券买入,400,0104000009185638,25.980,10392.000,400.00,-10397.000,5.000,0.000,0.000,206389.400,600,证券买入,深圳Ａ股,
20260508,09:35:43,600234,科新发展,证券买入,400,7419329,25.938,10375.000,400.00,-10380.110,5.000,0.000,0.110,297597.220,597,证券买入,上海A股,
20260508,09:35:43,603269,海鸥股份,证券买入,700,7427912,16.910,11837.000,700.00,-11842.120,5.000,0.000,0.120,285755.100,599,证券买入,上海A股,
20260507,13:52:15,600251,冠农股份,证券买入,1900,59994537,12.730,24187.000,1900.00,-24192.250,5.000,0.000,0.250,307977.330,6159,证券买入,上海A股,
20260507,13:21:05,600433,冠豪高新,证券卖出,-3400,53205778,5.240,17816.000,0.00,17801.910,5.000,8.910,0.180,332169.580,5727,证券卖出,上海A股,
20260507,10:54:01,600251,冠农股份,证券卖出,-1900,40312327,12.630,23997.000,0.00,23979.750,5.000,12.000,0.250,314367.670,4267,证券卖出,上海A股,
20260507,09:30:43,601339,百隆东方,证券买入,2600,1635141,9.110,23686.000,2600.00,-23691.230,5.000,0.000,0.230,314793.170,257,证券买入,上海A股,
20260507,09:30:43,601939,建设银行,证券买入,2500,1625427,9.760,24400.000,2500.00,-24405.250,5.000,0.000,0.250,290387.920,259,证券买入,上海A股,
20260506,13:55:50,600433,冠豪高新,证券买入,3400,64287075,4.820,16388.000,3400.00,-16393.160,5.000,0.000,0.160,338484.400,5824,证券买入,上海A股,
20260506,09:58:44,600338,西藏珠峰,证券买入,900,24723042,26.860,24174.000,4500.00,-24179.240,5.000,0.000,0.240,354877.560,2384,证券买入,上海A股,
20260506,09:57:44,600338,西藏珠峰,证券买入,900,24241581,26.800,24120.000,3600.00,-24125.240,5.000,0.000,0.240,379056.800,2375,证券买入,上海A股,
20260506,09:55:44,600338,西藏珠峰,证券买入,900,23256812,26.776,24098.000,2700.00,-24103.240,5.000,0.000,0.240,403182.040,2346,证券买入,上海A股,
20260506,09:53:43,600338,西藏珠峰,证券买入,900,22234422,26.830,24147.000,1800.00,-24152.240,5.000,0.000,0.240,427285.280,1842,证券买入,上海A股,
20260506,09:47:13,600338,西藏珠峰,证券买入,900,18300975,26.840,24156.000,900.00,-24161.240,5.000,0.000,0.240,451437.520,885,证券买入,上海A股,
20260506,09:47:09,600251,冠农股份,证券买入,1900,18263722,12.840,24396.000,1900.00,-24401.240,5.000,0.000,0.240,475598.760,884,证券买入,上海A股,
20260304,09:15:03,799999,指定登记,指定交易,1,0200000KMz,1.000,0.000,0.00,0.000,0.000,0.000,0.000,0.000,78,指定交易,上海A股,
20260304,09:15:03,799999,指定登记,指定交易,1,2Az,1.000,0.000,0.00,0.000,0.000,0.000,0.000,0.000,82,指定交易,上海A股,
