account,code,name,open_date,close_date,hold_days,buy_price,sell_price,pnl_net,pnl_pct,t0_close_pct,max_float_gain,max_float_loss,n_buys_in_rt,gave_back_pct,scenario
账户1,000099,中信海直,2025-09-02,2025-10-21,49.0,24.21,21.77,-1235.67,-10.08,-0.28913672036349203,2.189178025609251,-11.565468814539448,1,12.26917802560925,G. 其他亏损
账户1,000547,航天发展,2026-01-13,2026-01-14,1.0,36.47,34.32,-1754.33,-5.9,-1.2887304633945718,4.743624897175769,-11.159857417055118,2,10.64362489717577,E. 买了就跌 → 割肉
账户1,000547,航天发展,2026-01-13,2026-01-14,1.0,36.8,34.32,-1513.83,-6.74,-2.1739130434782483,3.8043478260869623,-11.956521739130432,2,10.544347826086963,E. 买了就跌 → 割肉
账户1,000559,万向钱潮,2026-01-22,2026-01-28,6.0,19.967,17.7,-2976.43,-11.35,-1.4373716632443467,4.372214153353049,-12.305303751189445,1,15.722214153353049,D. 买了就跌 → 死扛到大亏
账户1,000592,平潭发展,2025-11-24,2025-12-17,23.0,9.85,14.01,820.55,42.23,-1.624365482233503,62.1319796954315,-8.324873096446705,1,19.9019796954315,F. 其他盈利
账户1,000592,平潭发展,2026-05-08,2026-05-11,3.0,11.43,11.48,211.92,0.44,0.08748906386701893,5.336832895888,-2.012248468941391,1,4.896832895887999,F. 其他盈利
账户1,000630,铜陵有色,2026-03-16,2026-03-17,1.0,6.53,6.76,776.22,3.52,1.8376722817764257,5.053598774885137,-1.071975497702915,1,1.5335987748851374,C. 买了就涨 → 落袋(部分利润 · 或最大浮盈的一部分)
账户1,000737,北方铜业,2026-02-03,2026-02-27,24.0,17.19,17.87,1843.23,3.96,4.653868528214056,9.831297265852236,-9.249563699825492,2,5.8712972658522355,C. 买了就涨 → 落袋(部分利润 · 或最大浮盈的一部分)
账户1,000737,北方铜业,2026-02-05,2026-02-27,22.0,16.4,17.87,144.86,8.96,0.6097560975609762,10.2439024390244,-4.8780487804877986,1,1.2839024390243985,F. 其他盈利
账户1,000737,北方铜业,2026-02-05,2026-03-02,25.0,16.4,17.77,4046.0,8.35,0.6097560975609762,15.243902439024382,-4.8780487804877986,1,6.893902439024382,F. 其他盈利
账户1,000759,中百集团,2025-12-24,2025-12-29,5.0,9.09,8.11,-3069.99,-10.78,-3.300330033003307,4.510451045104502,-11.441144114411427,1,15.2904510451045,D. 买了就跌 → 死扛到大亏
账户1,000762,西藏矿业,2026-04-02,2026-04-03,1.0,31.26,31.26,-53.76,0.0,0.0,2.847088931541908,-10.812539987204106,1,2.847088931541908,G. 其他亏损
账户1,000762,西藏矿业,2026-04-02,2026-04-03,1.0,31.26,30.51,-1102.85,-2.4,0.0,2.847088931541908,-10.812539987204106,1,5.247088931541908,G. 其他亏损
账户1,000777,中核科技,2026-03-13,2026-03-17,4.0,26.79,26.17,-73.37,-2.31,0.18663680477790656,1.4930944382232303,-7.876073161627472,1,3.8030944382232303,G. 其他亏损
账户1,000831,中国稀土,2025-09-01,2025-09-02,1.0,57.34,62.51,1017.51,9.02,3.104290198814086,10.010463899546561,-2.1102197418904844,1,0.9904638995465618,C. 买了就涨 → 落袋(部分利润 · 或最大浮盈的一部分)
账户1,000831,中国稀土,2025-09-03,2025-10-13,40.0,56.51,58.87,686.56,4.18,1.1679348787825283,8.246328083525057,-15.165457441160857,4,4.0663280835250575,C. 买了就涨 → 落袋(部分利润 · 或最大浮盈的一部分)
账户1,000831,中国稀土,2025-09-04,2025-10-13,39.0,52.82,58.87,2391.96,11.45,-1.8553578190079412,13.858386974630822,-9.238924649753887,3,2.4083869746308224,F. 其他盈利
账户1,000831,中国稀土,2025-09-18,2025-10-13,25.0,52.8,58.87,1198.71,11.5,-1.1174242424242364,13.901515151515165,-9.204545454545453,2,2.4015151515151647,F. 其他盈利
账户1,000831,中国稀土,2025-09-18,2025-10-13,25.0,52.8,58.87,1198.71,11.5,-1.1174242424242364,13.901515151515165,-9.204545454545453,2,2.4015151515151647,F. 其他盈利
账户1,000831,中国稀土,2025-10-20,2025-10-27,7.0,54.47,55.81,124.13,2.46,1.1198825041307092,4.2775839911878055,-3.5065173489994383,2,1.8175839911878056,C. 买了就涨 → 落袋(部分利润 · 或最大浮盈的一部分)
账户1,000831,中国稀土,2025-10-23,2025-10-27,4.0,52.81,55.81,1173.02,5.68,1.3823139556901953,7.555387237265654,-0.47339519030487054,1,1.8753872372656542,C. 买了就涨 → 落袋(部分利润 · 或最大浮盈的一部分)
账户1,000831,中国稀土,2025-11-27,2025-12-19,22.0,46.6,45.05,-802.95,-3.33,-1.244635193133048,3.7982832618025597,-8.58369098712446,1,7.12828326180256,E. 买了就跌 → 割肉
账户1,000831,中国稀土,2025-11-27,2025-12-22,25.0,46.6,45.79,-346.61,-1.74,-1.244635193133048,3.7982832618025597,-8.58369098712446,1,5.53828326180256,E. 买了就跌 → 割肉
账户1,000889,中嘉博创,2026-04-28,2026-04-29,1.0,4.78,4.91,244.89,2.72,2.7196652719665204,4.184100418410042,-6.903765690376574,1,1.4641004184100415,C. 买了就涨 → 落袋(部分利润 · 或最大浮盈的一部分)
账户1,000890,法尔胜,2026-03-17,2026-03-18,1.0,12.64,13.17,408.52,4.19,6.170886075949356,10.759493670886066,-3.401898734177211,1,6.569493670886065,C. 买了就涨 → 落袋(部分利润 · 或最大浮盈的一部分)
账户1,000912,泸天化,2026-03-03,2026-03-04,1.0,5.7,5.35,-2354.22,-6.14,-5.263157894736836,2.4561403508771784,-12.807017543859656,1,8.596140350877178,E. 买了就跌 → 割肉
账户1,000938,紫光股份,2025-09-09,2025-10-27,48.0,26.65,28.28,1276.69,6.12,-1.1257035647279423,20.675422138836772,-1.3883677298311303,1,14.555422138836771,F. 其他盈利
账户1,000968,蓝焰控股,2026-03-27,2026-03-30,3.0,11.49,10.99,-2414.27,-4.35,0.6962576153176636,6.005221932114879,-5.308964316797205,1,10.35522193211488,G. 其他亏损
账户1,000993,闽东电力,2026-04-28,2026-04-29,1.0,12.9,12.54,-1013.95,-2.79,-1.4728682170542573,0.3875968992248069,-6.04651162790698,1,3.177596899224807,E. 买了就跌 → 割肉
账户1,001309,德明利,2026-02-09,2026-02-13,4.0,239.94,251.24,1099.55,4.71,0.4334416937567642,5.968158706343241,-2.3422522297240955,1,1.2581587063432407,F. 其他盈利
账户1,002025,航天电器,2026-03-25,2026-03-27,2.0,65.62,59.96,-1147.49,-8.63,-0.8229198415117489,4.388905821395905,-11.139896373057,2,13.018905821395906,G. 其他亏损
账户1,002025,航天电器,2026-03-25,2026-03-27,2.0,65.0,59.96,-514.25,-7.75,0.12307692307691465,5.384615384615388,-10.29230769230769,2,13.134615384615387,G. 其他亏损
账户1,002025,航天电器,2026-04-29,2026-04-30,1.0,68.8,71.99,930.82,4.64,-1.6424418604651048,8.197674418604661,-1.9767441860465085,1,3.5576744186046616,F. 其他盈利
账户1,002031,巨轮智能,2026-05-14,2026-05-15,1.0,7.72,7.26,-56.38,-5.96,-1.0362694300518172,8.808290155440424,-6.994818652849744,1,14.768290155440425,D. 买了就跌 → 死扛到大亏
账户1,002036,联创电子,2026-05-25,2026-05-26,1.0,10.68,10.66,-31.4,-0.19,-3.3707865168539297,2.3408239700374533,-5.149812734082381,1,2.5308239700374533,E. 买了就跌 → 割肉
账户1,002036,联创电子,2026-05-25,2026-05-28,3.0,10.68,9.62,-9113.71,-9.93,-3.3707865168539297,2.3408239700374533,-10.95505617977528,2,12.270823970037453,D. 买了就跌 → 死扛到大亏(且加仓)
账户1,002036,联创电子,2026-05-27,2026-05-28,1.0,10.19,9.62,-3026.51,-5.59,-1.6683022571148176,6.280667320902844,-6.67320902845927,1,11.870667320902843,D. 买了就跌 → 死扛到大亏
账户1,002049,紫光国微,2025-08-20,2025-08-22,2.0,79.64,82.64,495.18,3.77,2.7875439477649477,6.077348066298338,-0.665494726268212,1,2.307348066298338,C. 买了就涨 → 落袋(部分利润 · 或最大浮盈的一部分)
账户1,002050,三花智控,2026-01-22,2026-01-28,6.0,56.79,51.43,-4340.08,-9.44,-1.3382637788343033,3.18718084169749,-10.582849093150204,1,12.62718084169749,D. 买了就跌 → 死扛到大亏
账户1,002081,金 螳 螂,2026-05-29,2026-06-01,3.0,6.16,6.29,192.77,2.11,0.0,10.064935064935066,-9.902597402597413,1,7.954935064935066,F. 其他盈利
账户1,002082,万邦德,2026-04-01,2026-04-02,1.0,33.22,33.3,207.35,0.24,-0.06020469596627054,4.545454545454541,-11.830222757375076,1,4.305454545454541,F. 其他盈利
账户1,002149,西部材料,2026-02-27,2026-03-02,3.0,52.48,55.6,3052.85,5.95,-0.724085365853655,9.203506097560975,-5.487804878048774,2,3.253506097560975,F. 其他盈利
账户1,002149,西部材料,2026-03-02,2026-03-03,1.0,54.35,55.0,640.94,1.2,1.3431462741490208,5.446182152713885,-8.794848206071759,1,4.246182152713885,C. 买了就涨 → 落袋(部分利润 · 或最大浮盈的一部分)
账户1,002149,西部材料,2026-03-16,2026-03-17,1.0,42.85,43.43,263.43,1.35,4.2940490081680105,4.690781796966159,-2.0770128354725803,2,3.340781796966159,C. 买了就涨 → 落袋(部分利润 · 或最大浮盈的一部分)
账户1,002149,西部材料,2026-03-16,2026-03-17,1.0,43.76,43.43,-41.79,-0.75,2.12522851919561,2.5137111517367527,-4.113345521023759,2,3.2637111517367527,G. 其他亏损
账户1,002171,楚江新材,2026-06-15,2026-06-16,1.0,13.86,14.28,2093.59,3.03,-0.649350649350644,7.3593073593073655,-2.886002886002881,2,4.329307359307366,F. 其他盈利
账户1,002171,楚江新材,2026-06-16,2026-06-17,1.0,14.09,15.1,5058.28,7.17,1.7743080198722394,9.865152590489723,-3.477643718949608,2,2.695152590489723,C. 买了就涨 → 落袋(部分利润 · 或最大浮盈的一部分)
账户1,002171,楚江新材,2026-06-17,2026-07-01,14.0,14.4,13.62,-4144.46,-5.42,4.166666666666674,14.374999999999982,-10.208333333333341,3,19.79499999999998,A. 买了就涨 → 没跑 → 变大亏(且加仓)
账户1,002171,楚江新材,2026-06-18,2026-07-01,13.0,15.11,13.62,-5124.71,-9.86,1.7868960953011381,9.000661813368627,-14.42753143613501,2,18.860661813368626,A. 买了就涨 → 没跑 → 变大亏(且加仓)
账户1,002171,楚江新材,2026-06-23,2026-07-01,8.0,14.88,13.62,-2171.22,-8.47,-0.5376344086021501,9.744623655913953,-13.104838709677423,1,18.214623655913954,G. 其他亏损
账户1,002175,东方智造,2025-12-23,2026-01-06,14.0,4.85,4.56,-1360.25,-5.98,-2.268041237113394,7.2164948453608435,-9.072164948453597,1,13.196494845360844,E. 买了就跌 → 割肉
账户1,002178,延华智能,2026-03-05,2026-03-06,1.0,7.2,6.84,-2837.68,-5.0,-5.555555555555558,1.9444444444444375,-8.472222222222225,1,6.9444444444444375,E. 买了就跌 → 割肉
账户1,002190,成飞集成,2026-05-12,2026-05-14,2.0,32.628,32.33,-540.5,-0.91,1.7530955007968752,11.499325732499699,-9.464263822483755,1,12.409325732499699,B. 买了就涨 → 没跑 → 变小亏
账户1,002192,融捷股份,2026-05-20,2026-05-22,2.0,90.52,84.71,-6507.76,-6.42,-0.11047282368537026,1.4030048608042467,-7.688908528501981,2,7.823004860804247,G. 其他亏损
账户1,002192,融捷股份,2026-05-20,2026-05-22,2.0,90.52,84.14,-648.56,-7.05,-0.11047282368537026,1.4030048608042467,-7.688908528501981,2,8.453004860804246,G. 其他亏损
账户1,002192,融捷股份,2026-05-21,2026-05-22,1.0,89.686,84.14,-2825.68,-6.18,-4.344044778449252,1.7661619427781217,-6.830497513547273,1,7.946161942778121,D. 买了就跌 → 死扛到大亏
账户1,002241,歌尔股份,2025-10-20,2025-10-21,1.0,30.25,32.23,382.66,6.55,0.5289256198347081,7.438016528925617,-0.19834710743801276,1,0.8880165289256174,F. 其他盈利
账户1,002371,北方华创,2026-03-05,2026-03-06,1.0,463.94,467.82,330.68,0.84,0.5043755658059146,1.793335345087721,-1.9334396689226985,1,0.953335345087721,F. 其他盈利
账户1,002407,多氟多,2026-03-16,2026-03-17,1.0,30.28,29.36,-573.83,-3.04,0.8916776750330202,3.1704095112285335,-7.166446499339507,2,6.210409511228534,G. 其他亏损
账户1,002407,多氟多,2026-03-17,2026-03-18,1.0,28.48,27.82,-416.65,-2.32,0.6320224719101208,6.390449438202239,-5.58286516853933,1,8.71044943820224,G. 其他亏损
账户1,002423,中粮资本,2026-03-16,2026-03-17,1.0,11.31,10.97,-355.72,-3.01,-0.2652519893899252,1.5915119363395291,-3.1830238726790583,1,4.601511936339529,G. 其他亏损
账户1,002428,云南锗业,2026-03-25,2026-03-26,1.0,49.13,46.66,-1769.74,-5.03,-1.4247913698351322,0.0,-6.187665377569706,1,5.03,D. 买了就跌 → 死扛到大亏
账户1,002446,盛路通信,2026-07-01,2026-07-02,1.0,11.39,11.04,-4473.36,-3.07,-1.843722563652339,1.843722563652328,-3.863037752414411,1,4.913722563652328,D. 买了就跌 → 死扛到大亏
账户1,002456,欧菲光,2025-08-21,2025-08-22,1.0,12.71,13.22,681.99,4.01,-0.07867820613691734,5.7435090479937,-1.0228166797797034,2,1.7335090479937003,F. 其他盈利
账户1,002456,欧菲光,2025-08-21,2025-08-22,1.0,12.7,13.22,698.03,4.09,0.0,5.826771653543306,-0.9448818897637712,2,1.7367716535433058,F. 其他盈利
账户1,002456,欧菲光,2026-07-02,2026-07-06,4.0,9.65,9.08,-8197.15,-5.91,-1.865284974093262,4.663212435233155,-7.0466321243523256,1,10.573212435233156,D. 买了就跌 → 死扛到大亏
账户1,002463,沪电股份,2025-11-14,2025-11-26,12.0,62.18,70.29,5618.64,13.04,-0.9166934705693186,18.446445802508848,-4.213573496301059,1,5.406445802508848,F. 其他盈利
账户1,002463,沪电股份,2025-11-14,2025-11-26,12.0,62.18,71.37,908.1,14.78,-0.9166934705693186,18.446445802508848,-4.213573496301059,1,3.666445802508848,F. 其他盈利
账户1,002471,中超控股,2026-05-08,2026-05-11,3.0,8.74,8.81,485.49,0.8,0.22883295194506825,2.9748283752860427,-4.233409610983996,1,2.174828375286043,F. 其他盈利
账户1,002475,立讯精密,2025-10-17,2025-10-21,4.0,55.78,60.57,941.71,8.59,-0.5198996055933991,12.710648978128347,-0.6812477590534272,1,4.120648978128347,F. 其他盈利
账户1,002491,通鼎互联,2026-06-05,2026-06-08,3.0,25.05,25.58,748.16,2.12,-0.9181636726546927,14.091816367265464,-10.738522954091822,1,11.971816367265465,F. 其他盈利
账户1,002565,顺灏股份,2026-03-19,2026-03-24,5.0,16.94,16.485,-760.65,-2.69,1.298701298701288,3.1877213695395534,-11.097992916174737,2,5.877721369539554,B. 买了就涨 → 没跑 → 变小亏
账户1,002565,顺灏股份,2026-03-20,2026-03-24,4.0,16.42,16.485,94.04,0.4,-5.9683313032886876,6.272838002436032,-8.282582216808777,1,5.872838002436032,F. 其他盈利
账户1,002575,群兴玩具,2026-05-13,2026-05-14,1.0,7.39,7.66,2841.5,3.65,0.4059539918809252,10.419485791610295,-5.683355886332886,1,6.769485791610295,F. 其他盈利
账户1,002611,东方精工,2026-01-30,2026-02-05,6.0,17.91,17.73,-585.34,-1.01,0.05583472920156485,1.6192071468453362,-1.3958682300390879,1,2.629207146845336,G. 其他亏损
账户1,002611,东方精工,2026-02-13,2026-02-27,14.0,18.13,18.06,-138.31,-0.39,-0.8825151682294585,0.661886376172105,-1.765030336458906,1,1.0518863761721051,G. 其他亏损
账户1,002611,东方精工,2026-05-19,2026-05-20,1.0,19.92,18.94,-108.99,-4.92,2.158634538152615,4.267068273092356,-5.371485943775101,1,9.187068273092356,A. 买了就涨 → 没跑 → 变大亏
账户1,002640,跨境通,2026-05-11,2026-05-12,1.0,4.35,4.55,2411.55,4.6,4.367816091954024,5.977011494252893,-6.206896551724128,1,1.3770114942528933,C. 买了就涨 → 落袋(部分利润 · 或最大浮盈的一部分)
账户1,002640,跨境通,2026-05-11,2026-05-12,1.0,4.35,4.36,57.67,0.23,4.367816091954024,5.977011494252893,-6.206896551724128,1,5.7470114942528925,C. 买了就涨 → 落袋(部分利润 · 或最大浮盈的一部分)
账户1,002771,真视通,2026-03-05,2026-03-06,1.0,15.85,15.95,185.02,0.63,-1.3880126182965191,3.343848580441633,-2.208201892744477,1,2.713848580441633,F. 其他盈利
账户1,002792,通宇通讯,2026-02-03,2026-02-09,6.0,50.92,50.62,-181.14,-0.59,3.7117046347211247,8.091123330714844,-5.518460329929309,1,8.681123330714843,B. 买了就涨 → 没跑 → 变小亏
账户1,002831,裕同科技,2026-04-03,2026-04-08,5.0,34.995,36.57,2295.97,4.5,0.8429775682240459,6.8724103443349005,-6.929561365909409,1,2.3724103443349005,F. 其他盈利
账户1,002897,意华股份,2026-05-19,2026-05-20,1.0,71.5,72.9,1966.48,1.96,2.78321678321678,4.167832167832164,-8.783216783216785,1,2.207832167832164,C. 买了就涨 → 落袋(部分利润 · 或最大浮盈的一部分)
账户1,002897,意华股份,2026-05-19,2026-05-20,1.0,71.5,71.06,-791.1,-0.62,2.78321678321678,4.167832167832164,-8.783216783216785,1,4.787832167832164,B. 买了就涨 → 没跑 → 变小亏
账户1,002931,锋龙股份,2026-03-16,2026-03-17,1.0,74.15,73.11,-117.8,-1.4,-0.9844908968307586,11.935266351989204,-4.383007417397167,1,13.335266351989205,G. 其他亏损
账户1,002971,和远气体,2026-01-08,2026-01-09,1.0,32.804,31.566,-1660.38,-3.77,2.517985611510798,2.517985611510798,-5.224972564321428,1,6.287985611510798,G. 其他亏损
账户1,003035,南网能源,2026-05-28,2026-06-01,4.0,7.31,7.18,-1249.79,-1.78,-0.5471956224350261,4.514363885088923,-6.0191518467852205,1,6.294363885088924,G. 其他亏损
账户1,003035,南网能源,2026-05-28,2026-06-01,4.0,7.31,7.2,-1069.95,-1.5,-0.5471956224350261,4.514363885088923,-6.0191518467852205,1,6.014363885088923,G. 其他亏损
账户1,300003,乐普医疗,2026-01-06,2026-01-07,1.0,19.99,18.96,-2212.69,-5.15,-2.401200600300135,3.3016508254127164,-7.5037518759379696,1,8.451650825412717,E. 买了就跌 → 割肉
账户1,300014,亿纬锂能,2026-04-09,2026-04-14,5.0,65.5,70.42,2417.65,7.51,-0.595419847328249,10.687022900763354,-2.2748091603053355,1,3.1770229007633546,F. 其他盈利
账户1,300136,信维通信,2026-06-11,2026-06-15,4.0,100.0,95.921,-6297.44,-4.08,-0.7199999999999984,5.000000000000004,-9.999999999999998,1,9.080000000000005,G. 其他亏损
账户1,300164,通源石油,2026-03-03,2026-03-04,1.0,21.69,23.05,6261.27,6.27,0.04610419548178868,18.948824343015215,-18.07284462886123,1,12.678824343015215,F. 其他盈利
账户1,300185,通裕重工,2026-06-10,2026-06-11,1.0,2.86,2.75,-4706.96,-3.85,0.0,2.0979020979021046,-8.391608391608385,1,5.947902097902105,G. 其他亏损
账户1,300209,行云科技,2026-06-04,2026-06-05,1.0,27.1,25.881,-2001.98,-4.5,-4.391143911439121,2.435424354243554,-9.188191881918828,2,6.935424354243554,E. 买了就跌 → 割肉
账户1,300209,行云科技,2026-06-04,2026-06-05,1.0,26.52,25.881,-269.66,-2.41,-2.300150829562597,4.675716440422328,-7.202111613876316,2,7.0857164404223285,E. 买了就跌 → 割肉
账户1,300274,阳光电源,2026-03-17,2026-03-18,1.0,174.44,161.7,-5177.3,-7.3,-4.563173584040358,1.542077505159356,-7.509745471222196,2,8.842077505159356,D. 买了就跌 → 死扛到大亏(且加仓)
账户1,300274,阳光电源,2026-03-18,2026-03-19,1.0,163.52,163.64,-24.28,0.07,1.8774461839530243,4.195205479452047,-1.3331702544031376,1,4.125205479452046,C. 买了就涨 → 落袋(部分利润 · 或最大浮盈的一部分)
账户1,300395,菲利华,2026-05-12,2026-05-13,1.0,136.219,146.49,5047.41,7.54,8.76603117039474,10.483853206968185,-3.992835067061129,1,2.9438532069681846,C. 买了就涨 → 落袋(部分利润 · 或最大浮盈的一部分)
账户1,300395,菲利华,2026-05-12,2026-05-14,2.0,136.219,143.55,4294.42,5.38,8.76603117039474,10.483853206968185,-3.992835067061129,1,5.103853206968185,C. 买了就涨 → 落袋(部分利润 · 或最大浮盈的一部分)
账户1,300395,菲利华,2026-05-15,2026-05-19,4.0,138.0,129.952,-1642.11,-5.83,-3.021739130434775,4.021739130434798,-7.427536231884058,4,9.851739130434797,D. 买了就跌 → 死扛到大亏(且加仓)
账户1,300395,菲利华,2026-05-15,2026-05-19,4.0,135.8,129.952,-2403.9,-4.31,-1.450662739322528,5.706921944035348,-5.927835051546404,4,10.016921944035348,D. 买了就跌 → 死扛到大亏(且加仓)
账户1,300395,菲利华,2026-05-15,2026-05-19,4.0,134.24,129.952,-1334.75,-3.19,-0.30542312276519157,6.935339690107267,-4.834624553039335,4,10.125339690107268,G. 其他亏损
账户1,300395,菲利华,2026-05-15,2026-05-19,4.0,134.44,129.952,-1394.78,-3.34,-0.4537340077357843,6.7762570663493005,-4.976197560249929,4,10.1162570663493,G. 其他亏损
账户1,300397,天和防务,2026-05-20,2026-05-21,1.0,14.813,14.383,-1612.16,-2.9,-2.585566731924671,1.1273881050428702,-6.09599675960305,2,4.027388105042871,E. 买了就跌 → 割肉
账户1,300397,天和防务,2026-05-20,2026-05-21,1.0,14.66,14.383,-1090.65,-1.89,-1.568894952251021,2.1828103683492417,-5.115961800818559,2,4.072810368349241,E. 买了就跌 → 割肉
账户1,300409,道氏技术,2026-01-07,2026-01-08,1.0,32.0,30.84,-1557.81,-3.63,-2.6562500000000044,4.968750000000011,-5.687500000000001,1,8.59875000000001,E. 买了就跌 → 割肉
账户1,300433,蓝思科技,2026-05-15,2026-05-19,4.0,34.6,38.0,5367.3,9.83,-1.1271676300578015,17.052023121387272,-4.161849710982668,1,7.222023121387272,F. 其他盈利
账户1,300433,蓝思科技,2026-05-21,2026-05-22,1.0,37.62,38.19,45.01,1.52,-2.9505582137161035,2.472089314194581,-6.273258904837853,1,0.952089314194581,F. 其他盈利
账户1,300474,景嘉微,2026-03-04,2026-03-06,2.0,69.09,67.55,-811.78,-2.23,-1.5342307135620237,2.460558691561743,-7.150094080185266,2,4.690558691561742,E. 买了就跌 → 割肉
账户1,300474,景嘉微,2026-03-04,2026-03-06,2.0,68.84,67.55,-412.03,-1.87,-1.1766414875072684,2.832655432887865,-6.812899477048228,2,4.702655432887865,E. 买了就跌 → 割肉
账户1,300502,新易盛,2026-02-26,2026-03-02,4.0,385.23,377.3,-839.63,-2.06,0.17392207252808767,0.8696103626404827,-9.991433688965035,2,2.929610362640483,G. 其他亏损
账户1,300502,新易盛,2026-02-27,2026-03-02,3.0,359.01,377.3,1783.33,5.09,0.23676220718087393,7.239352664271204,-3.41773209659898,1,2.1493526642712037,F. 其他盈利
账户1,300502,新易盛,2026-02-27,2026-03-02,3.0,359.01,383.8,2432.77,6.91,0.23676220718087393,7.239352664271204,-3.41773209659898,1,0.32935266427120347,F. 其他盈利
账户1,300723,一品红,2026-06-08,2026-06-10,2.0,34.859,34.07,-168.8,-2.26,-0.4274362431509804,8.953211509222857,-3.6403798158294753,1,11.213211509222857,G. 其他亏损
账户1,300723,一品红,2026-06-08,2026-06-11,3.0,34.859,33.4,-1350.49,-4.19,-0.4274362431509804,8.953211509222857,-4.759172667030032,1,13.143211509222859,G. 其他亏损
账户1,300768,迪普科技,2026-07-06,2026-07-07,1.0,15.07,15.44,1510.03,2.46,3.715992037159932,9.157266091572659,-4.777704047777043,1,6.697266091572659,C. 买了就涨 → 落袋(部分利润 · 或最大浮盈的一部分)
账户1,300768,迪普科技,2026-07-06,2026-07-07,1.0,15.07,15.401,1311.25,2.2,3.715992037159932,9.157266091572659,-4.777704047777043,1,6.9572660915726585,C. 买了就涨 → 落袋(部分利润 · 或最大浮盈的一部分)
账户1,300851,交大思诺,2026-05-26,2026-05-28,2.0,34.95,30.39,-925.17,-13.05,-1.0014306151645225,11.187410586552215,-15.250357653791136,1,24.237410586552215,E. 买了就跌 → 割肉
账户1,301069,凯盛新材,2026-06-09,2026-06-10,1.0,20.361,21.21,4610.33,4.17,5.544914296940218,7.951475860714119,-6.094985511517114,1,3.781475860714119,C. 买了就涨 → 落袋(部分利润 · 或最大浮盈的一部分)
账户1,301202,朗威股份,2026-06-01,2026-06-02,1.0,40.32,38.7,-834.07,-4.02,-2.2073412698412676,0.44642857142858094,-6.200396825396826,1,4.4664285714285805,E. 买了就跌 → 割肉
账户1,301277,新天地,2026-01-26,2026-01-30,4.0,13.04,12.68,-601.13,-2.76,0.38343558282210033,1.0736196319018454,-4.601226993865026,2,3.833619631901845,G. 其他亏损
账户1,301277,新天地,2026-01-26,2026-02-03,8.0,13.04,12.69,-256.0,-2.68,0.38343558282210033,1.0736196319018454,-4.601226993865026,2,3.7536196319018456,G. 其他亏损
账户1,301277,新天地,2026-01-28,2026-02-03,6.0,12.68,12.69,-16.74,0.08,-1.0252365930599305,1.1829652996845352,-1.8927444794952675,1,1.1029652996845352,F. 其他盈利
账户1,301277,新天地,2026-01-28,2026-02-27,30.0,12.68,12.78,320.48,0.79,-1.0252365930599305,1.6561514195583715,-1.8927444794952675,1,0.8661514195583715,F. 其他盈利
账户1,301293,三博脑科,2026-01-07,2026-01-08,1.0,90.49,98.26,3060.86,8.59,3.6799646369764627,13.824732014587248,-4.188308100342574,1,5.234732014587248,C. 买了就涨 → 落袋(部分利润 · 或最大浮盈的一部分)
账户1,301302,华如科技,2026-03-05,2026-03-06,1.0,34.32,33.88,-529.95,-1.28,-2.1270396270396175,8.68298368298368,-9.819347319347326,1,9.96298368298368,E. 买了就跌 → 割肉
账户1,301308,江波龙,2026-03-17,2026-03-23,6.0,337.2,318.4,-1919.8,-5.58,-1.5717674970344042,9.309015421115063,-9.549228944246735,1,14.889015421115063,E. 买了就跌 → 割肉
账户1,600010,包钢股份,2026-04-03,2026-04-07,4.0,2.69,2.78,1100.06,3.35,-1.1152416356877248,4.089219330855021,-3.3457249070631967,1,0.7392193308550206,F. 其他盈利
账户1,600026,中远海能,2026-03-18,2026-03-23,5.0,24.42,24.12,-197.85,-1.23,1.8837018837018826,4.58640458640458,-7.166257166257162,2,5.81640458640458,B. 买了就涨 → 没跑 → 变小亏
账户1,600026,中远海能,2026-03-19,2026-03-23,4.0,23.972,24.12,82.9,0.62,-1.0095110962789922,5.456365760053394,-4.5553145336225676,1,4.836365760053394,F. 其他盈利
账户1,600026,中远海能,2026-03-19,2026-03-24,5.0,23.972,24.4,517.64,1.79,-1.0095110962789922,7.917570498915394,-4.5553145336225676,1,6.127570498915394,F. 其他盈利
账户1,600026,中远海能,2026-03-26,2026-03-31,5.0,24.47,21.93,-265.14,-10.38,-2.3293829178586023,3.514507560277891,-11.483449121373102,1,13.89450756027789,D. 买了就跌 → 死扛到大亏
账户1,600056,中国医药,2026-04-03,2026-04-14,11.0,11.59,10.6,-7625.69,-8.54,0.0,0.0,-11.044003451251072,1,8.54,G. 其他亏损
账户1,600096,云天化,2026-03-13,2026-03-16,3.0,43.91,41.34,-265.61,-5.85,-1.7763607378729063,2.7100888180369154,-7.765884764290587,4,8.560088818036915,D. 买了就跌 → 死扛到大亏(且加仓)
账户1,600096,云天化,2026-03-13,2026-03-16,3.0,43.81,41.34,-2773.85,-5.64,-1.5521570417712849,2.9445332115955347,-7.555352659210235,4,8.584533211595534,D. 买了就跌 → 死扛到大亏(且加仓)
账户1,600096,云天化,2026-03-13,2026-03-16,3.0,43.81,40.76,-2170.83,-6.96,-1.5521570417712849,2.9445332115955347,-7.555352659210235,4,9.904533211595535,D. 买了就跌 → 死扛到大亏(且加仓)
账户1,600096,云天化,2026-03-13,2026-03-16,3.0,43.58,40.76,-1722.65,-6.47,-1.0325837540155924,3.4878384580082633,-7.0674621385956815,4,9.957838458008263,D. 买了就跌 → 死扛到大亏(且加仓)
账户1,600096,云天化,2026-03-13,2026-03-17,4.0,43.58,40.3,-4329.9,-7.53,-1.0325837540155924,3.4878384580082633,-10.119320789352903,4,11.017838458008264,E. 买了就跌 → 割肉
账户1,600096,云天化,2026-03-16,2026-03-17,1.0,40.71,40.3,-275.79,-1.01,-0.04912797838370064,9.014984033407035,-3.7828543355440947,1,10.024984033407035,G. 其他亏损
账户1,600118,中国卫星,2026-01-08,2026-01-09,1.0,104.59,103.91,-242.35,-0.65,-2.476336169805915,4.216464289128985,-6.82665646811359,1,4.866464289128985,E. 买了就跌 → 割肉
账户1,600151,航天机电,2026-04-21,2026-04-28,7.0,15.17,13.89,-7785.17,-8.44,-0.3295978905735075,2.9004614370468085,-10.613052076466712,1,11.340461437046809,G. 其他亏损
账户1,600227,赤天化,2026-03-03,2026-03-04,1.0,3.49,3.18,-2731.98,-8.88,-4.871060171919783,0.0,-14.326647564469909,1,8.88,E. 买了就跌 → 割肉
账户1,600256,广汇能源,2026-03-03,2026-03-04,1.0,6.88,7.09,886.03,3.05,3.488372093023262,5.3779069767441845,-6.83139534883721,1,2.3279069767441847,C. 买了就涨 → 落袋(部分利润 · 或最大浮盈的一部分)
账户1,600276,恒瑞医药,2026-01-28,2026-02-02,5.0,56.56,56.52,-98.49,-0.07,-0.017680339462522454,5.710749646393198,-0.8486562942008558,1,5.780749646393199,G. 其他亏损
账户1,600343,航天动力,2026-04-14,2026-04-15,1.0,33.95,34.865,83.46,2.7,0.058910162002923094,5.567010309278353,-7.62886597938145,2,2.8670103092783528,F. 其他盈利
账户1,600343,航天动力,2026-04-14,2026-04-15,1.0,33.93,34.865,2052.79,2.76,0.11788977306217419,5.629236663719439,-7.5744179192455015,2,2.8692366637194393,F. 其他盈利
账户1,600376,首开股份,2026-03-24,2026-03-25,1.0,5.69,5.61,-417.22,-1.41,1.2302284710017375,8.787346221441128,-2.811950790861162,1,10.197346221441128,B. 买了就涨 → 没跑 → 变小亏
账户1,600391,航发科技,2025-09-02,2025-10-13,41.0,30.5,29.48,-318.74,-3.34,-0.5573770491803298,2.688524590163932,-17.7704918032787,2,6.028524590163932,G. 其他亏损
账户1,600391,航发科技,2025-09-03,2025-10-13,40.0,27.56,29.48,752.7,6.97,-0.907111756168355,10.304789550072568,-8.998548621190128,1,3.3347895500725686,F. 其他盈利
账户1,600488,津药药业,2026-04-16,2026-04-17,1.0,6.31,5.96,-4754.04,-5.55,-0.31695721077653616,6.022187004754365,-6.022187004754354,1,11.572187004754365,G. 其他亏损
账户1,600528,中铁工业,2026-03-31,2026-04-01,1.0,9.17,8.701,-9741.14,-5.11,0.0,4.689203925845153,-9.160305343511443,1,9.799203925845154,G. 其他亏损
账户1,600552,凯盛科技,2026-04-08,2026-04-09,1.0,12.52,12.82,853.06,2.4,1.3578274760383424,3.5942492012779548,-0.8785942492012699,1,1.1942492012779549,C. 买了就涨 → 落袋(部分利润 · 或最大浮盈的一部分)
账户1,600580,卧龙电驱,2025-09-01,2025-09-03,2.0,33.0,37.5,2227.75,13.64,3.1212121212121247,14.545454545454529,-5.454545454545457,3,0.9054545454545284,C. 买了就涨 → 落袋(部分利润 · 或最大浮盈的一部分)
账户1,600580,卧龙电驱,2025-09-01,2025-09-03,2.0,33.0,37.65,460.54,14.09,3.1212121212121247,14.545454545454529,-5.454545454545457,3,0.4554545454545291,C. 买了就涨 → 落袋(部分利润 · 或最大浮盈的一部分)
账户1,600580,卧龙电驱,2025-09-02,2025-09-03,1.0,32.52,37.65,2034.24,15.77,5.9040590405903925,16.236162361623595,-4.059040590405916,2,0.4661623616235957,C. 买了就涨 → 落袋(部分利润 · 或最大浮盈的一部分)
账户1,600580,卧龙电驱,2025-09-02,2025-10-27,55.0,32.52,49.2,3325.13,51.29,5.9040590405903925,74.87699876998768,-4.059040590405916,6,23.58699876998768,C. 买了就涨 → 落袋(部分利润 · 或最大浮盈的一部分)
账户1,600580,卧龙电驱,2025-09-02,2025-10-27,55.0,32.0,49.2,5142.15,53.75,7.624999999999993,77.71874999999999,-2.500000000000002,6,23.968749999999986,C. 买了就涨 → 落袋(部分利润 · 或最大浮盈的一部分)
账户1,600580,卧龙电驱,2025-10-14,2025-10-27,13.0,44.45,49.2,1407.13,10.69,-1.7097862767154193,11.99100112485938,-3.1721034870641263,4,1.301001124859381,F. 其他盈利
账户1,600580,卧龙电驱,2025-10-23,2025-10-27,4.0,45.61,49.2,1765.43,7.87,1.2716509537382015,9.142731857048902,-0.043850032887515766,3,1.2727318570489023,C. 买了就涨 → 落袋(部分利润 · 或最大浮盈的一部分)
账户1,600580,卧龙电驱,2025-10-23,2025-10-27,4.0,45.9,49.2,646.41,7.19,0.6318082788671076,8.453159041394343,-0.6753812636165479,3,1.263159041394343,F. 其他盈利
账户1,600580,卧龙电驱,2025-10-24,2025-10-27,3.0,46.18,49.2,1184.28,6.54,1.6673884798614091,7.795582503248166,-0.4330879168471302,1,1.2555825032481662,C. 买了就涨 → 落袋(部分利润 · 或最大浮盈的一部分)
账户1,600580,卧龙电驱,2026-01-19,2026-01-22,3.0,48.0,47.03,-4523.64,-2.02,0.8750000000000036,2.45833333333334,-3.1041666666666745,2,4.478333333333341,G. 其他亏损
账户1,600580,卧龙电驱,2026-01-22,2026-01-28,6.0,47.19,44.2,-4263.51,-6.34,-0.6145369781733412,2.6700572155117674,-7.946598855689768,1,9.010057215511768,G. 其他亏损
账户1,600580,卧龙电驱,2026-03-23,2026-03-26,3.0,41.47,38.99,-2275.92,-5.98,-1.6638533879913098,0.0,-10.778876296117668,1,5.98,E. 买了就跌 → 割肉
账户1,600693,东百集团,2026-01-13,2026-01-14,1.0,20.6,17.56,-15313.39,-14.76,-8.203883495145636,7.864077669902891,-17.37864077669904,1,22.624077669902892,E. 买了就跌 → 割肉
账户1,600722,金牛化工,2026-03-04,2026-03-05,1.0,11.6,11.76,378.6,1.38,3.2758620689655293,13.534482758620703,-4.31034482758621,1,12.154482758620702,C. 买了就涨 → 落袋(部分利润 · 或最大浮盈的一部分)
账户1,600722,金牛化工,2026-03-24,2026-03-25,1.0,16.64,16.01,-1169.82,-3.79,-4.026442307692301,3.3653846153846034,-9.915865384615385,1,7.1553846153846035,E. 买了就跌 → 割肉
账户1,600743,华远控股,2026-06-04,2026-06-05,1.0,2.54,2.46,-2491.53,-3.15,1.1811023622047223,11.41732283464567,-5.118110236220463,1,14.56732283464567,A. 买了就涨 → 没跑 → 变大亏
账户1,600759,洲际油气,2026-03-06,2026-03-12,6.0,8.1,7.5,-65.68,-7.41,1.7283950617283939,11.851851851851869,-14.691358024691347,1,19.26185185185187,A. 买了就涨 → 没跑 → 变大亏
账户1,600759,洲际油气,2026-03-06,2026-03-13,7.0,8.1,7.04,-751.57,-13.09,1.7283950617283939,11.851851851851869,-14.691358024691347,2,24.94185185185187,A. 买了就涨 → 没跑 → 变大亏(且加仓)
账户1,600759,洲际油气,2026-03-06,2026-03-13,7.0,8.1,7.03,-12300.89,-13.21,1.7283950617283939,11.851851851851869,-14.691358024691347,2,25.06185185185187,A. 买了就涨 → 没跑 → 变大亏(且加仓)
账户1,600759,洲际油气,2026-03-06,2026-03-13,7.0,8.1,7.0,-12753.49,-13.58,1.7283950617283939,11.851851851851869,-14.691358024691347,2,25.431851851851867,A. 买了就涨 → 没跑 → 变大亏(且加仓)
账户1,600759,洲际油气,2026-03-13,2026-03-31,18.0,6.98,5.88,-115.52,-15.76,0.5730659025787732,8.882521489971328,-18.481375358166186,2,24.64252148997133,G. 其他亏损
账户1,600759,洲际油气,2026-03-25,2026-03-31,6.0,6.08,5.88,-1969.29,-3.29,0.164473684210531,6.414473684210531,-6.41447368421052,1,9.70447368421053,G. 其他亏损
账户1,600821,金开新能,2026-03-18,2026-03-20,2.0,10.67,11.79,3096.59,10.5,-2.0618556701030966,14.33926897844422,-8.247422680412376,1,3.8392689784442204,F. 其他盈利
账户1,600857,宁波中百,2026-05-14,2026-05-15,1.0,14.697,14.07,-2384.67,-4.27,5.599782268490161,5.803905558957623,-8.348642580118382,1,10.073905558957623,A. 买了就涨 → 没跑 → 变大亏
账户1,600863,华能蒙电,2026-04-13,2026-04-14,1.0,4.8,4.71,-28.49,-1.87,0.0,2.5000000000000133,-3.541666666666665,1,4.370000000000013,G. 其他亏损
账户1,600865,百大集团,2026-01-08,2026-01-13,5.0,17.4,16.835,-3573.88,-3.25,-1.2643678160919491,8.218390804597696,-8.908045977011492,1,11.468390804597696,E. 买了就跌 → 割肉
账户1,600936,北投科技,2026-05-22,2026-05-25,3.0,5.7,6.03,22.68,5.79,1.403508771929829,9.64912280701753,-3.157894736842115,1,3.8591228070175303,C. 买了就涨 → 落袋(部分利润 · 或最大浮盈的一部分)
账户1,600936,北投科技,2026-06-02,2026-06-04,2.0,5.83,6.15,529.87,5.49,1.5437392795883298,14.23670668953687,-10.806174957118353,4,8.74670668953687,C. 买了就涨 → 落袋(部分利润 · 或最大浮盈的一部分)
账户1,600936,北投科技,2026-06-03,2026-06-04,1.0,6.2,6.15,-310.88,-0.81,5.000000000000004,7.41935483870968,-3.2258064516129115,3,8.22935483870968,B. 买了就涨 → 没跑 → 变小亏
账户1,600936,北投科技,2026-06-03,2026-06-04,1.0,6.08,6.15,331.1,1.15,7.072368421052633,9.539473684210531,-1.3157894736842146,3,8.38947368421053,C. 买了就涨 → 落袋(部分利润 · 或最大浮盈的一部分)
账户1,600936,北投科技,2026-06-04,2026-06-05,1.0,6.64,5.93,-4664.01,-10.69,-7.078313253012047,0.3012048192771122,-14.156626506024095,1,10.991204819277112,E. 买了就跌 → 割肉
账户1,600936,北投科技,2026-06-08,2026-06-09,1.0,5.81,5.45,-3338.11,-6.2,-3.9586919104991347,1.0327022375215211,-6.884681583476759,3,7.232702237521521,D. 买了就跌 → 死扛到大亏(且加仓)
账户1,600936,北投科技,2026-06-08,2026-06-09,1.0,5.77,5.45,-1470.65,-5.55,-3.2928942807625594,1.7331022530329365,-6.239168110918536,3,7.283102253032936,D. 买了就跌 → 死扛到大亏(且加仓)
账户1,600936,北投科技,2026-06-08,2026-06-09,1.0,5.6,5.45,-1159.93,-2.68,-0.35714285714284477,4.8214285714285765,-3.392857142857131,3,7.501428571428576,G. 其他亏损
账户1,600938,中国海油,2026-03-12,2026-03-13,1.0,42.8,41.68,-124.16,-2.62,0.4672897196261738,2.009345794392514,-3.2710280373831724,1,4.629345794392514,G. 其他亏损
账户1,600989,宝丰能源,2026-03-10,2026-03-12,2.0,29.14,33.48,422.27,14.89,-0.6520247083047437,18.737131091283455,-5.353466026081,2,3.8471310912834547,F. 其他盈利
账户1,600989,宝丰能源,2026-03-10,2026-03-12,2.0,29.21,33.67,4862.27,15.27,-0.8901061280383482,18.452584731256415,-5.580280725778852,2,3.1825847312564157,F. 其他盈利
账户1,600995,南网储能,2026-06-01,2026-06-03,2.0,15.93,15.58,-812.38,-2.2,2.5737602008788496,3.264281230382915,-6.591337099811668,1,5.464281230382915,B. 买了就涨 → 没跑 → 变小亏
账户1,601099,太平洋,2025-09-03,2025-10-17,44.0,4.43,4.42,-9.15,-0.23,-1.8058690744921058,17.83295711060948,-2.2573363431151128,1,18.06295711060948,E. 买了就跌 → 割肉
账户1,601099,太平洋,2025-09-03,2025-10-21,48.0,4.43,4.47,127.74,0.9,-1.8058690744921058,17.83295711060948,-2.2573363431151128,1,16.932957110609482,F. 其他盈利
账户1,601138,工业富联,2026-01-15,2026-01-16,1.0,60.963,62.94,6271.38,3.24,-0.28377868543214557,4.981710217673019,-3.400423207519321,1,1.7417102176730186,F. 其他盈利
账户1,601238,广汽集团,2026-01-06,2026-01-13,7.0,8.25,8.53,647.1,3.39,3.7575757575757596,5.090909090909079,-0.12121212121212199,1,1.7009090909090792,C. 买了就涨 → 落袋(部分利润 · 或最大浮盈的一部分)
账户1,601288,农业银行,2026-01-07,2026-01-08,1.0,7.51,7.41,-643.92,-1.33,-0.26631158455392434,0.3994673768308976,-1.9973368841544548,2,1.7294673768308977,G. 其他亏损
账户1,601288,农业银行,2026-01-07,2026-01-08,1.0,7.51,7.42,-575.05,-1.2,-0.26631158455392434,0.3994673768308976,-1.9973368841544548,2,1.5994673768308976,G. 其他亏损
账户1,601288,农业银行,2026-01-07,2026-01-08,1.0,7.49,7.42,-158.28,-0.93,0.0,0.6675567423231055,-1.735647530040052,2,1.5975567423231056,G. 其他亏损
账户1,601288,农业银行,2026-01-07,2026-01-13,6.0,7.49,7.66,642.62,2.27,0.0,2.8037383177569986,-2.1361815754339153,2,0.5337383177569985,F. 其他盈利
账户1,601606,长城军工,2026-01-05,2026-01-06,1.0,48.96,48.71,-681.85,-0.51,1.0212418300653558,4.289215686274517,-1.2663398692810413,1,4.799215686274517,B. 买了就涨 → 没跑 → 变小亏
账户1,601606,长城军工,2026-01-28,2026-01-30,2.0,46.23,45.72,-396.45,-1.1,-0.021630975556996557,1.7737399956738065,-2.2712524334847495,1,2.8737399956738066,G. 其他亏损
账户1,601606,长城军工,2026-01-28,2026-02-03,6.0,46.23,44.19,-838.01,-4.41,-0.021630975556996557,1.7737399956738065,-5.256327060350419,1,6.183739995673807,G. 其他亏损
账户1,601872,招商轮船,2026-03-09,2026-03-10,1.0,17.64,16.69,-1844.59,-5.39,-10.8843537414966,0.0,-12.301587301587302,1,5.39,E. 买了就跌 → 割肉
账户1,601975,招商南油,2026-03-16,2026-03-17,1.0,4.81,4.95,90.0,2.91,0.0,6.8607068607068555,-9.979209979209969,1,3.9507068607068554,F. 其他盈利
账户1,601975,招商南油,2026-03-16,2026-03-18,2.0,4.81,4.85,163.49,0.83,0.0,6.8607068607068555,-9.979209979209969,1,6.0307068607068555,F. 其他盈利
账户1,601991,大唐发电,2026-03-13,2026-03-16,3.0,4.9,4.52,-2815.53,-7.76,-3.2653061224489854,1.8367346938775508,-12.857142857142867,1,9.59673469387755,E. 买了就跌 → 割肉
账户1,603026,石大胜华,2026-03-26,2026-03-30,4.0,84.9,93.18,3267.42,9.75,0.4946996466431042,13.027090694935195,-9.646643109540653,1,3.277090694935195,F. 其他盈利
账户1,603083,剑桥科技,2025-10-30,2025-11-13,14.0,112.1,107.17,-1012.68,-4.4,-0.9812667261373753,4.264049955396976,-12.658340767172172,5,8.664049955396976,G. 其他亏损
账户1,603083,剑桥科技,2025-10-30,2025-11-13,14.0,111.81,107.17,-954.66,-4.15,-0.7244432519452615,4.534478132546282,-12.43180395313479,5,8.684478132546282,G. 其他亏损
账户1,603083,剑桥科技,2025-10-31,2025-11-14,14.0,106.03,109.9,1120.93,3.65,-2.819956616052055,6.451004432707719,-7.658209940582861,3,2.801004432707719,F. 其他盈利
账户1,603083,剑桥科技,2025-10-31,2025-11-14,14.0,105.1,109.9,933.34,4.57,-1.9600380589914201,7.3929590865842165,-6.8411037107516615,3,2.8229590865842162,F. 其他盈利
账户1,603083,剑桥科技,2025-10-31,2025-11-18,18.0,103.4,114.48,2188.68,10.72,-0.34816247582204474,13.829787234042556,-5.309477756286274,3,3.109787234042555,F. 其他盈利
账户1,603083,剑桥科技,2026-02-02,2026-02-26,24.0,107.01,107.95,323.14,0.88,0.0,8.186150827025497,-7.6348004859359,1,7.306150827025497,F. 其他盈利
账户1,603158,腾龙股份,2026-06-05,2026-06-08,3.0,16.655,15.9,-5811.07,-4.53,-2.1314920444311047,2.671870309216451,-7.415190633443414,1,7.201870309216451,E. 买了就跌 → 割肉
账户1,603259,药明康德,2025-09-01,2025-10-21,50.0,103.23,101.7,-166.89,-1.48,8.088733895185495,12.16700571539282,-8.117795214569412,4,13.64700571539282,B. 买了就涨 → 没跑 → 变小亏
账户1,603259,药明康德,2025-10-13,2025-10-21,8.0,98.6,101.7,595.24,3.14,1.1460446247464562,3.884381338742404,-3.8032454361054735,3,0.7443813387424041,C. 买了就涨 → 落袋(部分利润 · 或最大浮盈的一部分)
账户1,603259,药明康德,2025-10-13,2025-10-21,8.0,98.51,101.7,305.11,3.24,1.2384529489391838,3.9792914424931602,-3.7153588468175958,3,0.73929144249316,C. 买了就涨 → 落袋(部分利润 · 或最大浮盈的一部分)
账户1,603259,药明康德,2025-10-13,2025-10-21,8.0,98.11,101.7,693.27,3.66,1.6512078279482312,4.403220874528602,-3.3228009377229695,3,0.7432208745286015,C. 买了就涨 → 落袋(部分利润 · 或最大浮盈的一部分)
账户1,603259,药明康德,2025-10-30,2025-11-13,14.0,97.02,96.47,-133.74,-0.57,0.041228612657184804,3.5868893011750114,-5.040197897340759,4,4.156889301175012,G. 其他亏损
账户1,603259,药明康德,2025-10-30,2025-11-13,14.0,97.39,96.47,-311.64,-0.94,-0.3388438238012048,3.1933463394599126,-5.400965191498108,4,4.133346339459912,G. 其他亏损
账户1,603259,药明康德,2025-10-30,2025-11-21,22.0,97.3,92.56,-1942.17,-4.87,-0.24665981500513467,3.288797533401855,-6.98869475847893,5,8.158797533401856,G. 其他亏损
账户1,603259,药明康德,2025-10-30,2025-11-21,22.0,97.1,92.56,-465.53,-4.68,-0.04119464469618528,3.501544799176104,-6.797116374871259,5,8.181544799176104,G. 其他亏损
账户1,603259,药明康德,2025-10-30,2025-11-26,27.0,97.1,96.49,-72.87,-0.63,-0.04119464469618528,3.501544799176104,-6.797116374871259,5,4.131544799176104,G. 其他亏损
账户1,603259,药明康德,2025-11-18,2025-11-26,8.0,92.54,96.49,766.59,4.27,-0.23773503349904246,4.279230602982498,-2.2044521288091756,1,0.009230602982498226,F. 其他盈利
账户1,603259,药明康德,2025-11-27,2025-12-29,32.0,92.5,92.44,-104.13,-0.06,-0.324324324324321,3.416216216216217,-5.7513513513513415,3,3.476216216216217,G. 其他亏损
账户1,603259,药明康德,2025-11-27,2025-12-29,32.0,92.31,92.44,9.91,0.14,-0.11916368757447504,3.629075939768156,-5.557361065973343,3,3.489075939768156,F. 其他盈利
账户1,603259,药明康德,2025-11-27,2025-12-29,32.0,91.8,92.44,421.38,0.7,0.43572984749455923,4.20479302832244,-5.032679738562084,3,3.5047930283224398,F. 其他盈利
账户1,603259,药明康德,2025-12-31,2026-01-05,5.0,90.82,92.87,2130.36,2.26,-0.19819423034572736,5.923805329222653,-0.19819423034572736,1,3.6638053292226536,F. 其他盈利
账户1,603278,大业股份,2026-05-14,2026-05-15,1.0,16.22,15.96,-1454.43,-1.6,-4.932182490752146,4.562268803945768,-8.75462392108507,1,6.162268803945768,E. 买了就跌 → 割肉
账户1,603283,赛腾股份,2026-05-11,2026-05-12,1.0,58.4,57.52,-760.78,-1.51,-1.1472602739726057,0.6506849315068619,-3.9554794520547887,1,2.1606849315068617,E. 买了就跌 → 割肉
账户1,603399,永杉锂业,2026-06-01,2026-06-02,1.0,18.9,17.04,-6773.83,-9.84,0.15873015873015817,1.9047619047619202,-9.84126984126984,2,11.74476190476192,G. 其他亏损
账户1,603399,永杉锂业,2026-06-01,2026-06-02,1.0,18.73,17.04,-3251.95,-9.02,1.0678056593699914,2.829684997330495,-9.022957821676458,2,11.849684997330495,G. 其他亏损
账户1,603477,巨星农牧,2026-04-02,2026-04-03,1.0,17.03,17.03,-56.45,0.0,0.0,0.29359953024072905,-9.160305343511455,1,0.29359953024072905,G. 其他亏损
账户1,603477,巨星农牧,2026-04-02,2026-04-03,1.0,17.03,16.57,-1297.39,-2.7,0.0,0.29359953024072905,-9.160305343511455,1,2.9935995302407292,G. 其他亏损
账户1,603538,美诺华,2026-03-23,2026-03-31,8.0,28.36,43.97,14005.5,55.04,-5.641748942172065,55.11283497884345,-6.699576868829327,1,0.0728349788434528,F. 其他盈利
账户1,603667,五洲新春,2026-01-22,2026-01-28,6.0,89.61,78.0,-9368.04,-12.96,1.3614551947327191,5.200312465126666,-14.295279544693674,1,18.160312465126665,A. 买了就涨 → 没跑 → 变大亏
账户1,603686,福龙马,2025-11-14,2025-12-24,40.0,34.88,25.08,-991.31,-28.1,-5.103211009174313,4.845183486238525,-31.479357798165143,1,32.94518348623853,E. 买了就跌 → 割肉
账户1,603688,石英股份,2026-04-09,2026-04-21,12.0,45.57,53.3,9967.52,16.96,-0.08777704630239525,20.605661619486515,-0.9655475093263033,3,3.645661619486514,F. 其他盈利
账户1,603688,石英股份,2026-04-14,2026-04-21,7.0,49.84,53.3,2377.05,6.94,0.24077046548955927,10.2728731942215,-1.3041733547351608,2,3.3328731942214995,F. 其他盈利
账户1,603688,石英股份,2026-04-21,2026-04-22,1.0,52.01,51.56,-462.13,-0.87,0.07690828686790496,6.210344164583748,-2.518746394924043,2,7.080344164583748,G. 其他亏损
账户1,603688,石英股份,2026-04-22,2026-05-07,15.0,53.4,63.32,15753.36,18.58,1.7602996254681758,18.57677902621724,-8.314606741573026,4,-0.003220973782759984,C. 买了就涨 → 落袋(部分利润 · 或最大浮盈的一部分)
账户1,603688,石英股份,2026-04-23,2026-05-07,14.0,52.78,63.32,1043.48,19.97,-0.4357711254263097,19.969685486926856,-7.2375899962106915,3,-0.0003145130731425638,F. 其他盈利
账户1,603688,石英股份,2026-04-29,2026-05-07,8.0,55.35,63.32,8684.63,14.4,0.5781391147244852,14.399277326106596,-3.432700993676596,2,-0.0007226738934047461,F. 其他盈利
账户1,603688,石英股份,2026-04-30,2026-05-07,7.0,54.96,63.32,3314.1,15.21,0.40029112081514384,15.211062590975244,-1.2008733624454204,1,0.0010625909752430829,F. 其他盈利
账户1,603688,石英股份,2026-05-08,2026-05-11,3.0,65.95,67.81,1777.38,2.82,-0.6823351023502733,9.0978013646702,-4.776345716451869,2,6.2778013646702,F. 其他盈利
账户1,603688,石英股份,2026-05-11,2026-05-13,2.0,67.83,74.5,653.13,9.83,-1.8133569217160583,12.693498452012374,-2.697921273772663,1,2.863498452012374,F. 其他盈利
账户1,603688,石英股份,2026-05-21,2026-05-25,4.0,73.85,73.23,-497.12,-0.84,-1.7332430602572835,5.3486797562626975,-4.4008124576845,3,6.188679756262697,E. 买了就跌 → 割肉
账户1,603688,石英股份,2026-05-22,2026-05-25,3.0,74.31,73.23,-702.2,-1.45,0.32297133629388686,4.696541515273855,-4.9925985735432725,2,6.146541515273856,G. 其他亏损
账户1,603688,石英股份,2026-05-22,2026-05-26,4.0,74.31,73.62,-312.25,-0.93,0.32297133629388686,4.696541515273855,-4.9925985735432725,2,5.626541515273855,G. 其他亏损
账户1,603688,石英股份,2026-05-22,2026-05-26,4.0,73.32,73.62,62.91,0.41,1.6775777414075321,6.110201854882713,-3.7097654118930734,2,5.700201854882713,C. 买了就涨 → 落袋(部分利润 · 或最大浮盈的一部分)
账户1,603688,石英股份,2026-05-22,2026-05-27,5.0,73.32,71.16,-1573.73,-2.95,1.6775777414075321,6.110201854882713,-7.1194762684124395,2,9.060201854882713,B. 买了就涨 → 没跑 → 变小亏
账户1,603696,安记食品,2026-01-09,2026-01-14,5.0,23.87,23.79,-327.74,-0.34,0.5446166736489344,19.39673229995811,-5.488060326770016,1,19.73673229995811,G. 其他亏损
账户1,603698,航天工程,2026-06-03,2026-06-04,1.0,33.27,33.34,5.8,0.21,-2.254283137962132,1.9236549443943263,-4.5987376014427594,1,1.7136549443943263,F. 其他盈利
账户1,603933,睿能科技,2026-04-17,2026-04-20,3.0,24.5,24.262,-857.02,-0.97,0.0,2.0408163265306145,-1.7959183673469492,1,3.0108163265306143,G. 其他亏损
账户1,603986,兆易创新,2026-03-17,2026-03-23,6.0,306.18,278.57,-2796.23,-9.02,-3.324841596446537,2.449539486576513,-11.489973218368277,1,11.469539486576512,E. 买了就跌 → 割肉
账户1,603993,洛阳钼业,2026-05-26,2026-05-29,3.0,20.16,19.14,-523.56,-5.06,1.140873015873023,1.4880952380952328,-9.722222222222221,2,6.548095238095232,G. 其他亏损
账户1,603993,洛阳钼业,2026-05-26,2026-06-01,6.0,20.16,18.53,-3472.02,-8.09,1.140873015873023,1.4880952380952328,-9.722222222222221,3,9.578095238095234,G. 其他亏损
账户1,603993,洛阳钼业,2026-05-28,2026-06-01,4.0,18.76,18.53,-78.86,-1.23,0.2132196162046851,2.985074626865658,-2.9850746268656803,2,4.215074626865658,G. 其他亏损
账户1,603993,洛阳钼业,2026-06-01,2026-06-02,1.0,18.49,19.75,114.97,6.81,-0.37858301784746695,6.976744186046524,-0.9734991887506705,1,0.1667441860465244,F. 其他盈利
账户2,000012,南  玻Ａ,2026-05-25,2026-05-27,2.0,4.63,4.42,-473.08,-4.54,-0.6479481641468721,4.3196544276457916,-7.127429805615549,1,8.859654427645792,G. 其他亏损
账户2,000012,南  玻Ａ,2026-05-25,2026-05-27,2.0,4.63,4.42,-473.08,-4.54,-0.6479481641468721,4.3196544276457916,-7.127429805615549,1,8.859654427645792,G. 其他亏损
账户2,000012,南  玻Ａ,2026-05-25,2026-05-28,3.0,4.63,4.33,-4700.22,-6.48,-0.6479481641468721,4.3196544276457916,-7.127429805615549,1,10.799654427645791,G. 其他亏损
账户2,000027,深圳能源,2026-03-27,2026-03-31,4.0,7.7,7.252,-1635.86,-5.82,4.935064935064926,10.129870129870122,-9.870129870129862,1,15.949870129870122,A. 买了就涨 → 没跑 → 变大亏
账户2,000034,神州数码,2026-05-29,2026-06-01,3.0,27.33,27.35,-6.84,0.07,-5.451884376143424,3.6223929747530192,-6.29345042078302,1,3.5523929747530194,F. 其他盈利
账户2,000520,凤凰航运,2026-06-01,2026-06-03,2.0,3.86,3.79,-333.53,-1.81,-0.7772020725388518,4.922279792746109,-6.735751295336778,1,6.732279792746109,G. 其他亏损
账户2,000547,航天发展,2026-01-13,2026-01-14,1.0,36.96,32.88,-4515.42,-11.04,-2.5974025974025983,3.354978354978355,-12.337662337662348,2,14.394978354978354,D. 买了就跌 → 死扛到大亏(且加仓)
账户2,000547,航天发展,2026-01-13,2026-01-14,1.0,36.378,32.88,-14443.26,-9.62,-1.0390895596239513,5.008521633954599,-10.935180603661554,2,14.628521633954598,D. 买了就跌 → 死扛到大亏(且加仓)
账户2,000617,中油资本,2026-03-31,2026-04-01,1.0,10.4,10.05,-2216.38,-3.37,-1.9230769230769384,1.4423076923076872,-6.25,1,4.812307692307687,E. 买了就跌 → 割肉
账户2,000630,铜陵有色,2026-03-16,2026-03-17,1.0,6.49,6.61,445.11,1.85,2.4653312788905923,5.701078582434516,-0.46224961479198745,1,3.8510785824345155,C. 买了就涨 → 落袋(部分利润 · 或最大浮盈的一部分)
账户2,000678,襄阳轴承,2026-04-01,2026-04-02,1.0,12.9,12.93,83.8,0.23,0.5426356589147252,3.875968992248069,-2.713178294573637,1,3.645968992248069,F. 其他盈利
账户2,000720,新能泰山,2026-04-10,2026-04-14,4.0,5.45,5.18,-1261.82,-4.95,-0.3669724770642313,10.642201834862398,-8.25688073394496,2,15.592201834862397,G. 其他亏损
账户2,000720,新能泰山,2026-04-13,2026-04-14,1.0,5.21,5.18,-114.64,-0.58,3.0710172744721653,5.374280230326289,-4.0307101727447225,1,5.954280230326289,B. 买了就涨 → 没跑 → 变小亏
账户2,000725,京东方Ａ,2026-05-27,2026-05-28,1.0,5.65,5.68,85.06,0.53,1.2389380530973382,7.787610619469021,-2.4778761061946986,1,7.257610619469021,C. 买了就涨 → 落袋(部分利润 · 或最大浮盈的一部分)
账户2,000737,北方铜业,2026-02-05,2026-02-09,4.0,16.94,16.53,-595.57,-2.42,-2.5974025974026094,3.6009445100354087,-7.910271546635195,1,6.020944510035409,E. 买了就跌 → 割肉
账户2,000759,中百集团,2025-12-24,2025-12-30,6.0,9.07,7.67,-31209.68,-15.44,-3.0871003307607614,4.7409040793825685,-15.76626240352812,1,20.180904079382568,D. 买了就跌 → 死扛到大亏
账户2,000792,盐湖股份,2026-02-26,2026-03-04,6.0,39.004,36.69,-3512.14,-5.93,0.015383037637173302,1.7587939698492372,-9.752845861962866,1,7.688793969849237,G. 其他亏损
账户2,000798,中水渔业,2026-03-16,2026-03-17,1.0,11.8,11.282,-481.26,-4.39,-2.457627118644079,0.0,-8.389830508474583,1,4.39,E. 买了就跌 → 割肉
账户2,000859,国风新材,2026-06-11,2026-06-15,4.0,11.02,11.11,219.43,0.82,4.446460980036293,7.078039927404722,-2.8130671506351956,1,6.258039927404722,C. 买了就涨 → 落袋(部分利润 · 或最大浮盈的一部分)
账户2,000859,国风新材,2026-06-11,2026-06-15,4.0,11.02,11.15,327.37,1.18,4.446460980036293,7.078039927404722,-2.8130671506351956,1,5.898039927404723,C. 买了就涨 → 落袋(部分利润 · 或最大浮盈的一部分)
账户2,000889,中嘉博创,2026-04-16,2026-04-22,6.0,4.57,4.6,279.29,0.66,9.409190371991238,19.256017505470457,-4.157549234135671,4,18.596017505470456,C. 买了就涨 → 落袋(部分利润 · 或最大浮盈的一部分)
账户2,000889,中嘉博创,2026-04-20,2026-04-22,2.0,5.11,4.6,-3287.25,-9.98,0.5870841487279677,6.653620352250478,-13.502935420743645,3,16.633620352250478,G. 其他亏损
账户2,000889,中嘉博创,2026-04-20,2026-04-22,2.0,5.11,4.6,-979.42,-9.98,0.5870841487279677,6.653620352250478,-13.502935420743645,3,16.633620352250478,G. 其他亏损
账户2,000889,中嘉博创,2026-04-22,2026-04-27,5.0,4.61,4.54,-17.23,-1.52,0.2169197396963085,5.206073752711471,-7.80911062906725,1,6.726073752711471,G. 其他亏损
账户2,000890,法尔胜,2026-04-03,2026-04-07,4.0,15.73,17.61,1115.41,11.95,1.7800381436745116,11.951684678957397,-1.0807374443738027,2,0.0016846789573978782,C. 买了就涨 → 落袋(部分利润 · 或最大浮盈的一部分)
账户2,000890,法尔胜,2026-04-03,2026-04-07,4.0,16.01,17.61,1106.14,9.99,0.0,9.993753903810099,-2.810743285446604,2,0.0037539038100984357,F. 其他盈利
账户2,000890,法尔胜,2026-04-10,2026-04-14,4.0,14.26,12.64,-172.63,-11.36,-0.3506311360448766,9.396914446002814,-15.848527349228615,1,20.756914446002813,G. 其他亏损
账户2,000962,东方钽业,2026-04-10,2026-04-14,4.0,45.77,44.84,-390.97,-2.03,-1.9445051343674913,0.6336027965916591,-5.986454009176323,1,2.663602796591659,E. 买了就跌 → 割肉
账户2,000990,诚志股份,2026-04-29,2026-04-30,1.0,12.8,12.576,-933.34,-1.75,1.0937499999999822,4.843749999999991,-2.6562499999999933,1,6.593749999999991,B. 买了就涨 → 没跑 → 变小亏
账户2,001208,华菱线缆,2026-01-07,2026-01-09,2.0,26.01,29.23,5437.9,12.38,-0.6920415224913601,20.146097654748175,-11.764705882352944,1,7.766097654748174,F. 其他盈利
账户2,001208,华菱线缆,2026-01-21,2026-01-22,1.0,22.86,22.74,-154.51,-0.52,-0.9186351706036766,4.286964129483817,-2.4496937882764636,1,4.806964129483816,G. 其他亏损
账户2,001309,德明利,2026-03-04,2026-03-05,1.0,251.17,260.93,952.95,3.89,0.1592546880598844,6.03973404467093,-4.972727634669738,1,2.14973404467093,F. 其他盈利
账户2,002015,协鑫能科,2026-04-08,2026-04-10,2.0,17.91,17.6,-551.96,-1.73,0.0,0.7258514796203208,-4.243439419318829,1,2.455851479620321,G. 其他亏损
账户2,002025,航天电器,2026-03-18,2026-03-24,6.0,59.81,67.04,4308.58,12.09,0.6186256478849739,15.248286239759246,-5.851864236749704,1,3.1582862397592457,F. 其他盈利
账户2,002025,航天电器,2026-03-18,2026-03-26,8.0,59.81,63.18,994.37,5.63,0.6186256478849739,15.248286239759246,-5.851864236749704,1,9.618286239759247,F. 其他盈利
账户2,002025,航天电器,2026-04-02,2026-04-07,5.0,60.95,64.325,658.56,5.54,-0.541427399507799,9.466776045939284,-3.691550451189496,1,3.9267760459392838,F. 其他盈利
账户2,002025,航天电器,2026-04-10,2026-04-15,5.0,76.18,78.81,1027.46,3.45,0.06563402467838486,8.401155158834328,-2.599107377264376,3,4.951155158834328,F. 其他盈利
账户2,002025,航天电器,2026-04-14,2026-04-15,1.0,78.98,78.81,-114.43,-0.22,-0.37984299822739764,4.558115978728794,-4.760698911116745,2,4.778115978728794,G. 其他亏损
账户2,002025,航天电器,2026-04-14,2026-04-15,1.0,78.56,78.81,95.57,0.32,0.15274949083503575,5.117107942973509,-4.251527494908358,2,4.797107942973509,F. 其他盈利
账户2,002025,航天电器,2026-04-21,2026-04-22,1.0,74.4,74.71,71.79,0.42,-0.12096774193548487,6.317204301075252,-1.8413978494623673,1,5.897204301075252,F. 其他盈利
账户2,002025,航天电器,2026-04-29,2026-05-07,8.0,68.12,77.36,5510.22,13.56,-0.6605989430416903,14.327657075748657,-0.9982384028185631,3,0.7676570757486569,F. 其他盈利
账户2,002025,航天电器,2026-04-30,2026-05-07,7.0,72.0,77.36,529.95,7.44,1.6527777777777697,8.166666666666655,-5.624999999999991,2,0.726666666666655,C. 买了就涨 → 落袋(部分利润 · 或最大浮盈的一部分)
账户2,002025,航天电器,2026-04-30,2026-05-13,13.0,72.0,74.33,681.42,3.24,1.6527777777777697,8.34722222222224,-5.624999999999991,3,5.107222222222239,C. 买了就涨 → 落袋(部分利润 · 或最大浮盈的一部分)
账户2,002025,航天电器,2026-05-06,2026-05-13,7.0,75.91,74.33,-655.43,-2.08,0.6455012514820391,2.7664339349229516,-5.098142537215111,2,4.846433934922952,G. 其他亏损
账户2,002025,航天电器,2026-05-11,2026-05-13,2.0,75.82,73.89,-1389.44,-2.55,0.712213136375639,2.8884199419678236,-4.985491954629373,1,5.438419941967823,G. 其他亏损
账户2,002080,中材科技,2026-04-27,2026-04-28,1.0,52.5,52.9,324.81,0.76,-0.8190476190476192,4.628571428571426,-2.8380952380952396,1,3.8685714285714266,F. 其他盈利
账户2,002081,金 螳 螂,2026-04-30,2026-05-07,7.0,5.17,6.96,3205.74,34.62,14.119922630560943,38.10444874274661,-1.934235976789156,1,3.484448742746615,C. 买了就涨 → 落袋(部分利润 · 或最大浮盈的一部分)
账户2,002149,西部材料,2026-03-13,2026-03-17,4.0,45.55,43.42,-2378.62,-4.68,-4.434687156970352,1.668496158068078,-7.881448957189896,1,6.348496158068078,E. 买了就跌 → 割肉
账户2,002151,北斗星通,2026-03-16,2026-03-17,1.0,47.97,46.7,-2870.36,-2.65,0.04169272461955753,0.08338544923911506,-5.941213258286437,1,2.733385449239115,G. 其他亏损
账户2,002155,湖南黄金,2026-04-15,2026-04-16,1.0,30.19,29.46,-2481.24,-2.42,-3.3454786353097066,0.6955945677376452,-4.27293805895993,1,3.115594567737645,D. 买了就跌 → 死扛到大亏
账户2,002173,创新医疗,2026-03-13,2026-03-16,3.0,31.56,32.37,389.41,2.57,0.47528517110266844,6.210392902408124,-9.378960709759177,2,3.640392902408124,F. 其他盈利
账户2,002173,创新医疗,2026-03-13,2026-03-16,3.0,31.56,32.86,634.28,4.12,0.47528517110266844,6.210392902408124,-9.378960709759177,2,2.090392902408124,F. 其他盈利
账户2,002173,创新医疗,2026-03-16,2026-03-17,1.0,32.28,30.867,-1009.91,-4.38,-3.7484510532837745,3.841387856257761,-8.054522924411401,1,8.22138785625776,E. 买了就跌 → 割肉
账户2,002190,成飞集成,2026-05-13,2026-05-19,6.0,34.77,31.48,-9941.06,-9.46,-2.6459591601955768,4.6304285303422565,-11.360368133448384,1,14.090428530342258,D. 买了就跌 → 死扛到大亏
账户2,002202,金风科技,2026-01-09,2026-01-12,3.0,31.84,34.82,6500.09,9.36,0.3140703517587884,10.332914572864338,-3.454773869346739,2,0.9729145728643385,F. 其他盈利
账户2,002202,金风科技,2026-01-09,2026-01-12,3.0,31.65,34.82,1884.05,10.02,0.9162717219589389,10.99526066350711,-2.8751974723538742,2,0.975260663507111,F. 其他盈利
账户2,002263,大东南,2026-04-02,2026-04-03,1.0,4.62,4.58,-94.58,-0.87,2.3809523809523947,12.12121212121211,-9.307359307359297,1,12.99121212121211,B. 买了就涨 → 没跑 → 变小亏
账户2,002269,美邦服饰,2026-04-01,2026-04-02,1.0,1.84,1.79,-849.77,-2.72,0.0,0.0,-6.521739130434789,1,2.72,G. 其他亏损
账户2,002294,信立泰,2026-03-25,2026-03-26,1.0,56.8,56.09,-901.91,-1.25,0.4401408450704247,2.2183098591549433,-1.320422535211263,1,3.4683098591549433,G. 其他亏损
账户2,002309,中利集团,2026-04-03,2026-04-07,4.0,4.98,5.06,148.47,1.61,1.0040160642570184,9.036144578313232,-6.224899598393585,2,7.426144578313232,C. 买了就涨 → 落袋(部分利润 · 或最大浮盈的一部分)
账户2,002309,中利集团,2026-04-03,2026-04-07,4.0,5.1,5.06,-212.67,-0.78,-1.3725490196078272,6.470588235294117,-8.4313725490196,2,7.250588235294117,E. 买了就跌 → 割肉
账户2,002342,巨力索具,2026-04-24,2026-04-27,3.0,19.25,18.21,-114.91,-5.4,-1.0389610389610393,4.987012987012984,-9.142857142857153,1,10.387012987012984,E. 买了就跌 → 割肉
账户2,002384,东山精密,2026-03-17,2026-03-18,1.0,110.445,109.08,-578.35,-1.24,-0.6654896102132324,6.0799492960297075,-7.8002625741319225,3,7.319949296029708,G. 其他亏损
账户2,002384,东山精密,2026-03-17,2026-03-18,1.0,110.445,104.91,-2245.32,-5.01,-0.6654896102132324,6.0799492960297075,-7.8002625741319225,3,11.089949296029708,G. 其他亏损
账户2,002384,东山精密,2026-03-18,2026-03-19,1.0,105.62,107.31,482.04,1.6,1.6663510698731177,8.038250331376616,-3.58833554251089,2,6.438250331376617,C. 买了就涨 → 落袋(部分利润 · 或最大浮盈的一部分)
账户2,002384,东山精密,2026-03-18,2026-03-19,1.0,103.63,107.31,1079.04,3.55,3.618643250024123,10.112901669400753,-1.7369487600115807,2,6.562901669400753,C. 买了就涨 → 落袋(部分利润 · 或最大浮盈的一部分)
账户2,002426,胜利精密,2026-03-17,2026-03-18,1.0,4.5,4.36,-578.72,-3.11,0.0,4.222222222222238,-4.222222222222227,1,7.332222222222239,G. 其他亏损
账户2,002455,百川股份,2026-04-01,2026-04-02,1.0,14.481,13.7,-5855.22,-5.39,-4.426489883295348,1.1670464746909692,-10.227194254540429,1,6.557046474690969,E. 买了就跌 → 割肉
账户2,002457,青龙管业,2026-06-15,2026-06-16,1.0,12.95,12.88,-224.03,-0.54,0.23166023166023564,3.7837837837837895,-2.393822393822387,1,4.32378378378379,G. 其他亏损
账户2,002463,沪电股份,2025-10-31,2025-11-26,26.0,70.99,70.97,-50.77,-0.03,-0.04225947316524037,7.367234821805901,-16.10085927595435,2,7.397234821805902,G. 其他亏损
账户2,002463,沪电股份,2025-11-14,2025-11-26,12.0,62.06,70.97,2656.8,14.36,-0.7251047373509567,18.67547534643894,-4.028359651949732,1,4.315475346438941,F. 其他盈利
账户2,002463,沪电股份,2025-11-14,2025-11-26,12.0,62.06,71.41,1855.86,15.07,-0.7251047373509567,18.67547534643894,-4.028359651949732,1,3.60547534643894,F. 其他盈利
账户2,002463,沪电股份,2026-01-20,2026-01-26,6.0,71.13,71.46,166.29,0.46,0.0,8.252495430901163,-0.5342330943343132,1,7.792495430901163,F. 其他盈利
账户2,002465,海格通信,2026-01-26,2026-02-05,10.0,17.69,17.45,-657.64,-1.36,-0.45223289994348326,10.118711136235149,-4.918032786885251,1,11.478711136235148,G. 其他亏损
账户2,002491,通鼎互联,2026-06-03,2026-06-04,1.0,26.19,26.04,-270.87,-0.57,-6.872852233676974,2.443680794196257,-10.194730813287523,2,3.0136807941962567,E. 买了就跌 → 割肉
账户2,002491,通鼎互联,2026-06-03,2026-06-04,1.0,25.287,26.04,510.8,2.98,-3.5472772570886213,6.101949618380975,-6.987780282358525,2,3.121949618380975,F. 其他盈利
账户2,002553,南方精工,2026-04-21,2026-04-22,1.0,25.77,25.2,-1942.76,-2.21,-1.0477299185098987,0.7760962359332435,-3.3760186263096625,1,2.9860962359332435,D. 买了就跌 → 死扛到大亏
账户2,002565,顺灏股份,2026-04-17,2026-04-20,3.0,18.46,19.81,4273.61,7.31,2.4918743228602436,11.375947995666301,-6.825568797399795,1,4.065947995666302,C. 买了就涨 → 落袋(部分利润 · 或最大浮盈的一部分)
账户2,002570,贝因美,2026-06-05,2026-06-09,4.0,5.82,5.31,-5859.49,-8.76,-3.7800687285223455,2.577319587628857,-10.481099656357395,1,11.337319587628857,D. 买了就跌 → 死扛到大亏
账户2,002575,群兴玩具,2026-06-04,2026-06-05,1.0,5.98,5.84,-1154.71,-2.34,-1.0033444816053616,2.6755852842809347,-4.515050167224088,2,5.0155852842809345,E. 买了就跌 → 割肉
账户2,002575,群兴玩具,2026-06-04,2026-06-05,1.0,5.96,5.84,-412.95,-2.01,-0.6711409395973145,3.0201342281879207,-4.194630872483218,2,5.03013422818792,G. 其他亏损
账户2,002611,东方精工,2026-05-18,2026-05-19,1.0,19.58,19.67,399.92,0.46,-1.0214504596527063,6.0776302349336175,-6.945863125638407,2,5.617630234933618,F. 其他盈利
账户2,002611,东方精工,2026-05-19,2026-05-22,3.0,19.98,18.93,-5427.11,-5.26,1.85185185185186,3.953953953953948,-7.657657657657668,1,9.213953953953947,A. 买了就涨 → 没跑 → 变大亏
账户2,002640,跨境通,2026-05-12,2026-05-13,1.0,4.34,4.41,23.9,1.61,-0.23041474654377225,6.2211981566820285,-1.8433179723502335,1,4.611198156682028,F. 其他盈利
账户2,002716,湖南白银,2026-01-05,2026-01-06,1.0,7.31,7.96,3736.29,8.89,4.103967168262668,12.038303693570441,-0.6839945280437743,1,3.1483036935704405,C. 买了就涨 → 落袋(部分利润 · 或最大浮盈的一部分)
账户2,002716,湖南白银,2026-01-05,2026-01-06,1.0,7.31,7.99,3977.6,9.3,4.103967168262668,12.038303693570441,-0.6839945280437743,1,2.7383036935704403,C. 买了就涨 → 落袋(部分利润 · 或最大浮盈的一部分)
账户2,002792,通宇通讯,2026-02-05,2026-02-09,4.0,51.33,50.6,-312.12,-1.42,-0.155854276251699,3.2339762322228793,-3.3703487239431063,1,4.653976232222879,G. 其他亏损
账户2,002831,裕同科技,2026-03-17,2026-03-18,1.0,35.81,36.2,27.19,1.09,-0.02792516056968619,9.969282323373353,-4.412175370008398,1,8.879282323373353,F. 其他盈利
账户2,002865,钧达股份,2026-06-17,2026-06-18,1.0,69.09,64.58,-1370.18,-6.53,-3.271095672311486,1.2737009697495916,-8.090895932841224,2,7.803700969749592,D. 买了就跌 → 死扛到大亏(且加仓)
账户2,002865,钧达股份,2026-06-17,2026-06-22,5.0,69.09,60.71,-5055.56,-12.13,-3.271095672311486,1.2737009697495916,-12.34621508177739,2,13.403700969749593,D. 买了就跌 → 死扛到大亏(且加仓)
账户2,002865,钧达股份,2026-06-18,2026-06-22,4.0,64.841,60.71,-3341.13,-6.37,-1.4820869511574353,2.250119523141225,-6.602304097715939,1,8.620119523141225,D. 买了就跌 → 死扛到大亏
账户2,002866,传艺科技,2026-04-22,2026-04-23,1.0,27.47,27.06,-560.59,-1.49,-0.6188569348379969,6.334182744812522,-8.591190389515834,4,7.824182744812522,G. 其他亏损
账户2,002866,传艺科技,2026-04-23,2026-04-27,4.0,26.24,25.96,-330.71,-1.07,-3.2774390243902385,5.868902439024404,-7.54573170731706,3,6.938902439024404,E. 买了就跌 → 割肉
账户2,002866,传艺科技,2026-04-23,2026-04-27,4.0,25.63,25.96,186.2,1.29,-0.9754194303550512,8.38860710105347,-5.345298478345684,3,7.09860710105347,F. 其他盈利
账户2,002866,传艺科技,2026-04-23,2026-04-28,5.0,25.63,27.12,436.86,5.81,-0.9754194303550512,8.427623878267653,-5.345298478345684,4,2.6176238782676533,F. 其他盈利
账户2,002866,传艺科技,2026-04-23,2026-04-28,5.0,25.63,26.66,504.88,4.02,-0.9754194303550512,8.427623878267653,-5.345298478345684,4,4.407623878267653,F. 其他盈利
账户2,002866,传艺科技,2026-04-23,2026-04-28,5.0,25.38,26.66,1258.33,5.04,0.0,9.49566587864461,-4.412923561859728,4,4.45566587864461,F. 其他盈利
账户2,002866,传艺科技,2026-04-28,2026-04-29,1.0,26.71,26.28,-364.5,-1.61,0.8985398727068494,4.0434294271808335,-4.530138524897042,1,5.653429427180834,G. 其他亏损
账户2,002873,新天药业,2026-04-08,2026-04-10,2.0,13.09,10.22,-12374.99,-21.93,-13.521772345301752,0.0,-24.216959511077164,1,21.93,E. 买了就跌 → 割肉
账户2,002897,意华股份,2026-05-19,2026-05-22,3.0,70.656,66.0,-6587.56,-6.59,4.010982789855055,5.4121376811594235,-7.721920289855078,1,12.002137681159423,A. 买了就涨 → 没跑 → 变大亏
账户2,002902,铭普光磁,2026-04-08,2026-04-14,6.0,29.37,30.52,1465.16,3.92,0.0,8.784473953013272,-6.877766428328225,1,4.864473953013272,F. 其他盈利
账户2,002971,和远气体,2026-01-08,2026-01-09,1.0,33.63,31.76,-1141.53,-5.56,0.0,0.0,-7.552780255724068,1,5.56,G. 其他亏损
账户2,300383,光环新网,2026-04-01,2026-04-08,7.0,18.04,17.69,-547.96,-1.94,-2.161862527716185,2.2727272727272707,-10.864745011086486,1,4.212727272727271,E. 买了就跌 → 割肉
账户2,300383,光环新网,2026-04-01,2026-04-14,13.0,18.04,18.35,24.77,1.72,-2.161862527716185,6.208425720620858,-10.864745011086486,1,4.488425720620858,F. 其他盈利
账户2,300454,深信服,2026-05-22,2026-05-25,3.0,115.19,115.165,-88.2,-0.02,0.5208785484851264,3.0818647452035774,-3.541974129698755,1,3.1018647452035775,G. 其他亏损
账户2,300670,大烨智能,2026-06-02,2026-06-03,1.0,6.9,6.833,-171.95,-0.97,-0.28985507246377384,2.608695652173898,-5.942028985507253,1,3.5786956521738977,G. 其他亏损
账户2,300691,联合光电,2026-06-11,2026-06-12,1.0,17.18,16.05,-2172.25,-6.58,0.0,3.72526193247964,-7.450523864959246,1,10.30526193247964,G. 其他亏损
账户2,300723,一品红,2026-06-09,2026-06-10,1.0,35.37,34.05,-1346.11,-3.73,-0.08481764206953457,1.5549901046084447,-5.032513429459973,4,5.284990104608445,G. 其他亏损
账户2,300723,一品红,2026-06-09,2026-06-10,1.0,35.17,34.05,-917.89,-3.18,0.48336650554450244,2.1324992891669003,-4.492465169178272,4,5.312499289166901,G. 其他亏损
账户2,300723,一品红,2026-06-10,2026-06-11,1.0,34.24,33.39,-353.5,-2.48,-0.6717289719626263,3.0373831775700966,-3.0373831775700855,2,5.517383177570096,G. 其他亏损
账户2,300723,一品红,2026-06-10,2026-06-11,1.0,34.24,33.39,-614.87,-2.48,-0.6717289719626263,3.0373831775700966,-3.0373831775700855,2,5.517383177570096,G. 其他亏损
账户2,300766,每日互动,2026-04-08,2026-04-09,1.0,38.39,36.05,-2603.9,-6.1,-1.1982287053920349,1.5889554571502984,-6.61630632977338,1,7.688955457150298,D. 买了就跌 → 死扛到大亏
账户2,300851,交大思诺,2026-05-28,2026-06-01,4.0,30.56,27.48,-1865.53,-10.08,-0.5562827225130795,4.352094240837712,-14.888743455497377,4,14.432094240837712,G. 其他亏损
账户2,300851,交大思诺,2026-05-28,2026-06-01,4.0,30.4,27.48,-294.54,-9.61,-0.03289473684210398,4.901315789473681,-14.440789473684202,4,14.51131578947368,G. 其他亏损
账户2,300851,交大思诺,2026-05-28,2026-06-03,6.0,30.4,26.914,-3507.24,-11.47,-0.03289473684210398,4.901315789473681,-14.440789473684202,5,16.371315789473684,G. 其他亏损
账户2,300851,交大思诺,2026-05-29,2026-06-03,5.0,30.33,26.914,-1721.35,-11.26,-11.572700296735894,1.3517969007583286,-14.243323442136491,3,12.611796900758328,E. 买了就跌 → 割肉
账户2,300851,交大思诺,2026-06-01,2026-06-03,2.0,27.501,26.914,-487.96,-2.13,-0.07636085960510686,3.1235227809897737,-5.421621031962475,2,5.2535227809897735,G. 其他亏损
账户2,300851,交大思诺,2026-06-03,2026-06-04,1.0,27.02,26.2,-93.31,-3.03,-2.2945965951147285,1.81347150259068,-6.0325684678016245,1,4.843471502590679,E. 买了就跌 → 割肉
账户2,301038,深水规院,2026-05-29,2026-06-01,3.0,20.24,18.8,-154.94,-7.11,-0.24703557312251156,6.225296442687744,-9.486166007905128,1,13.335296442687746,G. 其他亏损
账户2,301278,快可电子,2026-04-22,2026-04-23,1.0,40.35,40.93,161.41,1.44,9.045848822800483,13.952912019826513,-2.7261462205700138,1,12.512912019826514,C. 买了就涨 → 落袋(部分利润 · 或最大浮盈的一部分)
账户2,301278,快可电子,2026-04-22,2026-04-23,1.0,40.35,40.9,935.63,1.36,9.045848822800483,13.952912019826513,-2.7261462205700138,1,12.592912019826514,C. 买了就涨 → 落袋(部分利润 · 或最大浮盈的一部分)
账户2,301308,江波龙,2026-03-17,2026-03-23,6.0,334.0,321.12,-1314.06,-3.86,-0.6287425149700709,10.356287425149691,-8.682634730538918,1,14.216287425149691,G. 其他亏损
账户2,301396,宏景科技,2026-04-28,2026-04-30,2.0,317.8,316.0,-610.22,-0.57,5.7237256135934445,8.999370673379481,-6.859660163624925,1,9.569370673379481,B. 买了就涨 → 没跑 → 变小亏
账户2,301458,钧崴电子,2026-05-14,2026-05-15,1.0,44.36,42.601,-4297.77,-3.97,-3.0432822362488787,0.5861136158701541,-4.891794409377825,1,4.556113615870155,D. 买了就跌 → 死扛到大亏
账户2,600026,中远海能,2026-03-19,2026-03-25,6.0,23.62,25.14,3602.62,6.44,0.46570702794241914,15.02963590177815,-3.1329381879762974,1,8.589635901778149,F. 其他盈利
账户2,600026,中远海能,2026-03-26,2026-03-31,5.0,23.87,22.07,-4542.51,-7.54,0.12568077084205154,6.116464180980308,-9.25848345203184,1,13.656464180980308,G. 其他亏损
账户2,600108,亚盛集团,2026-03-04,2026-03-05,1.0,4.75,4.95,4847.73,4.21,11.368421052631582,19.157894736842106,-6.315789473684208,1,14.947894736842105,C. 买了就涨 → 落袋(部分利润 · 或最大浮盈的一部分)
账户2,600111,北方稀土,2025-11-27,2025-12-19,22.0,45.0,45.04,0.5,0.09,-1.2666666666666715,8.133333333333326,-3.2888888888888856,1,8.043333333333326,F. 其他盈利
账户2,600111,北方稀土,2025-11-27,2025-12-24,27.0,45.0,45.33,115.35,0.73,-1.2666666666666715,8.133333333333326,-3.2888888888888856,1,7.403333333333325,F. 其他盈利
账户2,600143,金发科技,2026-06-09,2026-06-10,1.0,16.51,16.34,-347.88,-1.03,1.4536644457904258,1.6353725015142206,-4.239854633555429,2,2.665372501514221,G. 其他亏损
账户2,600143,金发科技,2026-06-09,2026-06-10,1.0,16.6,16.34,-871.84,-1.57,0.9036144578313143,1.0843373493975905,-4.759036144578321,2,2.654337349397591,G. 其他亏损
账户2,600151,航天机电,2025-12-19,2025-12-24,5.0,18.72,15.69,-617.64,-16.19,0.8547008547008517,3.472222222222232,-22.809829059829056,1,19.662222222222233,G. 其他亏损
账户2,600151,航天机电,2026-04-23,2026-04-28,5.0,15.29,13.881,-6956.69,-9.22,0.2616088947024364,1.8966644865925586,-11.314584695879649,1,11.116664486592558,G. 其他亏损
账户2,600227,赤天化,2026-03-03,2026-03-04,1.0,3.34,3.38,410.68,1.2,-0.5988023952095856,4.491017964071875,-10.479041916167652,1,3.291017964071875,F. 其他盈利
账户2,600256,广汇能源,2026-03-02,2026-03-03,1.0,6.4,7.05,5544.64,10.16,1.0937499999999822,11.250000000000004,-4.531249999999998,1,1.0900000000000034,C. 买了就涨 → 落袋(部分利润 · 或最大浮盈的一部分)
账户2,600259,中稀有色,2026-06-04,2026-06-05,1.0,94.79,95.55,204.35,0.8,-1.0655132397932365,3.280936807680135,-10.222597320392456,2,2.480936807680135,F. 其他盈利
账户2,600259,中稀有色,2026-06-04,2026-06-05,1.0,95.2,95.55,23.78,0.37,-1.491596638655468,2.8361344537815247,-10.609243697478998,2,2.4661344537815246,F. 其他盈利
账户2,600313,农发种业,2026-03-16,2026-03-17,1.0,9.04,9.32,677.89,3.1,0.4424778761062065,8.407079646017724,-8.407079646017701,1,5.3070796460177245,F. 其他盈利
账户2,600339,中油工程,2026-04-02,2026-04-03,1.0,4.46,4.6,1406.18,3.14,0.0,9.641255605381161,-9.865470852017943,1,6.501255605381161,F. 其他盈利
账户2,600339,中油工程,2026-04-02,2026-04-03,1.0,4.46,4.64,1835.57,4.04,0.0,9.641255605381161,-9.865470852017943,1,5.601255605381161,F. 其他盈利
账户2,600376,首开股份,2026-03-23,2026-03-24,1.0,5.86,5.62,-1176.04,-4.1,0.17064846416381396,5.631399317406149,-6.1433447098976135,1,9.731399317406149,G. 其他亏损
账户2,600552,凯盛科技,2026-04-07,2026-04-08,1.0,12.23,12.69,356.3,3.76,1.6353229762878119,3.8430089942763646,-3.107113654946858,2,0.08300899427636477,C. 买了就涨 → 落袋(部分利润 · 或最大浮盈的一部分)
账户2,600552,凯盛科技,2026-04-07,2026-04-08,1.0,12.01,12.69,1338.24,5.66,3.497085761865115,5.745212323064108,-1.3322231473771873,2,0.0852123230641082,C. 买了就涨 → 落袋(部分利润 · 或最大浮盈的一部分)
账户2,600552,凯盛科技,2026-04-16,2026-04-20,4.0,13.71,15.31,11278.82,11.67,-0.4376367614879695,12.764405543398972,-2.844638949671774,1,1.0944055433989721,F. 其他盈利
账户2,600580,卧龙电驱,2026-05-15,2026-05-18,3.0,40.85,40.73,-392.53,-0.29,-0.9057527539779842,1.7870257037943649,-5.01835985312119,1,2.077025703794365,G. 其他亏损
账户2,600584,长电科技,2026-01-22,2026-01-29,7.0,50.04,49.106,-489.78,-1.87,-1.2789768185451633,9.172661870503607,-7.7737809752198235,1,11.042661870503608,E. 买了就跌 → 割肉
账户2,600666,奥瑞德,2026-03-27,2026-03-30,3.0,6.07,6.08,-6.58,0.16,0.16474464579900872,6.58978583196046,-15.485996705107086,1,6.4297858319604595,F. 其他盈利
账户2,600693,东百集团,2026-01-12,2026-01-13,1.0,19.75,20.15,2885.53,2.03,6.379746835443045,12.506329113924043,-4.25316455696202,1,10.476329113924043,C. 买了就涨 → 落袋(部分利润 · 或最大浮盈的一部分)
账户2,600722,金牛化工,2026-03-05,2026-03-10,5.0,13.15,12.49,-2678.31,-5.02,-6.4638783269961975,13.155893536121678,-15.5893536121673,1,18.175893536121677,E. 买了就跌 → 割肉
账户2,600722,金牛化工,2026-03-05,2026-03-10,5.0,13.15,12.46,-1331.33,-5.25,-6.4638783269961975,13.155893536121678,-15.5893536121673,1,18.405893536121678,E. 买了就跌 → 割肉
账户2,600759,洲际油气,2026-03-05,2026-03-13,8.0,9.07,7.0,-8925.35,-22.82,-4.079382579933855,0.22050716648289725,-23.814773980154357,2,23.040507166482897,D. 买了就跌 → 死扛到大亏(且加仓)
账户2,600759,洲际油气,2026-03-05,2026-03-13,8.0,8.72,7.0,-24330.17,-19.72,-0.2293577981651529,4.243119266055029,-20.75688073394496,2,23.963119266055028,G. 其他亏损
账户2,600759,洲际油气,2026-03-25,2026-03-31,6.0,6.08,5.88,-2024.5,-3.29,0.164473684210531,6.414473684210531,-6.41447368421052,1,9.70447368421053,G. 其他亏损
账户2,600863,华能蒙电,2026-03-24,2026-03-25,1.0,5.14,5.2,242.09,1.17,1.945525291828809,5.836575875486405,-0.7782101167315147,1,4.666575875486405,C. 买了就涨 → 落袋(部分利润 · 或最大浮盈的一部分)
账户2,600879,航天电子,2026-03-18,2026-03-19,1.0,22.63,22.58,-154.49,-0.22,1.148917366327895,1.7233760494918204,-4.0653999116217365,1,1.9433760494918204,G. 其他亏损
账户2,600935,华塑股份,2026-01-08,2026-01-09,1.0,2.75,2.72,-305.3,-1.09,0.0,0.727272727272732,-3.6363636363636376,1,1.817272727272732,G. 其他亏损
账户2,600936,北投科技,2026-05-22,2026-05-28,6.0,5.74,5.42,-2722.95,-5.57,0.6968641114982521,8.885017421602793,-9.233449477351918,3,14.455017421602793,G. 其他亏损
账户2,600936,北投科技,2026-05-22,2026-05-29,7.0,5.74,5.36,-3265.04,-6.62,0.6968641114982521,8.885017421602793,-9.756097560975618,3,15.505017421602794,G. 其他亏损
账户2,600936,北投科技,2026-05-28,2026-05-29,1.0,5.37,5.36,-7.11,-0.19,1.3035381750465591,9.869646182495352,-3.5381750465549366,2,10.059646182495351,B. 买了就涨 → 没跑 → 变小亏
账户2,600936,北投科技,2026-05-28,2026-06-01,4.0,5.37,5.18,-1125.84,-3.54,1.3035381750465591,9.869646182495352,-4.283054003724407,2,13.40964618249535,A. 买了就涨 → 没跑 → 变大亏(且加仓)
账户2,600936,北投科技,2026-05-28,2026-06-01,4.0,5.44,5.18,-847.61,-4.78,0.0,8.455882352941169,-5.5147058823529544,2,13.235882352941168,G. 其他亏损
账户2,600936,北投科技,2026-06-02,2026-06-04,2.0,5.9,6.29,1691.62,6.61,0.3389830508474523,12.881355932203387,-11.864406779661019,1,6.271355932203387,F. 其他盈利
账户2,600936,北投科技,2026-06-05,2026-06-09,4.0,5.839,5.43,-2728.07,-7.0,2.4147970542901076,6.696352115088189,-7.347148484329513,1,13.696352115088189,A. 买了就涨 → 没跑 → 变大亏
账户2,600938,中国海油,2026-03-02,2026-03-03,1.0,38.89,43.389,5806.58,11.57,1.4656724093597306,11.622525070712264,-2.5456415530984877,1,0.052525070712263755,C. 买了就涨 → 落袋(部分利润 · 或最大浮盈的一部分)
账户2,600938,中国海油,2026-03-13,2026-03-16,3.0,43.17,42.0,-842.82,-2.71,-2.710215427380125,1.1350474866805627,-4.632846884410469,2,3.8450474866805626,D. 买了就跌 → 死扛到大亏(且加仓)
账户2,600938,中国海油,2026-03-13,2026-03-16,3.0,41.97,42.0,-0.95,0.07,0.07147962830593713,4.0266857279008805,-1.9061234214915346,2,3.9566857279008807,F. 其他盈利
账户2,600938,中国海油,2026-03-13,2026-03-16,3.0,41.97,41.26,-1927.75,-1.69,0.07147962830593713,4.0266857279008805,-1.9061234214915346,2,5.716685727900881,G. 其他亏损
账户2,600986,浙文互联,2026-04-16,2026-04-17,1.0,11.06,10.78,-1585.26,-2.53,-0.7233273056057921,1.6274864376130127,-6.6003616636528095,1,4.157486437613013,G. 其他亏损
账户2,600989,宝丰能源,2026-03-03,2026-03-04,1.0,28.56,27.56,-618.62,-3.5,-0.17507002801119276,1.26050420168069,-10.154061624649858,1,4.76050420168069,G. 其他亏损
账户2,600989,宝丰能源,2026-03-10,2026-03-12,2.0,29.25,33.71,3990.1,15.25,-1.025641025641033,18.290598290598293,-5.7094017094017175,2,3.040598290598293,F. 其他盈利
账户2,600989,宝丰能源,2026-03-10,2026-03-13,3.0,29.25,33.35,3260.15,14.02,-1.025641025641033,21.02564102564102,-5.7094017094017175,2,7.005641025641019,F. 其他盈利
账户2,600989,宝丰能源,2026-03-10,2026-03-13,3.0,29.21,33.35,3289.96,14.17,-0.8901061280383482,21.191372817528233,-5.580280725778852,2,7.021372817528233,F. 其他盈利
账户2,600989,宝丰能源,2026-03-20,2026-03-25,5.0,31.11,30.23,-1715.86,-2.83,2.4429443908711157,7.61812921890066,-4.628736740597872,1,10.448129218900661,B. 买了就涨 → 没跑 → 变小亏
账户2,601016,节能风电,2026-03-25,2026-03-26,1.0,5.13,5.61,2900.22,9.36,5.2631578947368585,11.69590643274856,-4.28849902534113,1,2.33590643274856,C. 买了就涨 → 落袋(部分利润 · 或最大浮盈的一部分)
账户2,601138,工业富联,2026-01-14,2026-01-15,1.0,60.39,59.18,-1757.19,-2.0,-0.6458022851465461,1.0101010101010166,-2.483854942871333,3,3.0101010101010166,G. 其他亏损
账户2,601138,工业富联,2026-01-14,2026-01-15,1.0,60.29,59.18,-1732.68,-1.84,-0.4810084591142849,1.1776413999004864,-2.3221098026206644,3,3.0176413999004863,G. 其他亏损
账户2,601138,工业富联,2026-01-15,2026-01-16,1.0,60.88,62.961,5286.89,3.42,-0.14783180026282094,5.124835742444156,-3.268725361366631,1,1.704835742444156,F. 其他盈利
账户2,601138,工业富联,2026-01-20,2026-02-26,37.0,59.67,58.02,-1524.87,-2.77,0.0,5.580693815987936,-12.518853695324283,3,8.350693815987936,G. 其他亏损
账户2,601138,工业富联,2026-01-29,2026-02-26,28.0,58.0,58.02,-2.96,0.03,-0.6896551724137945,4.965517241379325,-9.999999999999998,2,4.9355172413793245,F. 其他盈利
账户2,601138,工业富联,2026-01-29,2026-03-02,32.0,58.0,55.67,-713.45,-4.02,-0.6896551724137945,4.965517241379325,-9.999999999999998,2,8.985517241379323,G. 其他亏损
账户2,601138,工业富联,2026-02-09,2026-03-02,21.0,55.69,55.67,-43.63,-0.04,-0.30526126773208206,2.334350870892443,-0.6823487161070174,1,2.3743508708924432,G. 其他亏损
账户2,601138,工业富联,2026-02-09,2026-03-05,24.0,55.69,55.4,-37.55,-0.52,-0.30526126773208206,2.334350870892443,-0.6823487161070174,1,2.854350870892443,G. 其他亏损
账户2,601288,农业银行,2026-01-06,2026-01-08,2.0,7.53,7.4,-786.72,-1.73,0.3984063745019917,0.6640106241699861,-2.257636122177953,1,2.394010624169986,G. 其他亏损
账户2,601288,农业银行,2026-01-06,2026-01-12,6.0,7.53,7.51,-149.14,-0.27,0.3984063745019917,0.6640106241699861,-2.6560424966799445,1,0.9340106241699861,G. 其他亏损
账户2,601360,三六零,2026-05-08,2026-05-11,3.0,11.91,11.68,-1027.3,-1.93,-2.099076406381195,1.5952980688497043,-2.602854743912686,2,3.525298068849704,E. 买了就跌 → 割肉
账户2,601360,三六零,2026-05-08,2026-05-11,3.0,11.78,11.68,-533.57,-0.85,-1.018675721561968,2.716468590831922,-1.5280135823429464,2,3.566468590831922,E. 买了就跌 → 割肉
账户2,601698,中国卫通,2026-01-08,2026-01-09,1.0,44.88,47.63,2442.6,6.13,-0.7798573975044576,9.135472370766484,-7.13012477718361,1,3.0054723707664843,F. 其他盈利
账户2,601816,京沪高铁,2026-05-12,2026-05-13,1.0,5.15,5.05,-92.1,-1.94,-1.9417475728155442,1.9417475728155331,-3.8834951456310662,1,3.881747572815533,D. 买了就跌 → 死扛到大亏
账户2,601869,长飞光纤,2026-06-10,2026-06-15,5.0,460.7,450.3,-1074.36,-2.26,-1.7386585630562168,7.445192098979825,-8.61515085739093,1,9.705192098979825,E. 买了就跌 → 割肉
账户2,601952,苏垦农发,2026-03-30,2026-03-31,1.0,10.97,10.8,-150.5,-1.55,-1.3673655423883324,2.1877848678213407,-8.477666362807668,1,3.7377848678213406,E. 买了就跌 → 割肉
账户2,603017,中衡设计,2026-05-08,2026-05-11,3.0,17.175,16.35,-2763.86,-4.8,-2.8238719068413354,3.63901018922852,-8.588064046579335,1,8.439010189228519,E. 买了就跌 → 割肉
账户2,603026,石大胜华,2026-03-23,2026-03-24,1.0,77.34,77.52,3.96,0.23,-2.301525730540477,4.072924747866558,-4.434962503232487,1,3.8429247478665576,F. 其他盈利
账户2,603026,石大胜华,2026-03-30,2026-03-31,1.0,94.79,88.56,-1265.23,-6.57,-1.8250870344973191,1.2343074163941203,-8.956640995885657,1,7.804307416394121,E. 买了就跌 → 割肉
账户2,603083,剑桥科技,2025-11-21,2025-11-26,5.0,99.03,101.99,863.53,2.99,-1.0400888619610194,8.623649399171951,-7.088760981520748,1,5.633649399171951,F. 其他盈利
账户2,603083,剑桥科技,2025-11-21,2025-11-26,5.0,99.03,102.97,769.91,3.98,-1.0400888619610194,8.623649399171951,-7.088760981520748,1,4.6436493991719505,F. 其他盈利
账户2,603083,剑桥科技,2026-01-20,2026-01-22,2.0,106.0,111.68,2797.93,5.36,1.226415094339628,9.415094339622643,-0.46226415094339224,2,4.055094339622642,C. 买了就涨 → 落袋(部分利润 · 或最大浮盈的一部分)
账户2,603083,剑桥科技,2026-01-22,2026-03-02,39.0,112.04,108.03,-2046.29,-3.58,0.7140307033202342,3.329168154230633,-11.78150660478401,1,6.909168154230633,G. 其他亏损
账户2,603138,海量数据,2026-03-31,2026-04-01,1.0,21.07,20.414,-1209.91,-3.11,-2.5628856193640193,0.0,-9.919316563834835,1,3.11,E. 买了就跌 → 割肉
账户2,603259,药明康德,2025-11-05,2025-11-13,8.0,94.91,96.65,498.51,1.83,-0.6321778527025534,2.0967232114635026,-2.929090717521865,1,0.26672321146350253,F. 其他盈利
账户2,603259,药明康德,2025-11-05,2025-12-24,49.0,94.91,90.57,-881.88,-4.57,-0.6321778527025534,2.0967232114635026,-8.14455800231797,5,6.666723211463503,G. 其他亏损
账户2,603259,药明康德,2025-11-17,2025-12-24,37.0,92.93,90.57,-1214.57,-2.54,0.8931453782416776,3.8416012052082227,-6.187452921553859,4,6.381601205208223,G. 其他亏损
账户2,603259,药明康德,2025-11-27,2025-12-24,27.0,91.62,90.57,-559.49,-1.15,0.6330495524994539,4.409517572582389,-4.846103470857887,3,5.559517572582388,G. 其他亏损
账户2,603259,药明康德,2025-11-27,2025-12-24,27.0,92.6,90.57,-631.4,-2.19,-0.4319654427645703,3.304535637149031,-5.853131749460028,3,5.494535637149031,G. 其他亏损
账户2,603259,药明康德,2025-11-27,2025-12-24,27.0,92.51,90.57,-404.6,-2.1,-0.3350989082261391,3.405037293265578,-5.761539293049401,3,5.505037293265579,G. 其他亏损
账户2,603399,永杉锂业,2026-05-29,2026-06-02,4.0,18.16,17.04,-2946.05,-6.17,-1.3766519823788514,6.057268722466969,-7.488986784140961,1,12.227268722466968,D. 买了就跌 → 死扛到大亏
账户2,603477,巨星农牧,2026-04-07,2026-04-08,1.0,18.18,17.69,-658.97,-2.7,-1.7051705170517018,0.2750275027502802,-10.946094609460932,1,2.9750275027502804,E. 买了就跌 → 割肉
账户2,603626,科森科技,2026-04-07,2026-04-08,1.0,23.13,24.119,383.09,4.28,-2.075226977950717,5.923043666234329,-3.4154777345438814,2,1.6430436662343286,F. 其他盈利
账户2,603626,科森科技,2026-04-07,2026-04-08,1.0,22.81,24.119,511.09,5.74,-0.7014467338886443,7.409031126698817,-2.0604997807978864,2,1.6690311266988171,F. 其他盈利
账户2,603659,璞泰来,2026-03-26,2026-03-27,1.0,34.98,34.59,-334.75,-1.11,-2.3156089193824947,1.2864493996569637,-8.090337335620346,1,2.396449399656964,E. 买了就跌 → 割肉
账户2,603659,璞泰来,2026-03-26,2026-03-31,5.0,34.98,32.27,-4649.27,-7.75,-2.3156089193824947,1.2864493996569637,-8.576329331046306,1,9.036449399656963,D. 买了就跌 → 死扛到大亏
账户2,603703,盛洋科技,2026-06-16,2026-06-17,1.0,12.27,12.22,-66.33,-0.41,0.4889975550122383,2.933985330073363,-4.645476772616142,1,3.3439853300733633,G. 其他亏损
账户2,603757,大元泵业,2026-06-01,2026-06-02,1.0,58.49,57.48,-425.95,-1.73,0.10258163788681163,5.761668661309627,-10.070097452555993,1,7.491668661309626,G. 其他亏损
账户2,603778,国晟科技,2026-05-12,2026-05-13,1.0,23.887,24.66,1584.15,3.24,4.198936660107999,6.2502616485954565,-8.485787248294052,1,3.0102616485954563,C. 买了就涨 → 落袋(部分利润 · 或最大浮盈的一部分)
账户2,603778,国晟科技,2026-05-12,2026-05-13,1.0,23.887,24.5,1307.79,2.57,4.198936660107999,6.2502616485954565,-8.485787248294052,1,3.6802616485954567,C. 买了就涨 → 落袋(部分利润 · 或最大浮盈的一部分)
账户2,603803,瑞斯康达,2026-04-09,2026-04-14,5.0,14.465,15.14,2322.54,4.67,-0.8641548565502921,16.07328033183546,-6.947805046664357,2,11.40328033183546,F. 其他盈利
账户2,603803,瑞斯康达,2026-04-09,2026-04-14,5.0,14.11,15.14,1423.45,7.3,1.6300496102055417,18.99362154500355,-4.606661941885182,2,11.693621545003548,C. 买了就涨 → 落袋(部分利润 · 或最大浮盈的一部分)
账户2,603986,兆易创新,2026-03-17,2026-03-23,6.0,302.0,279.3,-2294.55,-7.52,-1.9867549668874163,3.8675496688741706,-10.264900662251652,1,11.38754966887417,E. 买了就跌 → 割肉
账户3,000528,柳 工,2026-07-06,2026-07-07,1.0,8.28,8.46,778.6,2.17,-0.12077294685990392,3.6231884057971175,-2.2946859903381633,1,1.4531884057971176,F. 其他盈利
账户3,000528,柳 工,2026-07-06,2026-07-07,1.0,8.28,8.28,-31.54,0.0,-0.12077294685990392,3.6231884057971175,-2.2946859903381633,1,3.6231884057971175,G. 其他亏损
账户3,001283,豪鹏科技,2026-07-06,2026-07-07,1.0,50.53,49.5,-1499.6,-2.04,-1.2863645359192488,5.600633287156143,-5.20482881456561,1,7.640633287156143,E. 买了就跌 → 割肉
账户3,002205,国统股份,2026-07-06,2026-07-07,1.0,10.93,10.47,-428.9,-4.21,0.8234217749313766,0.9149130832570851,-5.763952424519658,1,5.124913083257085,G. 其他亏损
账户3,300689,澄天伟业,2026-07-02,2026-07-06,4.0,69.57,66.31,-996.6,-4.69,-1.8542475204829545,3.06166451056491,-8.840017248814135,2,7.75166451056491,E. 买了就跌 → 割肉
账户3,300689,澄天伟业,2026-07-02,2026-07-06,4.0,69.57,66.26,-340.52,-4.76,-1.8542475204829545,3.06166451056491,-8.840017248814135,2,7.82166451056491,E. 买了就跌 → 割肉
账户3,300689,澄天伟业,2026-07-02,2026-07-06,4.0,69.57,66.22,-340.54,-4.82,-1.8542475204829545,3.06166451056491,-8.840017248814135,2,7.88166451056491,E. 买了就跌 → 割肉
账户3,300689,澄天伟业,2026-07-02,2026-07-06,4.0,68.37,66.22,-224.47,-3.14,-0.13163668275559814,4.870557261956998,-7.24001755155771,2,8.010557261956999,G. 其他亏损
账户3,300723,一品红,2026-07-02,2026-07-06,4.0,40.65,40.8,7.25,0.37,-2.3862238622386234,10.209102091020906,-5.535055350553508,4,9.839102091020907,F. 其他盈利
账户3,300723,一品红,2026-07-02,2026-07-06,4.0,40.11,40.8,193.75,1.72,-1.0720518573921756,11.69284467713787,-4.263275991024685,4,9.97284467713787,F. 其他盈利
账户3,300723,一品红,2026-07-02,2026-07-06,4.0,40.09,40.8,743.97,1.77,-1.0226989274133347,11.74856572711398,-4.215515091045163,4,9.978565727113981,F. 其他盈利
账户3,600522,中天科技,2026-07-01,2026-07-08,7.0,54.93,46.15,-8819.66,-15.98,0.8920444201711231,9.466593846714,-18.60549790642636,2,25.446593846714002,G. 其他亏损
账户3,600522,中天科技,2026-07-06,2026-07-08,2.0,47.89,46.15,-713.45,-3.63,0.2923366047191456,8.477761536855288,-6.640217164334938,1,12.107761536855289,G. 其他亏损
账户3,688122,西部超导,2026-07-01,2026-07-06,5.0,60.35,56.523,-2836.08,-6.34,-0.04971002485500975,4.175642087821041,-7.191383595691803,1,10.51564208782104,G. 其他亏损
账户4,000007,全新好,2026-05-08,2026-05-13,5.0,17.17,13.45,-2616.21,-21.67,0.2329644729178737,3.61094933022712,-22.13162492719861,2,25.280949330227124,G. 其他亏损
账户4,000007,全新好,2026-05-08,2026-05-13,5.0,17.17,13.45,-2616.21,-21.67,0.2329644729178737,3.61094933022712,-22.13162492719861,2,25.280949330227124,G. 其他亏损
账户4,000063,中兴通讯,2026-05-11,2026-05-13,2.0,39.13,38.47,-77.92,-1.69,-0.0511116790186672,0.9200102223358098,-3.6544850498338888,1,2.6100102223358097,G. 其他亏损
账户4,000628,高新发展,2026-05-11,2026-05-18,7.0,64.14,62.27,-200.11,-2.92,-1.340816962893665,3.0090427190520685,-7.015902712815714,1,5.9290427190520685,E. 买了就跌 → 割肉
账户4,000636,风华高科,2026-06-17,2026-06-23,6.0,71.89,70.27,-338.03,-2.25,3.018500486854925,5.856169147308377,-7.275003477535124,2,8.106169147308377,B. 买了就涨 → 没跑 → 变小亏
账户4,000636,风华高科,2026-06-18,2026-06-23,5.0,73.62,70.27,-1023.54,-4.55,1.3311600108665944,3.3686498234175355,-9.45395273023636,1,7.918649823417535,A. 买了就涨 → 没跑 → 变大亏
账户4,000811,冰轮环境,2026-05-08,2026-05-25,17.0,25.98,35.15,3650.97,35.3,1.1547344110854452,48.036951501154746,-3.27174749807545,1,12.73695150115475,C. 买了就涨 → 落袋(部分利润 · 或最大浮盈的一部分)
账户4,001896,豫能控股,2026-05-11,2026-06-04,24.0,16.85,21.7,1925.65,28.78,-0.2373887240356254,31.097922848664684,-14.658753709198812,1,2.317922848664683,F. 其他盈利
账户4,002079,苏州固锝,2026-06-16,2026-06-17,1.0,12.577,13.2,178.56,4.95,2.8862208793829947,8.76997694203705,-3.156555617396839,2,3.8199769420370506,C. 买了就涨 → 落袋(部分利润 · 或最大浮盈的一部分)
账户4,002079,苏州固锝,2026-06-16,2026-06-17,1.0,12.577,13.19,476.48,4.87,2.8862208793829947,8.76997694203705,-3.156555617396839,2,3.8999769420370507,C. 买了就涨 → 落袋(部分利润 · 或最大浮盈的一部分)
账户4,002079,苏州固锝,2026-06-17,2026-06-18,1.0,13.15,13.72,102.63,4.33,2.8136882129277563,6.083650190114054,-3.041825095057038,1,1.7536501901140538,C. 买了就涨 → 落袋(部分利润 · 或最大浮盈的一部分)
账户4,002080,中材科技,2026-05-11,2026-05-18,7.0,63.3,65.35,191.73,3.24,-0.3475513428120025,13.586097946287534,-4.3917851500789755,1,10.346097946287534,F. 其他盈利
账户4,002135,东南网架,2026-05-11,2026-05-12,1.0,9.35,9.22,-50.38,-1.39,0.0,3.3155080213903787,-2.245989304812823,1,4.705508021390378,G. 其他亏损
账户4,002156,通富微电,2026-06-16,2026-06-17,1.0,63.0,65.65,513.43,4.21,-0.11111111111110628,9.523809523809534,-2.0000000000000018,1,5.313809523809534,F. 其他盈利
账户4,002171,楚江新材,2026-06-15,2026-06-16,1.0,13.82,14.24,365.14,3.04,-0.361794500723589,7.6700434153401,-2.604920405209832,2,4.6300434153401,F. 其他盈利
账户4,002171,楚江新材,2026-06-15,2026-06-17,2.0,13.82,14.41,459.95,4.27,-0.361794500723589,12.011577424023145,-2.604920405209832,3,7.741577424023145,F. 其他盈利
账户4,002171,楚江新材,2026-06-15,2026-06-17,2.0,13.82,14.99,343.27,8.47,-0.361794500723589,12.011577424023145,-2.604920405209832,3,3.541577424023144,F. 其他盈利
账户4,002171,楚江新材,2026-06-15,2026-06-18,3.0,13.82,14.84,601.58,7.38,-0.361794500723589,15.484804630969617,-2.604920405209832,4,8.104804630969618,F. 其他盈利
账户4,002171,楚江新材,2026-06-15,2026-06-18,3.0,13.82,15.12,382.25,9.41,-0.361794500723589,15.484804630969617,-2.604920405209832,4,6.074804630969616,F. 其他盈利
账户4,002171,楚江新材,2026-06-15,2026-06-18,3.0,13.82,15.5,333.41,12.16,-0.361794500723589,15.484804630969617,-2.604920405209832,4,3.3248046309696164,F. 其他盈利
账户4,002171,楚江新材,2026-06-16,2026-06-18,2.0,14.28,15.5,720.2,8.54,0.42016806722688926,11.764705882352944,-4.761904761904756,3,3.2247058823529446,F. 其他盈利
账户4,002171,楚江新材,2026-06-17,2026-06-18,1.0,14.4,15.5,648.2,7.64,4.166666666666674,10.83333333333334,-3.9583333333333304,2,3.1933333333333396,C. 买了就涨 → 落袋(部分利润 · 或最大浮盈的一部分)
账户4,002171,楚江新材,2026-06-18,2026-06-22,4.0,15.49,15.72,82.43,1.48,-0.7101355713363455,6.326662362814717,-5.422853453841192,3,4.846662362814717,F. 其他盈利
账户4,002171,楚江新材,2026-06-18,2026-06-22,4.0,15.49,16.09,53.84,3.87,-0.7101355713363455,6.326662362814717,-5.422853453841192,3,2.4566623628147166,F. 其他盈利
账户4,002171,楚江新材,2026-06-18,2026-06-23,5.0,15.49,14.93,-517.4,-3.62,-0.7101355713363455,6.326662362814717,-5.422853453841192,4,9.946662362814717,G. 其他亏损
账户4,002171,楚江新材,2026-06-22,2026-06-23,1.0,15.71,14.93,-242.39,-4.96,4.5830681094843895,4.837683004455751,-5.856142584341195,3,9.79768300445575,A. 买了就涨 → 没跑 → 变大亏(且加仓)
账户4,002171,楚江新材,2026-06-22,2026-06-23,1.0,16.13,14.93,-121.34,-7.44,1.8598884066955979,2.1078735275883442,-8.307501549907004,3,9.547873527588344,G. 其他亏损
账户4,002171,楚江新材,2026-06-22,2026-07-01,9.0,16.13,13.5,-6072.42,-16.31,1.8598884066955979,2.1078735275883442,-19.83880967141971,5,18.41787352758834,G. 其他亏损
账户4,002171,楚江新材,2026-06-23,2026-07-01,8.0,16.02,13.5,-2533.1,-15.73,-7.615480649188511,1.9350811485642883,-19.288389513108616,3,17.66508114856429,E. 买了就跌 → 割肉
账户4,002171,楚江新材,2026-06-24,2026-07-01,7.0,15.18,13.5,-1524.29,-11.07,-1.0540184453227908,4.0843214756258295,-14.822134387351781,2,15.15432147562583,E. 买了就跌 → 割肉
账户4,002171,楚江新材,2026-06-26,2026-07-01,5.0,14.42,13.5,-3067.73,-6.38,-1.4563106796116387,7.628294036061023,-10.33287101248267,1,14.008294036061024,E. 买了就跌 → 割肉
账户4,002290,禾盛新材,2026-06-22,2026-06-29,7.0,89.0,83.205,-2927.46,-6.51,-2.1011235955056273,4.25842696629215,-10.1123595505618,3,10.76842696629215,E. 买了就跌 → 割肉
账户4,002290,禾盛新材,2026-06-22,2026-06-29,7.0,89.31,83.205,-1235.99,-6.84,-2.44093606539022,3.896540141081628,-10.424364572836186,3,10.736540141081628,E. 买了就跌 → 割肉
账户4,002290,禾盛新材,2026-06-23,2026-06-29,6.0,89.49,83.205,-638.49,-7.02,-3.564644094312208,3.687562856185056,-10.604536819756394,1,10.707562856185056,E. 买了就跌 → 割肉
账户4,002409,雅克科技,2026-06-16,2026-06-17,1.0,141.53,145.82,411.71,3.03,-2.66374620221862,5.433477001342468,-4.578534586306782,1,2.4034770013424684,F. 其他盈利
账户4,002409,雅克科技,2026-06-18,2026-06-22,4.0,145.0,162.55,1736.87,12.1,3.5586206896551786,13.91724137931034,-0.793103448275867,2,1.8172413793103406,C. 买了就涨 → 落袋(部分利润 · 或最大浮盈的一部分)
账户4,002409,雅克科技,2026-06-22,2026-06-26,4.0,160.717,190.42,8871.63,18.48,2.776930878500705,21.455726525507558,-4.888717434994428,1,2.9757265255075573,C. 买了就涨 → 落袋(部分利润 · 或最大浮盈的一部分)
账户4,002428,云南锗业,2026-06-16,2026-06-17,1.0,103.59,98.7,-503.94,-4.72,-2.3071725069987448,4.8942948161019295,-7.211120764552559,1,9.614294816101928,E. 买了就跌 → 割肉
账户4,002484,江海股份,2026-05-11,2026-05-12,1.0,44.44,44.5,8.87,0.14,3.8028802880288204,5.805580558055823,-4.342934293429346,1,5.665580558055823,C. 买了就涨 → 落袋(部分利润 · 或最大浮盈的一部分)
账户4,002536,飞龙股份,2026-06-16,2026-06-17,1.0,46.12,44.89,-385.73,-2.67,-1.712922810060713,1.170858629661753,-4.553339115351241,1,3.840858629661753,D. 买了就跌 → 死扛到大亏
账户4,002876,三利谱,2026-05-11,2026-05-12,1.0,31.45,30.59,-97.53,-2.73,-1.2718600953894987,1.0174880763116123,-4.76947535771065,1,3.7474880763116123,E. 买了就跌 → 割肉
账户4,002876,三利谱,2026-06-15,2026-06-17,2.0,31.33,32.48,560.09,3.67,0.2872646026173209,4.9154165336738,-4.691988509415889,2,1.2454165336738,F. 其他盈利
账户4,002876,三利谱,2026-06-15,2026-06-17,2.0,31.33,32.49,1022.7,3.7,0.2872646026173209,4.9154165336738,-4.691988509415889,2,1.2154165336737996,F. 其他盈利
账户4,002876,三利谱,2026-06-16,2026-06-17,1.0,32.21,32.49,98.96,0.87,-0.8382489909965818,2.049053089102748,-3.6324122943185433,1,1.179053089102748,F. 其他盈利
账户4,002935,天奥电子,2026-06-17,2026-06-18,1.0,22.0,21.614,-1524.42,-1.75,0.6818181818181834,1.6363636363636358,-2.227272727272722,1,3.386363636363636,G. 其他亏损
账户4,002938,鹏鼎控股,2026-06-16,2026-06-18,2.0,106.31,120.46,1398.98,13.31,1.768413131408142,15.793434295926989,-2.8313423008183625,1,2.4834342959269886,C. 买了就涨 → 落袋(部分利润 · 或最大浮盈的一部分)
账户4,002972,科安达,2026-05-11,2026-05-12,1.0,13.34,13.34,-11.33,0.0,-0.2998500749625155,1.9490254872563728,-1.7241379310344862,1,1.9490254872563728,G. 其他亏损
账户4,002998,优彩资源,2026-05-11,2026-05-12,1.0,10.0,9.95,-26.49,-0.5,1.200000000000001,3.9000000000000146,-2.500000000000002,1,4.400000000000015,B. 买了就涨 → 没跑 → 变小亏
账户4,600111,北方稀土,2026-06-17,2026-06-18,1.0,50.21,52.18,770.14,3.92,0.21907986456881634,6.114319856602268,-0.8165704043019417,2,2.1943198566022684,F. 其他盈利
账户4,600111,北方稀土,2026-06-17,2026-06-22,5.0,50.21,52.0,2103.31,3.57,0.21907986456881634,7.847042421828321,-0.8165704043019417,2,4.277042421828321,F. 其他盈利
账户4,600111,北方稀土,2026-06-18,2026-06-22,4.0,52.95,52.0,-299.68,-1.79,-2.9272898961284266,2.2662889518413554,-5.9490084985835745,1,4.056288951841355,E. 买了就跌 → 割肉
账户4,600118,中国卫星,2026-06-16,2026-06-17,1.0,77.0,76.86,-45.99,-0.18,-2.2597402597402505,1.0389610389610393,-3.753246753246753,1,1.2189610389610392,E. 买了就跌 → 割肉
账户4,600171,上海贝岭,2026-06-15,2026-06-17,2.0,27.13,27.809,1053.82,2.5,0.11057869517139274,3.538518245484701,-3.243641725027646,2,1.0385182454847008,F. 其他盈利
账户4,600171,上海贝岭,2026-06-16,2026-06-17,1.0,27.73,27.809,25.88,0.28,-1.0818608005769947,1.2982329606923804,-2.8849621348719823,1,1.0182329606923803,F. 其他盈利
账户4,600234,科新发展,2026-05-08,2026-05-13,5.0,25.938,29.79,1524.61,14.85,10.301488164083583,23.44822268486393,-1.3802143573135917,1,8.598222684863929,C. 买了就涨 → 落袋(部分利润 · 或最大浮盈的一部分)
账户4,600251,冠农股份,2026-05-06,2026-05-07,1.0,12.84,12.63,-421.49,-1.64,1.3239875389408073,2.8816199376947127,-2.8816199376947016,2,4.521619937694712,G. 其他亏损
账户4,600251,冠农股份,2026-05-07,2026-05-11,4.0,12.73,12.35,-744.21,-2.99,-0.15710919088766095,3.7706205813040183,-3.8491751767478433,1,6.7606205813040186,G. 其他亏损
账户4,600338,西藏珠峰,2026-05-06,2026-06-04,29.0,26.84,17.13,-8753.65,-36.18,-1.341281669150518,2.757078986587169,-36.885245901639344,5,38.93707898658717,D. 买了就跌 → 死扛到大亏(且加仓)
账户4,600338,西藏珠峰,2026-05-06,2026-06-04,29.0,26.83,17.13,-8744.65,-36.15,-1.3045098770033459,2.795378307864338,-36.86172195303764,5,38.94537830786434,D. 买了就跌 → 死扛到大亏(且加仓)
账户4,600338,西藏珠峰,2026-05-06,2026-06-04,29.0,26.776,17.13,-8696.05,-36.02,-1.105467582910069,3.0026889752016617,-36.73438900507917,5,39.02268897520167,D. 买了就跌 → 死扛到大亏(且加仓)
账户4,600338,西藏珠峰,2026-05-06,2026-06-04,29.0,26.8,17.13,-8717.65,-36.08,-1.1940298507462699,2.910447761194024,-36.7910447761194,5,38.99044776119402,D. 买了就跌 → 死扛到大亏(且加仓)
账户4,600338,西藏珠峰,2026-05-06,2026-06-04,29.0,26.86,17.13,-8771.65,-36.22,-1.4147431124348464,2.6805658972449686,-36.932241250930744,5,38.90056589724497,D. 买了就跌 → 死扛到大亏(且加仓)
账户4,600433,冠豪高新,2026-05-06,2026-05-07,1.0,4.82,5.24,1408.75,8.71,-0.4149377593361092,9.543568464730278,-1.4522821576763545,1,0.833568464730277,F. 其他盈利
账户4,600487,亨通光电,2026-05-08,2026-05-11,3.0,76.72,75.23,-160.41,-1.94,0.7168925964546435,4.144942648592287,-3.766944734098021,2,6.084942648592287,G. 其他亏损
账户4,600487,亨通光电,2026-05-08,2026-05-11,3.0,76.72,75.23,-160.41,-1.94,0.7168925964546435,4.144942648592287,-3.766944734098021,2,6.084942648592287,G. 其他亏损
账户4,600522,中天科技,2026-06-22,2026-06-23,1.0,58.62,62.74,1216.22,7.03,1.7229614466052645,10.269532582736263,-1.7911975435005112,4,3.2395325827362624,C. 买了就涨 → 落袋(部分利润 · 或最大浮盈的一部分)
账户4,600584,长电科技,2026-06-16,2026-06-17,1.0,75.53,81.69,1213.52,8.16,1.853568118628357,9.665033761419295,-0.7546670197272731,1,1.5050337614192948,C. 买了就涨 → 落袋(部分利润 · 或最大浮盈的一部分)
账户4,600637,东方明珠,2026-05-25,2026-06-04,10.0,11.39,9.15,-22243.67,-19.67,0.4389815627743543,0.4389815627743543,-20.45654082528534,1,20.108981562774357,G. 其他亏损
账户4,600879,航天电子,2026-06-16,2026-06-17,1.0,20.33,20.4,31.58,0.34,-0.9837678307919262,4.27939006394491,-2.6561731431382185,1,3.93939006394491,F. 其他盈利
账户4,601339,百隆东方,2026-05-07,2026-05-12,5.0,9.11,9.163,117.59,0.58,3.6223929747530192,4.281009879253572,-7.464324917672882,2,3.701009879253572,C. 买了就涨 → 落袋(部分利润 · 或最大浮盈的一部分)
账户4,601339,百隆东方,2026-05-08,2026-05-12,4.0,8.52,9.163,1269.31,7.55,1.0563380281690016,8.920187793427225,-1.0563380281690127,1,1.3701877934272249,C. 买了就涨 → 落袋(部分利润 · 或最大浮盈的一部分)
账户4,601939,建设银行,2026-05-07,2026-05-11,4.0,9.76,9.53,-597.41,-2.36,-0.5122950819672067,0.8196721311475308,-2.7663934426229497,1,3.1796721311475307,G. 其他亏损
账户4,601996,丰林集团,2026-05-11,2026-05-12,1.0,3.08,3.04,-101.47,-1.3,1.6233766233766156,2.5974025974025983,-2.5974025974025983,1,3.897402597402598,G. 其他亏损
账户4,603002,宏昌电子,2026-05-11,2026-05-12,1.0,15.43,14.92,-217.1,-3.31,-0.7777057679844379,1.620220349967605,-4.601425793907965,1,4.930220349967605,G. 其他亏损
账户4,603019,中科曙光,2026-06-22,2026-06-23,1.0,87.492,90.49,289.1,3.43,1.7464453892927168,4.649567960499246,-1.1566771819137789,3,1.2195679604992455,C. 买了就涨 → 落袋(部分利润 · 或最大浮盈的一部分)
账户4,603019,中科曙光,2026-06-22,2026-06-23,1.0,87.492,88.79,243.36,1.48,1.7464453892927168,4.649567960499246,-1.1566771819137789,3,3.1695679604992457,C. 买了就涨 → 落袋(部分利润 · 或最大浮盈的一部分)
账户4,603019,中科曙光,2026-06-22,2026-06-23,1.0,87.492,88.76,237.36,1.45,1.7464453892927168,4.649567960499246,-1.1566771819137789,3,3.1995679604992455,C. 买了就涨 → 落袋(部分利润 · 或最大浮盈的一部分)
账户4,603019,中科曙光,2026-06-23,2026-06-29,6.0,90.1,97.48,726.69,8.19,-3.3740288568257393,13.207547169811317,-5.660377358490565,3,5.017547169811317,F. 其他盈利
账户4,603019,中科曙光,2026-06-23,2026-06-29,6.0,88.87,97.48,2561.4,9.69,-2.036682795093958,14.774389557781031,-4.354675368515815,3,5.084389557781032,F. 其他盈利
账户4,603220,中贝通信,2026-05-11,2026-05-12,1.0,31.27,30.23,-221.14,-3.33,-0.543652062679878,6.747681483850343,-4.541093700031973,1,10.077681483850343,G. 其他亏损
账户4,603269,海鸥股份,2026-05-08,2026-05-12,4.0,16.91,20.42,2439.59,20.76,-0.23654642223536193,20.756948551153176,-1.714961561206385,1,-0.003051448846825622,F. 其他盈利
账户4,603488,展鹏科技,2026-05-11,2026-05-12,1.0,12.46,12.24,-55.26,-1.77,-2.327447833065821,3.451043338683779,-3.611556982343511,1,5.22104333868378,D. 买了就跌 → 死扛到大亏
账户4,603527,众源新材,2026-05-11,2026-05-12,1.0,13.58,13.16,-95.36,-3.09,0.07363770250368162,1.6200294550809957,-4.49189985272459,1,4.710029455080996,G. 其他亏损
账户4,603598,引力传媒,2026-05-18,2026-06-04,17.0,24.53,21.3,-334.11,-13.17,-0.9376273950264968,3.8320423970648054,-17.570322054626995,1,17.002042397064805,G. 其他亏损
账户4,603678,火炬电子,2026-06-17,2026-06-22,5.0,69.05,63.34,-1730.4,-8.27,0.9558291093410443,8.327299058653148,-9.051412020275162,2,16.59729905865315,G. 其他亏损
账户4,603678,火炬电子,2026-06-18,2026-06-22,4.0,69.28,63.34,-1799.4,-8.57,-2.208429561200931,7.9676674364896005,-9.353348729792154,1,16.5376674364896,D. 买了就跌 → 死扛到大亏
账户4,603703,盛洋科技,2026-06-15,2026-06-16,1.0,11.852,12.33,606.28,4.03,0.4049949375632744,5.889301383732715,-5.754303071211608,2,1.8593013837327144,F. 其他盈利
账户4,603703,盛洋科技,2026-06-15,2026-06-17,2.0,11.852,12.42,499.15,4.79,0.4049949375632744,6.564292946338179,-5.754303071211608,3,1.7742929463381794,F. 其他盈利
账户4,603703,盛洋科技,2026-06-15,2026-06-18,3.0,11.852,12.18,283.26,2.77,0.4049949375632744,6.564292946338179,-5.754303071211608,4,3.7942929463381794,F. 其他盈利
账户4,603703,盛洋科技,2026-06-15,2026-06-18,3.0,11.852,12.23,106.09,3.19,0.4049949375632744,6.564292946338179,-5.754303071211608,4,3.3742929463381794,F. 其他盈利
账户4,603703,盛洋科技,2026-06-15,2026-06-22,7.0,11.852,11.94,15.68,0.74,0.4049949375632744,6.564292946338179,-5.754303071211608,4,5.824292946338179,F. 其他盈利
账户4,603703,盛洋科技,2026-06-16,2026-06-22,6.0,12.308,11.94,-381.2,-2.99,0.17874553136172366,2.6161845953851293,-6.971075723106923,3,5.6061845953851295,G. 其他亏损
账户4,603703,盛洋科技,2026-06-17,2026-06-22,5.0,12.39,11.94,-325.74,-3.63,-1.3720742534301889,1.937046004842613,-7.586763518966921,2,5.567046004842613,E. 买了就跌 → 割肉
账户4,603703,盛洋科技,2026-06-18,2026-06-22,4.0,12.02,11.94,-57.94,-0.67,-0.6655574043261225,2.4958402662229595,-4.742096505823634,1,3.1658402662229594,G. 其他亏损
账户4,603897,长城科技,2026-05-11,2026-05-13,2.0,56.23,54.92,-143.86,-2.33,-0.7647163435888338,6.313355859861303,-4.855059576738386,1,8.643355859861302,G. 其他亏损
账户4,603920,世运电路,2026-06-16,2026-06-17,1.0,58.68,61.515,550.6,4.83,0.5453306066802943,7.00408997955011,-1.7552828902522188,1,2.17408997955011,F. 其他盈利
账户4,605258,协和电子,2026-06-16,2026-06-17,1.0,36.45,37.54,311.15,2.99,0.21947873799725848,3.539094650205765,-2.7709190672153827,1,0.549094650205765,F. 其他盈利
账户4,605299,舒华体育,2026-05-08,2026-05-13,5.0,26.26,24.282,-803.47,-7.53,3.3130236100533006,5.331302361005319,-9.90099009900991,2,12.861302361005318,A. 买了就涨 → 没跑 → 变大亏(且加仓)
账户4,605299,舒华体育,2026-05-08,2026-05-13,5.0,26.26,24.282,-1003.08,-7.53,3.3130236100533006,5.331302361005319,-9.90099009900991,2,12.861302361005318,A. 买了就涨 → 没跑 → 变大亏(且加仓)
账户4,605376,博迁新材,2026-05-08,2026-05-13,5.0,129.2,130.31,94.22,0.86,3.947368421052655,10.294117647058831,-2.35294117647058,1,9.434117647058832,C. 买了就涨 → 落袋(部分利润 · 或最大浮盈的一部分)
