account,code,name,open_date,close_date,pnl_net,pnl_pct,hold_days,pattern,drawdown_from_high,days_since_high,ma20_slope,pre10_pct,price_vs_ma20
账户1,000099,中信海直,2025-09-02,2025-10-21,-1235.67,-10.08,49.0,🟢 主升途中,-7.153846153846155,7,7.5008469791078225,5.404255319148943,1.437095554248291
账户1,000547,航天发展,2026-03-18,2026-03-19,-1121.21,-3.82,1.0,🟠 深度回撤介入 (从60日高点已跌>15%),-25.338253382533814,65,0.0,14.614803625377636,1.099267155229855
账户1,000559,万向钱潮,2026-01-22,2026-01-28,-2976.43,-11.35,6.0,🟢 主升途中,-9.724770642201841,10,42.4600215427956,8.373851971907055,14.461860586849685
账户1,000592,平潭发展,2025-11-24,2025-12-17,820.55,42.23,23.0,🩸 高位回落接盘 (60日高点回撤>10% · 高点在20日内),-23.580441640378545,3,120.46965624557929,14.209968186638378,24.350336862367627
账户1,000592,平潭发展,2026-05-08,2026-05-11,211.92,0.44,3.0,⚪ 平台/中性,-13.33333333333333,65,0.40719527474493145,2.810516772438798,1.9653282231828495
账户1,000630,铜陵有色,2026-03-16,2026-03-17,776.22,3.52,1.0,🟠 深度回撤介入 (从60日高点已跌>15%),-27.638737758433074,46,7.268658871084166,-17.458432304038006,-10.504003768252456
账户1,000737,北方铜业,2026-02-03,2026-02-27,1843.23,3.96,24.0,🩸 高位回落接盘 (60日高点回撤>10% · 高点在20日内),-16.32558139534884,4,12.673528814247991,14.341590612777043,8.12272740932174
账户1,000737,北方铜业,2026-02-05,2026-02-27,144.86,8.96,22.0,🩸 高位回落接盘 (60日高点回撤>10% · 高点在20日内),-23.25581395348837,6,13.650932892472767,10.97941359950092,-2.0335460887635493
账户1,000737,北方铜业,2026-02-05,2026-03-02,4046.0,8.35,25.0,🩸 高位回落接盘 (60日高点回撤>10% · 高点在20日内),-23.25581395348837,6,13.650932892472767,10.97941359950092,-2.0335460887635493
账户1,000762,西藏矿业,2026-04-02,2026-04-03,-53.76,0.0,1.0,🔴 追涨大阳/涨停,-1.6052880075542952,31,1.8364388122214637,9.941972920696319,9.886633271816514
账户1,000762,西藏矿业,2026-04-02,2026-04-03,-1102.85,-2.4,1.0,🔴 追涨大阳/涨停,-1.6052880075542952,31,1.8364388122214637,9.941972920696319,9.886633271816514
账户1,000777,中核科技,2026-03-13,2026-03-17,-73.37,-2.31,4.0,🔴 追涨大阳/涨停,-14.221796100990725,60,-5.8856377038195244,-4.125286478227652,6.166686444365332
账户1,000831,中国稀土,2025-09-01,2025-09-02,1017.51,9.02,1.0,🔴 追涨大阳/涨停,1.3717421124828544,3,12.691403480402542,29.773030707610147,30.51348845423636
账户1,000831,中国稀土,2025-09-03,2025-10-13,686.56,4.18,40.0,🔴 追涨大阳/涨停,-9.369055168040575,1,15.765533813937527,34.586794927853084,21.093377672812764
账户1,000831,中国稀土,2025-09-04,2025-10-13,2391.96,11.45,39.0,🩸 高位回落接盘 (60日高点回撤>10% · 高点在20日内),-17.818642993024724,2,16.82443119600925,20.713682432432435,7.979753796163225
账户1,000831,中国稀土,2025-09-18,2025-10-13,1198.71,11.5,25.0,🩸 高位回落接盘 (60日高点回撤>10% · 高点在20日内),-17.232086239695622,16,24.287158981273784,6.539351851851838,-2.3409369359258525
账户1,000831,中国稀土,2025-09-18,2025-10-13,1198.71,11.5,25.0,🩸 高位回落接盘 (60日高点回撤>10% · 高点在20日内),-17.232086239695622,16,24.287158981273784,6.539351851851838,-2.3409369359258525
账户1,000831,中国稀土,2025-10-20,2025-10-27,124.13,2.46,7.0,🩸 高位回落接盘 (60日高点回撤>10% · 高点在20日内),-16.545454545454554,6,5.759177622595879,13.010255379046875,1.5889410441085383
账户1,000831,中国稀土,2025-10-23,2025-10-27,1173.02,5.68,4.0,🩸 高位回落接盘 (60日高点回撤>10% · 高点在20日内),-18.878787878787882,9,2.1486402325098686,-3.9536109646810758,-1.0817452032775843
账户1,000831,中国稀土,2025-11-27,2025-12-19,-802.95,-3.33,22.0,🩸 下降通道抄底 (从60日高点回撤>10% + MA20下行 + 价<MA20),-30.272727272727273,44,-11.429040526118971,-2.1518987341772045,-5.214051059184566
账户1,000831,中国稀土,2025-11-27,2025-12-22,-346.61,-1.74,25.0,🩸 下降通道抄底 (从60日高点回撤>10% + MA20下行 + 价<MA20),-30.272727272727273,44,-11.429040526118971,-2.1518987341772045,-5.214051059184566
账户1,000889,中嘉博创,2026-04-28,2026-04-29,244.89,2.72,1.0,🔴 追涨大阳/涨停,-9.908256880733946,8,20.886627906976752,3.480278422273786,18.071419983167015
账户1,000890,法尔胜,2026-03-17,2026-03-18,408.52,4.19,1.0,🔴 追涨大阳/涨停,10.000000000000009,1,50.73398784478731,51.36476426799006,66.49091247441223
账户1,000912,泸天化,2026-03-03,2026-03-04,-2354.22,-6.14,1.0,🟢 主升途中,0.9345794392523477,1,9.927417466635413,14.31623931623931,15.015974440894597
账户1,000938,紫光股份,2025-09-09,2025-10-27,1276.69,6.12,48.0,🩸 高位回落接盘 (60日高点回撤>10% · 高点在20日内),-12.603648424543934,6,10.414308811641071,-1.5929203539822967,-3.5381545952080207
账户1,000968,蓝焰控股,2026-03-27,2026-03-30,-2414.27,-4.35,3.0,🔴 追涨大阳/涨停,1.4912280701754321,23,22.239387011061005,15.539112050739945,16.975027803053266
账户1,000993,闽东电力,2026-04-28,2026-04-29,-1013.95,-2.79,1.0,🩸 下降通道抄底 (从60日高点回撤>10% + MA20下行 + 价<MA20),-26.40416907932831,33,-10.4102458735703,-1.6600790513834007,-2.836174604388031
账户1,001309,德明利,2026-02-09,2026-02-13,1099.55,4.71,4.0,🩸 高位回落接盘 (60日高点回撤>10% · 高点在20日内),-21.75974025974027,18,17.30785614039807,-15.232896652110629,-7.890537356162575
账户1,002025,航天电器,2026-03-25,2026-03-27,-1147.49,-8.63,2.0,🔴 追涨大阳/涨停,-5.585376468881487,1,0.0,18.675871835723147,16.018504487962293
账户1,002025,航天电器,2026-03-25,2026-03-27,-514.25,-7.75,2.0,🔴 追涨大阳/涨停,-5.585376468881487,1,0.0,18.675871835723147,16.018504487962293
账户1,002025,航天电器,2026-04-29,2026-04-30,930.82,4.64,1.0,🩸 高位回落接盘 (60日高点回撤>10% · 高点在20日内),-19.08406074375224,9,25.01606670037102,-13.0538471193674,-7.234655060145978
账户1,002031,巨轮智能,2026-05-14,2026-05-15,-56.38,-5.96,1.0,🔴 追涨大阳/涨停,-4.140526976160608,93,-4.385427827950384,24.828767123287676,22.30849275594331
账户1,002049,紫光国微,2025-08-20,2025-08-22,495.18,3.77,2.0,🟢 主升途中,-5.6586377780338815,1,12.274574259233862,6.892067620286091,10.959748964750693
账户1,002050,三花智控,2026-01-22,2026-01-28,-4340.08,-9.44,6.0,🟢 主升途中,-7.799901267072573,3,22.25567155531827,6.584513518484458,4.127562303703836
账户1,002081,金 螳 螂,2026-05-29,2026-06-01,192.77,2.11,3.0,🩸 高位回落接盘 (60日高点回撤>10% · 高点在20日内),-28.372093023255808,14,71.67614763857652,-28.66242038216561,-5.062803421437934
账户1,002082,万邦德,2026-04-01,2026-04-02,207.35,0.24,1.0,🔴 追涨大阳/涨停,9.933774834437092,1,17.17221849181094,70.23675310033823,65.44163448361778
账户1,002149,西部材料,2026-02-27,2026-03-02,3052.85,5.95,3.0,⚪ 平台/中性,-10.141428078647808,23,10.94792609730748,-8.951452806352634,4.972598323662147
账户1,002149,西部材料,2026-03-02,2026-03-03,640.94,1.2,1.0,🔴 追涨大阳/涨停,-5.001724732666435,26,12.234666190247555,-5.667209849719345,9.596673100264642
账户1,002149,西部材料,2026-03-16,2026-03-17,263.43,1.35,1.0,🟠 深度回撤介入 (从60日高点已跌>15%),-22.921697136943774,40,6.391231209351678,-20.969498910675377,-9.986303577183397
账户1,002149,西部材料,2026-03-16,2026-03-17,-41.79,-0.75,1.0,🟠 深度回撤介入 (从60日高点已跌>15%),-22.921697136943774,40,6.391231209351678,-20.969498910675377,-9.986303577183397
账户1,002175,东方智造,2025-12-23,2026-01-06,-1360.25,-5.98,14.0,⚪ 平台/中性,-14.901256732495515,98,3.825554705432288,-3.469387755102038,-0.20002105484787647
账户1,002178,延华智能,2026-03-05,2026-03-06,-2837.68,-5.0,1.0,⚪ 平台/中性,-10.290237467018471,93,-2.211153875179217,1.365705614567525,4.954468282142277
账户1,002192,融捷股份,2026-05-20,2026-05-22,-6507.76,-6.42,2.0,🩸 高位回落接盘 (60日高点回撤>10% · 高点在20日内),-21.373913043478254,14,32.5001423041894,-20.983989926245737,-2.889577437560731
账户1,002192,融捷股份,2026-05-20,2026-05-22,-648.56,-7.05,2.0,🩸 高位回落接盘 (60日高点回撤>10% · 高点在20日内),-21.373913043478254,14,32.5001423041894,-20.983989926245737,-2.889577437560731
账户1,002192,融捷股份,2026-05-21,2026-05-22,-2825.68,-6.18,1.0,🩸 高位回落接盘 (60日高点回撤>10% · 高点在20日内),-25.399999999999988,15,29.93802472055478,-13.967649857278774,-8.151685152670108
账户1,002241,歌尔股份,2025-10-20,2025-10-21,382.66,6.55,1.0,🩸 高位回落接盘 (60日高点回撤>10% · 高点在20日内),-25.245821042281214,11,7.74666729622111,-10.755148741418763,-11.158503629909877
账户1,002371,北方华创,2026-03-05,2026-03-06,330.68,0.84,1.0,🩸 下降通道抄底 (从60日高点回撤>10% + MA20下行 + 价<MA20),-12.681647940074914,48,-4.147487272543982,-5.515789473684207,-1.919312921943317
账户1,002407,多氟多,2026-03-16,2026-03-17,-573.83,-3.04,1.0,🟠 深度回撤介入 (从60日高点已跌>15%),-18.598454569677592,80,-2.732650035033979,5.218281036834926,2.3587750452321865
账户1,002407,多氟多,2026-03-17,2026-03-18,-416.65,-2.32,1.0,🩸 下降通道抄底 (从60日高点回撤>10% + MA20下行 + 价<MA20),-23.634425792699176,81,-2.0917280917280845,7.117812061711093,-4.103859602161519
账户1,002423,中粮资本,2026-03-16,2026-03-17,-355.72,-3.01,1.0,⚪ 平台/中性,-9.976057462090981,61,-5.987048076510703,-3.76007162041182,2.915013001231692
账户1,002428,云南锗业,2026-03-25,2026-03-26,-1769.74,-5.03,1.0,🔴 追涨大阳/涨停,-1.1632653061224518,14,19.323100600497444,-2.9130434782608794,11.544883975355557
账户1,002446,盛路通信,2026-07-01,2026-07-02,-4473.36,-3.07,1.0,⚪ 平台/中性,-8.510638297872353,9,2.8658915841347055,-8.75106202209005,4.0000000000000036
账户1,002456,欧菲光,2025-08-21,2025-08-22,681.99,4.01,1.0,🟢 主升途中,-4.797601199400303,1,2.506211044763096,13.013698630136993,8.002381154860094
账户1,002456,欧菲光,2025-08-21,2025-08-22,698.03,4.09,1.0,🟢 主升途中,-4.797601199400303,1,2.506211044763096,13.013698630136993,8.002381154860094
账户1,002456,欧菲光,2026-07-02,2026-07-06,-8197.15,-5.91,4.0,⚪ 平台/中性,-7.338551859099807,28,2.745336801904008,-1.2474012474012364,2.0309217260141343
账户1,002463,沪电股份,2025-11-14,2025-11-26,5618.64,13.04,12.0,🩸 下降通道抄底 (从60日高点回撤>10% + MA20下行 + 价<MA20),-27.04558910597987,52,-2.604360597410116,-9.160090191657277,-12.763984169799446
账户1,002463,沪电股份,2025-11-14,2025-11-26,908.1,14.78,12.0,🩸 下降通道抄底 (从60日高点回撤>10% + MA20下行 + 价<MA20),-27.04558910597987,52,-2.604360597410116,-9.160090191657277,-12.763984169799446
账户1,002471,中超控股,2026-05-08,2026-05-11,485.49,0.8,3.0,🟠 深度回撤介入 (从60日高点已跌>15%),-19.411223551057954,87,2.3014959723820505,-12.18014329580348,-1.4623172103486959
账户1,002475,立讯精密,2025-10-17,2025-10-21,941.71,8.59,4.0,🟠 深度回撤介入 (从60日高点已跌>15%),-23.144044321329638,23,35.5265261378948,-13.87838231015419,-6.492762415112152
账户1,002491,通鼎互联,2026-06-05,2026-06-08,748.16,2.12,3.0,🔴 追涨大阳/涨停,-9.581056466302362,23,47.75446288756648,17.67543859649121,5.218534062486779
账户1,002565,顺灏股份,2026-03-19,2026-03-24,-760.65,-2.69,5.0,🟠 深度回撤介入 (从60日高点已跌>15%),-26.66666666666666,66,-10.574072410385426,13.594954449894892,14.92867189069722
账户1,002565,顺灏股份,2026-03-20,2026-03-24,94.04,0.4,4.0,🟠 深度回撤介入 (从60日高点已跌>15%),-34.01709401709402,67,-9.383305146170585,20.67510548523206,2.9161806365605614
账户1,002575,群兴玩具,2026-05-13,2026-05-14,2841.5,3.65,1.0,🟠 深度回撤介入 (从60日高点已跌>15%),-22.627737226277368,63,-18.527857829010564,14.7487844408428,9.358879882092829
账户1,002611,东方精工,2026-01-30,2026-02-05,-585.34,-1.01,6.0,🟠 深度回撤介入 (从60日高点已跌>15%),-19.749216300940418,86,6.374469024107654,-8.646998982706,-7.065992480228167
账户1,002611,东方精工,2026-02-13,2026-02-27,-138.31,-0.39,14.0,⚪ 平台/中性,-12.341463414634157,73,-1.1298230654444685,0.6138392857142794,-3.137128072445039
账户1,002611,东方精工,2026-05-19,2026-05-20,-108.99,-4.92,1.0,🔴 追涨大阳/涨停,2.0050125313283207,1,3.841481052936091,12.674418604651173,13.376789793303256
账户1,002640,跨境通,2026-05-11,2026-05-12,2411.55,4.6,1.0,🔴 追涨大阳/涨停,6.323185011709609,4,-1.4722222222222414,21.47058823529411,27.99548914575698
账户1,002640,跨境通,2026-05-11,2026-05-12,57.67,0.23,1.0,🔴 追涨大阳/涨停,6.323185011709609,4,-1.4722222222222414,21.47058823529411,27.99548914575698
账户1,002771,真视通,2026-03-05,2026-03-06,185.02,0.63,1.0,⚪ 平台/中性,-11.494903737259342,93,-0.143467448829937,-3.9301310043668214,-0.1947575109351396
账户1,002792,通宇通讯,2026-02-03,2026-02-09,-181.14,-0.59,6.0,🟠 深度回撤介入 (从60日高点已跌>15%),-28.002726653033395,21,53.861089936283776,4.052882531426083,-1.2666510867025194
账户1,002831,裕同科技,2026-04-03,2026-04-08,2295.97,4.5,5.0,🩸 高位回落接盘 (60日高点回撤>10% · 高点在20日内),-10.38598273235145,16,9.45420059517974,-6.960556844547561,5.437705407827864
账户1,002897,意华股份,2026-05-19,2026-05-20,1966.48,1.96,1.0,🔴 追涨大阳/涨停,-3.796308417332117,6,5.399047974760962,18.05676475709559,10.818737700839186
账户1,002897,意华股份,2026-05-19,2026-05-20,-791.1,-0.62,1.0,🔴 追涨大阳/涨停,-3.796308417332117,6,5.399047974760962,18.05676475709559,10.818737700839186
账户1,002931,锋龙股份,2026-03-16,2026-03-17,-117.8,-1.4,1.0,🟠 深度回撤介入 (从60日高点已跌>15%),-37.83234546994072,39,34.711034095166696,-1.36621932051747,-14.915315127389439
账户1,002971,和远气体,2026-01-08,2026-01-09,-1660.38,-3.77,1.0,🟠 深度回撤介入 (从60日高点已跌>15%),-19.15865384615384,62,-9.014777594972346,0.13101867016049873,9.570742037957158
账户1,003035,南网能源,2026-05-28,2026-06-01,-1249.79,-1.78,4.0,🩸 下降通道抄底 (从60日高点回撤>10% + MA20下行 + 价<MA20),-33.909090909090914,77,-3.959196684730615,-10.103626943005173,-3.4784917684546057
账户1,003035,南网能源,2026-05-28,2026-06-01,-1069.95,-1.5,4.0,🩸 下降通道抄底 (从60日高点回撤>10% + MA20下行 + 价<MA20),-33.909090909090914,77,-3.959196684730615,-10.103626943005173,-3.4784917684546057
账户1,300003,乐普医疗,2026-01-06,2026-01-07,-2212.69,-5.15,1.0,🔴 追涨大阳/涨停,0.8268733850129273,64,-1.3962683800815334,19.383259911894267,22.243107769423553
账户1,300014,亿纬锂能,2026-04-09,2026-04-14,2417.65,7.51,5.0,🩸 高位回落接盘 (60日高点回撤>10% · 高点在20日内),-11.294277929155317,17,7.023783947228113,-8.696887878357263,-3.182156133828995
账户1,300136,信维通信,2026-06-11,2026-06-15,-6297.44,-4.08,4.0,🩸 高位回落接盘 (60日高点回撤>10% · 高点在20日内),-20.289040545965477,17,21.2903597453844,-15.209359605911333,-5.696400923278588
账户1,300164,通源石油,2026-03-03,2026-03-04,6261.27,6.27,1.0,🔴 追涨大阳/涨停,20.02212389380531,1,86.6218462003324,48.68421052631577,75.6729407002631
账户1,300185,通裕重工,2026-06-10,2026-06-11,-4706.96,-3.85,1.0,🩸 下降通道抄底 (从60日高点回撤>10% + MA20下行 + 价<MA20),-34.70319634703196,85,-9.599628999845411,-4.270462633451966,-2.188782489740082
账户1,300209,行云科技,2026-06-04,2026-06-05,-2001.98,-4.5,1.0,🩸 高位回落接盘 (60日高点回撤>10% · 高点在20日内),-17.902408111533585,10,97.60563905568196,-4.581529581529575,-2.1968896270572302
账户1,300209,行云科技,2026-06-04,2026-06-05,-269.66,-2.41,1.0,🩸 高位回落接盘 (60日高点回撤>10% · 高点在20日内),-17.902408111533585,10,97.60563905568196,-4.581529581529575,-2.1968896270572302
账户1,300274,阳光电源,2026-03-17,2026-03-18,-5177.3,-7.3,1.0,🟢 主升途中,-10.098282751917065,81,-1.4004111589423829,14.957804505282745,6.967539643784204
账户1,300274,阳光电源,2026-03-18,2026-03-19,-24.28,0.07,1.0,🟢 主升途中,-10.038881088670482,82,-0.6641688832111359,11.949431779974429,6.587243952922206
账户1,300395,菲利华,2026-05-12,2026-05-13,5047.41,7.54,1.0,🔴 追涨大阳/涨停,8.240794856808886,1,11.846535662951418,19.293946819130593,31.766882187102574
账户1,300395,菲利华,2026-05-12,2026-05-14,4294.42,5.38,2.0,🔴 追涨大阳/涨停,8.240794856808886,1,11.846535662951418,19.293946819130593,31.766882187102574
账户1,300395,菲利华,2026-05-15,2026-05-19,-1642.11,-5.83,4.0,🩸 高位回落接盘 (60日高点回撤>10% · 高点在20日内),-11.076411960132882,3,20.179077628939424,31.216733588570378,12.538786905372557
账户1,300395,菲利华,2026-05-15,2026-05-19,-2403.9,-4.31,4.0,🩸 高位回落接盘 (60日高点回撤>10% · 高点在20日内),-11.076411960132882,3,20.179077628939424,31.216733588570378,12.538786905372557
账户1,300395,菲利华,2026-05-15,2026-05-19,-1334.75,-3.19,4.0,🩸 高位回落接盘 (60日高点回撤>10% · 高点在20日内),-11.076411960132882,3,20.179077628939424,31.216733588570378,12.538786905372557
账户1,300395,菲利华,2026-05-15,2026-05-19,-1394.78,-3.34,4.0,🩸 高位回落接盘 (60日高点回撤>10% · 高点在20日内),-11.076411960132882,3,20.179077628939424,31.216733588570378,12.538786905372557
账户1,300397,天和防务,2026-05-20,2026-05-21,-1612.16,-2.9,1.0,🟢 主升途中,-9.812500000000002,79,11.433702484286146,8.520526723470168,10.740186485553128
账户1,300397,天和防务,2026-05-20,2026-05-21,-1090.65,-1.89,1.0,🟢 主升途中,-9.812500000000002,79,11.433702484286146,8.520526723470168,10.740186485553128
账户1,300409,道氏技术,2026-01-07,2026-01-08,-1557.81,-3.63,1.0,🔴 追涨大阳/涨停,-3.828342080889169,1,1.6754909188392286,42.1803127874885,36.88396721815743
账户1,300433,蓝思科技,2026-05-15,2026-05-19,5367.3,9.83,4.0,🔴 追涨大阳/涨停,-5.156639866925417,98,-4.17367716238023,26.112412177985945,22.58353489205409
账户1,300433,蓝思科技,2026-05-21,2026-05-22,45.01,1.52,1.0,🔴 追涨大阳/涨停,-9.851851851851857,3,3.8900160917931803,31.462708182476472,22.937571553639955
账户1,300474,景嘉微,2026-03-04,2026-03-06,-811.78,-2.23,2.0,🩸 下降通道抄底 (从60日高点回撤>10% + MA20下行 + 价<MA20),-17.529397502727594,41,-3.5956396408336477,1.6219239373602035,-6.474473979062257
账户1,300474,景嘉微,2026-03-04,2026-03-06,-412.03,-1.87,2.0,🩸 下降通道抄底 (从60日高点回撤>10% + MA20下行 + 价<MA20),-17.529397502727594,41,-3.5956396408336477,1.6219239373602035,-6.474473979062257
账户1,300502,新易盛,2026-02-26,2026-03-02,-839.63,-2.06,4.0,🩸 下降通道抄底 (从60日高点回撤>10% + MA20下行 + 价<MA20),-18.24152542372882,24,-6.753247989566447,-4.308617234468937,-1.5076300321331781
账户1,300502,新易盛,2026-02-27,2026-03-02,1783.33,5.09,3.0,🩸 下降通道抄底 (从60日高点回撤>10% + MA20下行 + 价<MA20),-23.758474576271183,25,-6.0971966787715655,0.757180156657955,-8.049325177201661
账户1,300502,新易盛,2026-02-27,2026-03-02,2432.77,6.91,3.0,🩸 下降通道抄底 (从60日高点回撤>10% + MA20下行 + 价<MA20),-23.758474576271183,25,-6.0971966787715655,0.757180156657955,-8.049325177201661
账户1,300768,迪普科技,2026-07-06,2026-07-07,1510.03,2.46,1.0,🔴 追涨大阳/涨停,-14.63681048607317,56,-15.813587019960329,0.0,8.357308745537129
账户1,300768,迪普科技,2026-07-06,2026-07-07,1311.25,2.2,1.0,🔴 追涨大阳/涨停,-14.63681048607317,56,-15.813587019960329,0.0,8.357308745537129
账户1,300851,交大思诺,2026-05-26,2026-05-28,-925.17,-13.05,2.0,🔴 追涨大阳/涨停,5.1032806804374164,15,0.3315066639604902,12.227225493591964,16.655428186109233
账户1,301069,凯盛新材,2026-06-09,2026-06-10,4610.33,4.17,1.0,🔴 追涨大阳/涨停,-11.490939044481063,20,-2.7923606082548957,-10.813266696955937,0.05121281251456722
账户1,301202,朗威股份,2026-06-01,2026-06-02,-834.07,-4.02,1.0,⚪ 平台/中性,-13.30255057167985,21,7.586709743924969,-9.156402509876827,-7.8544553761304865
账户1,301277,新天地,2026-01-26,2026-01-30,-601.13,-2.76,4.0,⚪ 平台/中性,-5.419075144508668,73,2.1124431583298797,3.7781350482315235,5.987611837577433
账户1,301277,新天地,2026-01-26,2026-02-03,-256.0,-2.68,8.0,⚪ 平台/中性,-5.419075144508668,73,2.1124431583298797,3.7781350482315235,5.987611837577433
账户1,301277,新天地,2026-01-28,2026-02-03,-16.74,0.08,6.0,⚪ 平台/中性,-9.320809248554907,75,3.5743973399833706,0.31201248049921304,0.7223113964687222
账户1,301277,新天地,2026-01-28,2026-02-27,320.48,0.79,30.0,⚪ 平台/中性,-9.320809248554907,75,3.5743973399833706,0.31201248049921304,0.7223113964687222
账户1,301293,三博脑科,2026-01-07,2026-01-08,3060.86,8.59,1.0,🔴 追涨大阳/涨停,10.454438427125034,1,3.3536094462832233,52.659956865564325,62.404036732185645
账户1,301302,华如科技,2026-03-05,2026-03-06,-529.95,-1.28,1.0,🩸 高位回落接盘 (60日高点回撤>10% · 高点在20日内),-14.507508271824875,1,2.3113650438499667,51.7493897477624,31.175069316983684
账户1,301308,江波龙,2026-03-17,2026-03-23,-1919.8,-5.58,6.0,🔴 追涨大阳/涨停,-14.678663239074552,47,-7.0889346844201455,31.913275009509334,8.980820820294898
账户1,600010,包钢股份,2026-04-03,2026-04-07,1100.06,3.35,4.0,🟠 深度回撤介入 (从60日高点已跌>15%),-21.994134897360706,32,-0.6036217303822866,3.149606299212593,-2.0979020979020935
账户1,600026,中远海能,2026-03-18,2026-03-23,-197.85,-1.23,5.0,🔴 追涨大阳/涨停,-6.641651031894935,9,42.89072847682118,-2.395964691046659,15.31063888953257
账户1,600026,中远海能,2026-03-19,2026-03-23,82.9,0.62,4.0,🩸 高位回落接盘 (60日高点回撤>10% · 高点在20日内),-10.956848030018751,10,43.86729112763241,-0.4003202562049668,8.042889339130843
账户1,600026,中远海能,2026-03-19,2026-03-24,517.64,1.79,5.0,🩸 高位回落接盘 (60日高点回撤>10% · 高点在20日内),-10.956848030018751,10,43.86729112763241,-0.4003202562049668,8.042889339130843
账户1,600026,中远海能,2026-03-26,2026-03-31,-265.14,-10.38,5.0,🩸 高位回落接盘 (60日高点回撤>10% · 高点在20日内),-12.035333087964673,1,44.331766079714875,12.728081886960396,1.7735857091148999
账户1,600056,中国医药,2026-04-03,2026-04-14,-7625.69,-8.54,11.0,🔴 追涨大阳/涨停,0.6950477845351966,65,-3.167251461988285,3.131115459882561,11.991496762972265
账户1,600096,云天化,2026-03-13,2026-03-16,-265.61,-5.85,3.0,⚪ 平台/中性,-5.4581323980710135,14,9.960674311800432,-4.778003155285093,7.86544954357884
账户1,600096,云天化,2026-03-13,2026-03-16,-2773.85,-5.64,3.0,⚪ 平台/中性,-5.4581323980710135,14,9.960674311800432,-4.778003155285093,7.86544954357884
账户1,600096,云天化,2026-03-13,2026-03-16,-2170.83,-6.96,3.0,⚪ 平台/中性,-5.4581323980710135,14,9.960674311800432,-4.778003155285093,7.86544954357884
账户1,600096,云天化,2026-03-13,2026-03-16,-1722.65,-6.47,3.0,⚪ 平台/中性,-5.4581323980710135,14,9.960674311800432,-4.778003155285093,7.86544954357884
账户1,600096,云天化,2026-03-13,2026-03-17,-4329.9,-7.53,4.0,⚪ 平台/中性,-5.4581323980710135,14,9.960674311800432,-4.778003155285093,7.86544954357884
账户1,600096,云天化,2026-03-16,2026-03-17,-275.79,-1.01,1.0,🩸 高位回落接盘 (60日高点回撤>10% · 高点在20日内),-10.806663743971946,17,11.003765494873985,-1.95498977040236,0.7514887400492665
账户1,600118,中国卫星,2026-01-08,2026-01-09,-242.35,-0.65,1.0,🔴 追涨大阳/涨停,-6.413432424993115,2,61.75454009502126,66.74430211279324,45.78822116930725
账户1,600151,航天机电,2026-04-21,2026-04-28,-7785.17,-8.44,7.0,🟠 深度回撤介入 (从60日高点已跌>15%),-27.690100430416077,95,-6.216479765967808,19.252187748607795,12.295295035092257
账户1,600227,赤天化,2026-03-03,2026-03-04,-2731.98,-8.88,1.0,🔴 追涨大阳/涨停,4.731861198738163,1,7.592367032074709,22.393822393822393,25.2830188679245
账户1,600256,广汇能源,2026-03-03,2026-03-04,886.03,3.05,1.0,🔴 追涨大阳/涨停,10.046367851622872,1,11.35349529003471,18.065693430656914,26.80320569902048
账户1,600276,恒瑞医药,2026-01-28,2026-02-02,-98.49,-0.07,5.0,🩸 高位回落接盘 (60日高点回撤>10% · 高点在20日内),-14.09691629955947,15,-0.030066634162195793,-10.077031913221191,-8.065971403721283
账户1,600343,航天动力,2026-04-14,2026-04-15,83.46,2.7,1.0,🟠 深度回撤介入 (从60日高点已跌>15%),-33.23506289308177,92,-8.72291739080061,-2.3634131368937994,7.798492661642209
账户1,600343,航天动力,2026-04-14,2026-04-15,2052.79,2.76,1.0,🟠 深度回撤介入 (从60日高点已跌>15%),-33.23506289308177,92,-8.72291739080061,-2.3634131368937994,7.798492661642209
账户1,600376,首开股份,2026-03-24,2026-03-25,-417.22,-1.41,1.0,🟠 深度回撤介入 (从60日高点已跌>15%),-20.000000000000007,83,-4.315528829147497,6.148282097649194,6.469500924214389
账户1,600391,航发科技,2025-09-02,2025-10-13,-318.74,-3.34,41.0,⚪ 平台/中性,-13.884156729131181,34,8.303391841014985,2.592714145060726,-3.7127573453547003
账户1,600391,航发科技,2025-09-03,2025-10-13,752.7,6.97,40.0,🟠 深度回撤介入 (从60日高点已跌>15%),-22.458830210107894,35,7.385965811090056,-4.079696394686916,-13.138895073311929
账户1,600488,津药药业,2026-04-16,2026-04-17,-4754.04,-5.55,1.0,🩸 高位回落接盘 (60日高点回撤>10% · 高点在20日内),-25.473933649289094,8,29.664957672588564,18.75,15.678160919540218
账户1,600580,卧龙电驱,2025-09-01,2025-09-03,2227.75,13.64,2.0,⚪ 平台/中性,-7.527173913043472,12,33.863329596669026,1.5243902439024293,16.316032334694874
账户1,600580,卧龙电驱,2025-09-01,2025-09-03,460.54,14.09,2.0,⚪ 平台/中性,-7.527173913043472,12,33.863329596669026,1.5243902439024293,16.316032334694874
账户1,600580,卧龙电驱,2025-09-02,2025-09-03,2034.24,15.77,1.0,⚪ 平台/中性,-6.413043478260871,13,35.06358093252031,0.08823529411765563,15.597623602859745
账户1,600580,卧龙电驱,2025-09-02,2025-10-27,3325.13,51.29,55.0,⚪ 平台/中性,-6.413043478260871,13,35.06358093252031,0.08823529411765563,15.597623602859745
账户1,600580,卧龙电驱,2025-09-02,2025-10-27,5142.15,53.75,55.0,⚪ 平台/中性,-6.413043478260871,13,35.06358093252031,0.08823529411765563,15.597623602859745
账户1,600580,卧龙电驱,2025-10-14,2025-10-27,1407.13,10.69,13.0,🟠 深度回撤介入 (从60日高点已跌>15%),-23.175663794619304,26,47.7893691008445,-10.424710424710426,-8.214285714285708
账户1,600580,卧龙电驱,2025-10-23,2025-10-27,1765.43,7.87,4.0,🟠 深度回撤介入 (从60日高点已跌>15%),-18.77967293828029,35,30.604001711962336,-4.69371519490851,-5.396825396825411
账户1,600580,卧龙电驱,2025-10-23,2025-10-27,646.41,7.19,4.0,🟠 深度回撤介入 (从60日高点已跌>15%),-18.77967293828029,35,30.604001711962336,-4.69371519490851,-5.396825396825411
账户1,600580,卧龙电驱,2025-10-24,2025-10-27,1184.28,6.54,3.0,🟠 深度回撤介入 (从60日高点已跌>15%),-17.443291717953212,36,27.046370440152835,-3.4691745036572685,-3.2945756392959713
账户1,600580,卧龙电驱,2026-01-19,2026-01-22,-4523.64,-2.02,3.0,⚪ 平台/中性,-5.7976653696497955,19,10.742182805777878,-1.9262634631317277,5.086106800646761
账户1,600580,卧龙电驱,2026-01-22,2026-01-28,-4263.51,-6.34,6.0,⚪ 平台/中性,-8.754863813229575,22,13.043112967497228,0.8271474019088121,-0.4066551288449016
账户1,600580,卧龙电驱,2026-03-23,2026-03-26,-2275.92,-5.98,3.0,🩸 下降通道抄底 (从60日高点回撤>10% + MA20下行 + 价<MA20),-20.661478599221784,82,-7.152636324172712,-8.495145631067958,-2.223820655757347
账户1,600722,金牛化工,2026-03-04,2026-03-05,378.6,1.38,1.0,🔴 追涨大阳/涨停,5.550660792951545,1,37.938931297709885,20.744680851063823,32.59546209186497
账户1,600722,金牛化工,2026-03-24,2026-03-25,-1169.82,-3.79,1.0,🩸 高位回落接盘 (60日高点回撤>10% · 高点在20日内),-20.229770229770228,7,70.69338776520071,28.27965435978004,15.741411798811434
账户1,600743,华远控股,2026-06-04,2026-06-05,-2491.53,-3.15,1.0,🟠 深度回撤介入 (从60日高点已跌>15%),-27.19546742209632,50,2.9000000000000137,5.327868852459017,-0.09718172983480544
账户1,600759,洲际油气,2026-03-25,2026-03-31,-1969.29,-3.29,6.0,🟠 深度回撤介入 (从60日高点已跌>15%),-33.003300330033,20,0.0,-14.814814814814802,-15.340237714603466
账户1,600759,洲际油气,2026-05-27,2026-06-02,93.67,20.55,6.0,🟠 深度回撤介入 (从60日高点已跌>15%),-36.52365236523652,83,0.0,-10.403726708074545,-11.841100076394195
账户1,600821,金开新能,2026-03-18,2026-03-20,3096.59,10.5,2.0,🔴 追涨大阳/涨停,-6.529516994633278,5,43.07295832222522,23.25285895806861,29.81366459627328
账户1,600857,宁波中百,2026-05-14,2026-05-15,-2384.67,-4.27,1.0,🔴 追涨大阳/涨停,9.99291282778172,1,3.4188390105771793,13.974151857835215,24.98490034225891
账户1,600863,华能蒙电,2026-04-13,2026-04-14,-28.49,-1.87,1.0,⚪ 平台/中性,-12.885662431941924,32,1.3100866824271362,-6.191369606003749,-6.660184735051045
账户1,600865,百大集团,2026-01-08,2026-01-13,-3573.88,-3.25,5.0,🩸 高位回落接盘 (60日高点回撤>10% · 高点在20日内),-25.627705627705634,13,70.73440962329845,-9.580838323353301,6.177188591205485
账户1,600936,北投科技,2026-05-22,2026-05-25,22.68,5.79,3.0,🟢 主升途中,-2.033898305084747,8,18.705485442958892,11.992263056092845,21.684210526315773
账户1,600936,北投科技,2026-06-02,2026-06-04,529.87,5.49,2.0,🔴 追涨大阳/涨停,-5.279999999999996,8,30.788177339901466,-7.8767123287671215,11.487758945386052
账户1,600936,北投科技,2026-06-03,2026-06-04,-310.88,-0.81,1.0,🔴 追涨大阳/涨停,4.159999999999986,9,33.00899125508068,12.547528517110273,20.56671914066117
账户1,600936,北投科技,2026-06-03,2026-06-04,331.1,1.15,1.0,🔴 追涨大阳/涨停,4.159999999999986,9,33.00899125508068,12.547528517110273,20.56671914066117
账户1,600936,北投科技,2026-06-04,2026-06-05,-4664.01,-10.69,1.0,🟢 主升途中,-5.222734254992323,1,35.33456108041744,12.435233160621761,11.947745622788709
账户1,600936,北投科技,2026-06-08,2026-06-09,-3338.11,-6.2,1.0,🩸 高位回落接盘 (60日高点回撤>10% · 高点在20日内),-16.216216216216218,4,34.92025422712559,-2.287581699346397,-0.8088169940449808
账户1,600936,北投科技,2026-06-08,2026-06-09,-1470.65,-5.55,1.0,🩸 高位回落接盘 (60日高点回撤>10% · 高点在20日内),-16.216216216216218,4,34.92025422712559,-2.287581699346397,-0.8088169940449808
账户1,600936,北投科技,2026-06-08,2026-06-09,-1159.93,-2.68,1.0,🩸 高位回落接盘 (60日高点回撤>10% · 高点在20日内),-16.216216216216218,4,34.92025422712559,-2.287581699346397,-0.8088169940449808
账户1,600989,宝丰能源,2026-03-10,2026-03-12,422.27,14.89,2.0,🔴 追涨大阳/涨停,-8.066052715147665,1,14.871339425526454,29.010526315789487,17.80264496439472
账户1,600989,宝丰能源,2026-03-10,2026-03-12,4862.27,15.27,2.0,🔴 追涨大阳/涨停,-8.066052715147665,1,14.871339425526454,29.010526315789487,17.80264496439472
账户1,600995,南网储能,2026-06-01,2026-06-03,-812.38,-2.2,2.0,🟢 主升途中,-3.88235294117647,81,5.100983020554062,5.683355886332886,11.148901435276493
账户1,601099,太平洋,2025-09-03,2025-10-17,-9.15,-0.23,44.0,🩸 高位回落接盘 (60日高点回撤>10% · 高点在20日内),-11.405295315682295,1,5.792984189723338,9.237875288683606,1.576182136602422
账户1,601099,太平洋,2025-09-03,2025-10-21,127.74,0.9,48.0,🩸 高位回落接盘 (60日高点回撤>10% · 高点在20日内),-11.405295315682295,1,5.792984189723338,9.237875288683606,1.576182136602422
账户1,601238,广汽集团,2026-01-06,2026-01-13,647.1,3.39,7.0,⚪ 平台/中性,-10.553814002089856,35,0.8440099581030758,-0.486026731470246,3.0828516377649606
账户1,601288,农业银行,2026-01-07,2026-01-08,-643.92,-1.33,1.0,🩸 下降通道抄底 (从60日高点回撤>10% + MA20下行 + 价<MA20),-13.709677419354838,54,-6.1636687335011375,-0.39525691699605625,-1.9954203467451803
账户1,601288,农业银行,2026-01-07,2026-01-08,-575.05,-1.2,1.0,🩸 下降通道抄底 (从60日高点回撤>10% + MA20下行 + 价<MA20),-13.709677419354838,54,-6.1636687335011375,-0.39525691699605625,-1.9954203467451803
账户1,601288,农业银行,2026-01-07,2026-01-08,-158.28,-0.93,1.0,🩸 下降通道抄底 (从60日高点回撤>10% + MA20下行 + 价<MA20),-13.709677419354838,54,-6.1636687335011375,-0.39525691699605625,-1.9954203467451803
账户1,601288,农业银行,2026-01-07,2026-01-13,642.62,2.27,6.0,🩸 下降通道抄底 (从60日高点回撤>10% + MA20下行 + 价<MA20),-13.709677419354838,54,-6.1636687335011375,-0.39525691699605625,-1.9954203467451803
账户1,601606,长城军工,2026-01-05,2026-01-06,-681.85,-0.51,1.0,🟠 深度回撤介入 (从60日高点已跌>15%),-16.240474174428442,41,-5.992520277818258,-1.6554261189454356,2.215425312060848
账户1,601606,长城军工,2026-01-28,2026-01-30,-396.45,-1.1,2.0,🟠 深度回撤介入 (从60日高点已跌>15%),-21.727349703640986,64,-0.12195996843390455,-3.5991820040899736,-5.144991483161288
账户1,601606,长城军工,2026-01-28,2026-02-03,-838.01,-4.41,6.0,🟠 深度回撤介入 (从60日高点已跌>15%),-21.727349703640986,64,-0.12195996843390455,-3.5991820040899736,-5.144991483161288
账户1,601872,招商轮船,2026-03-09,2026-03-10,-1844.59,-5.39,1.0,🩸 高位回落接盘 (60日高点回撤>10% · 高点在20日内),-19.999999999999996,6,32.355719278360255,40.44298605414276,12.185548617305987
账户1,601975,招商南油,2026-03-16,2026-03-17,90.0,2.91,1.0,🩸 高位回落接盘 (60日高点回撤>10% · 高点在20日内),-10.925925925925938,12,22.05180147590795,-3.3185840707964487,14.04860699466508
账户1,601975,招商南油,2026-03-16,2026-03-18,163.49,0.83,2.0,🩸 高位回落接盘 (60日高点回撤>10% · 高点在20日内),-10.925925925925938,12,22.05180147590795,-3.3185840707964487,14.04860699466508
账户1,601991,大唐发电,2026-03-13,2026-03-16,-2815.53,-7.76,3.0,🟢 主升途中,3.493449781659397,1,3.6001582487142247,14.786967418546372,20.672097759674134
账户1,603026,石大胜华,2026-03-26,2026-03-30,3267.42,9.75,4.0,🔴 追涨大阳/涨停,0.2467395135706596,90,3.170711775762003,8.70357393132446,22.873087308730856
账户1,603083,剑桥科技,2025-10-30,2025-11-13,-1012.68,-4.4,14.0,🟠 深度回撤介入 (从60日高点已跌>15%),-22.10526315789474,31,17.72399789736243,11.611487453487257,-2.8165684617876607
账户1,603083,剑桥科技,2025-10-30,2025-11-13,-954.66,-4.15,14.0,🟠 深度回撤介入 (从60日高点已跌>15%),-22.10526315789474,31,17.72399789736243,11.611487453487257,-2.8165684617876607
账户1,603083,剑桥科技,2025-10-31,2025-11-14,1120.93,3.65,14.0,🟠 深度回撤介入 (从60日高点已跌>15%),-27.691228070175434,32,16.078850311585914,12.793415303322831,-9.686127740137263
账户1,603083,剑桥科技,2025-10-31,2025-11-14,933.34,4.57,14.0,🟠 深度回撤介入 (从60日高点已跌>15%),-27.691228070175434,32,16.078850311585914,12.793415303322831,-9.686127740137263
账户1,603083,剑桥科技,2025-10-31,2025-11-18,2188.68,10.72,18.0,🟠 深度回撤介入 (从60日高点已跌>15%),-27.691228070175434,32,16.078850311585914,12.793415303322831,-9.686127740137263
账户1,603083,剑桥科技,2026-02-02,2026-02-26,323.14,0.88,24.0,🟠 深度回撤介入 (从60日高点已跌>15%),-26.046993780234963,34,-1.2138227676498081,-2.6793357301831855,-9.35043372187584
账户1,603158,腾龙股份,2026-06-05,2026-06-08,-5811.07,-4.53,3.0,🟢 主升途中,-1.2121212121212088,28,12.579756106769358,8.327598072952513,9.326268486535438
账户1,603259,药明康德,2025-10-13,2025-10-21,595.24,3.14,8.0,⚪ 平台/中性,-13.86993695483203,41,9.434222138335269,-3.705747126436787,-7.0224915511012735
账户1,603259,药明康德,2025-10-13,2025-10-21,305.11,3.24,8.0,⚪ 平台/中性,-13.86993695483203,41,9.434222138335269,-3.705747126436787,-7.0224915511012735
账户1,603259,药明康德,2025-10-13,2025-10-21,693.27,3.66,8.0,⚪ 平台/中性,-13.86993695483203,41,9.434222138335269,-3.705747126436787,-7.0224915511012735
账户1,603259,药明康德,2025-10-30,2025-11-13,-133.74,-0.57,14.0,🩸 下降通道抄底 (从60日高点回撤>10% + MA20下行 + 价<MA20),-16.1758355643838,58,-2.7607910284875636,4.927765683752239,-6.092929879302423
账户1,603259,药明康德,2025-10-30,2025-11-13,-311.64,-0.94,14.0,🩸 下降通道抄底 (从60日高点回撤>10% + MA20下行 + 价<MA20),-16.1758355643838,58,-2.7607910284875636,4.927765683752239,-6.092929879302423
账户1,603259,药明康德,2025-10-30,2025-11-21,-1942.17,-4.87,22.0,🩸 下降通道抄底 (从60日高点回撤>10% + MA20下行 + 价<MA20),-16.1758355643838,58,-2.7607910284875636,4.927765683752239,-6.092929879302423
账户1,603259,药明康德,2025-10-30,2025-11-21,-465.53,-4.68,22.0,🩸 下降通道抄底 (从60日高点回撤>10% + MA20下行 + 价<MA20),-16.1758355643838,58,-2.7607910284875636,4.927765683752239,-6.092929879302423
账户1,603259,药明康德,2025-10-30,2025-11-26,-72.87,-0.63,27.0,🩸 下降通道抄底 (从60日高点回撤>10% + MA20下行 + 价<MA20),-16.1758355643838,58,-2.7607910284875636,4.927765683752239,-6.092929879302423
账户1,603259,药明康德,2025-11-18,2025-11-26,766.59,4.27,8.0,🩸 下降通道抄底 (从60日高点回撤>10% + MA20下行 + 价<MA20),-20.26945332066673,77,-6.435693182957114,-0.05329922183135993,-5.812737521361
账户1,603259,药明康德,2025-11-27,2025-12-29,-104.13,-0.06,32.0,🩸 下降通道抄底 (从60日高点回撤>10% + MA20下行 + 价<MA20),-20.373089213230855,86,-8.588636528553817,-1.2233049968898957,-2.413725583586024
账户1,603259,药明康德,2025-11-27,2025-12-29,9.91,0.14,32.0,🩸 下降通道抄底 (从60日高点回撤>10% + MA20下行 + 价<MA20),-20.373089213230855,86,-8.588636528553817,-1.2233049968898957,-2.413725583586024
账户1,603259,药明康德,2025-11-27,2025-12-29,421.38,0.7,32.0,🩸 下降通道抄底 (从60日高点回撤>10% + MA20下行 + 价<MA20),-20.373089213230855,86,-8.588636528553817,-1.2233049968898957,-2.413725583586024
账户1,603259,药明康德,2025-12-31,2026-01-05,2130.36,2.26,5.0,🩸 下降通道抄底 (从60日高点回撤>10% + MA20下行 + 价<MA20),-20.47029920154426,83,-2.1862486884649313,1.4460757257975576,-0.7880910683012221
账户1,603278,大业股份,2026-05-14,2026-05-15,-1454.43,-1.6,1.0,🔴 追涨大阳/涨停,-5.975609756097555,3,16.08747478452226,28.379513014273705,21.796137593302014
账户1,603283,赛腾股份,2026-05-11,2026-05-12,-760.78,-1.51,1.0,🔴 追涨大阳/涨停,0.7504363001745284,5,15.346444917750501,6.234220236939203,13.402871903667467
账户1,603399,永杉锂业,2026-06-01,2026-06-02,-6773.83,-9.84,1.0,🟠 深度回撤介入 (从60日高点已跌>15%),-25.822884012539184,21,57.913754764930125,-8.341862845445236,-4.800221277879768
账户1,603399,永杉锂业,2026-06-01,2026-06-02,-3251.95,-9.02,1.0,🟠 深度回撤介入 (从60日高点已跌>15%),-25.822884012539184,21,57.913754764930125,-8.341862845445236,-4.800221277879768
账户1,603477,巨星农牧,2026-04-02,2026-04-03,-56.45,0.0,1.0,🔴 追涨大阳/涨停,-12.711430035879035,20,1.3487038246401184,-18.008474576271183,-4.577800190508208
账户1,603477,巨星农牧,2026-04-02,2026-04-03,-1297.39,-2.7,1.0,🔴 追涨大阳/涨停,-12.711430035879035,20,1.3487038246401184,-18.008474576271183,-4.577800190508208
账户1,603686,福龙马,2025-11-14,2025-12-24,-991.31,-28.1,40.0,🟢 主升途中,-9.68622100954979,9,25.994811590379463,10.859728506787313,15.512127028441803
账户1,603688,石英股份,2026-04-29,2026-05-07,8684.63,14.4,8.0,🟢 主升途中,-1.4690265486725584,1,0.0,6.003861003861011,13.807343200588784
账户1,603688,石英股份,2026-04-30,2026-05-07,3314.1,15.21,7.0,🟢 主升途中,-2.9887482419128086,1,0.0,7.057692307692309,11.156995658874136
账户1,603688,石英股份,2026-05-08,2026-05-11,1777.38,2.82,3.0,🔴 追涨大阳/涨停,3.442830069488312,1,0.0,21.652257444764665,25.72580258169781
账户1,603688,石英股份,2026-05-11,2026-05-13,653.13,9.83,2.0,🔴 追涨大阳/涨停,-1.7699115044247815,3,0.0,20.537357379462627,25.364705882352933
账户1,603688,石英股份,2026-05-21,2026-05-25,-497.12,-0.84,4.0,🟢 主升途中,-5.062794348508637,8,0.0,13.53442830069489,17.429084613019597
账户1,603688,石英股份,2026-05-22,2026-05-25,-702.2,-1.45,3.0,🟢 主升途中,-2.472527472527475,9,0.0,10.793893129770993,18.559160305343482
账户1,603688,石英股份,2026-05-22,2026-05-26,-312.25,-0.93,4.0,🟢 主升途中,-2.472527472527475,9,0.0,10.793893129770993,18.559160305343482
账户1,603688,石英股份,2026-05-22,2026-05-26,62.91,0.41,4.0,🟢 主升途中,-2.472527472527475,9,0.0,10.793893129770993,18.559160305343482
账户1,603688,石英股份,2026-05-22,2026-05-27,-1573.73,-2.95,5.0,🟢 主升途中,-2.472527472527475,9,0.0,10.793893129770993,18.559160305343482
账户1,603696,安记食品,2026-01-09,2026-01-14,-327.74,-0.34,5.0,🩸 高位回落接盘 (60日高点回撤>10% · 高点在20日内),-18.836658775786276,15,51.933020580077425,-13.83928571428571,8.183641731839785
账户1,603698,航天工程,2026-06-03,2026-06-04,5.8,0.21,1.0,🟠 深度回撤介入 (从60日高点已跌>15%),-32.24999999999999,44,1.9232023798650966,-19.96501749125438,-16.7402742040785
账户1,603933,睿能科技,2026-04-17,2026-04-20,-857.02,-0.97,3.0,🔴 追涨大阳/涨停,-11.231884057971019,108,-3.61008476418172,17.688679245283012,10.487271415364496
账户1,603986,兆易创新,2026-03-17,2026-03-23,-2796.23,-9.02,6.0,🟢 主升途中,-10.617224302451989,21,1.3843426195888187,12.191725603723125,1.3974695165293483
账户1,603993,洛阳钼业,2026-05-26,2026-05-29,-523.56,-5.06,3.0,🟠 深度回撤介入 (从60日高点已跌>15%),-18.046623794212213,85,2.3670531787284954,-6.025267249757038,6.189620602557122
账户1,603993,洛阳钼业,2026-05-26,2026-06-01,-3472.02,-8.09,6.0,🟠 深度回撤介入 (从60日高点已跌>15%),-18.046623794212213,85,2.3670531787284954,-6.025267249757038,6.189620602557122
账户1,603993,洛阳钼业,2026-05-28,2026-06-01,-78.86,-1.23,4.0,🟠 深度回撤介入 (从60日高点已跌>15%),-24.437299035369765,87,1.7199471598414728,-3.6408977556109723,-2.3401989558712644
账户1,603993,洛阳钼业,2026-06-01,2026-06-02,114.97,6.81,1.0,🟠 深度回撤介入 (从60日高点已跌>15%),-24.99999999999999,90,1.0158280179541457,1.0922992900054718,-4.271905207358884
账户2,000012,南  玻Ａ,2026-05-25,2026-05-27,-473.08,-4.54,2.0,🟢 主升途中,-12.713472485768495,88,-9.909809598040308,9.452736318407972,13.706587566431839
账户2,000012,南  玻Ａ,2026-05-25,2026-05-27,-473.08,-4.54,2.0,🟢 主升途中,-12.713472485768495,88,-9.909809598040308,9.452736318407972,13.706587566431839
账户2,000012,南  玻Ａ,2026-05-25,2026-05-28,-4700.22,-6.48,3.0,🟢 主升途中,-12.713472485768495,88,-9.909809598040308,9.452736318407972,13.706587566431839
账户2,000027,深圳能源,2026-03-27,2026-03-31,-1635.86,-5.82,4.0,🟢 主升途中,2.668360864040653,1,6.055465407877292,8.402203856749324,12.386118645246524
账户2,000034,神州数码,2026-05-29,2026-06-01,-6.84,0.07,3.0,🩸 高位回落接盘 (60日高点回撤>10% · 高点在20日内),-40.93714285714286,18,1.2799362876158682,-35.48624754420432,-27.432037744327108
账户2,000520,凤凰航运,2026-06-01,2026-06-03,-333.53,-1.81,2.0,🩸 下降通道抄底 (从60日高点回撤>10% + MA20下行 + 价<MA20),-26.346153846153854,90,-2.179566563467472,-11.083743842364523,-3.0256994556273065
账户2,000617,中油资本,2026-03-31,2026-04-01,-2216.38,-3.37,1.0,⚪ 平台/中性,-8.108108108108114,6,8.180857571881429,3.2355915065722884,4.87353485502775
账户2,000630,铜陵有色,2026-03-16,2026-03-17,445.11,1.85,1.0,🟠 深度回撤介入 (从60日高点已跌>15%),-27.638737758433074,46,7.268658871084166,-17.458432304038006,-10.504003768252456
账户2,000678,襄阳轴承,2026-04-01,2026-04-02,83.8,0.23,1.0,🟠 深度回撤介入 (从60日高点已跌>15%),-21.393939393939387,83,-10.893333820894425,3.521703521703512,6.451083388049894
账户2,000720,新能泰山,2026-04-10,2026-04-14,-1261.82,-4.95,4.0,🩸 高位回落接盘 (60日高点回撤>10% · 高点在20日内),-24.37325905292479,2,24.018858307849133,20.359281437125752,11.579163669988679
账户2,000720,新能泰山,2026-04-13,2026-04-14,-114.64,-0.58,1.0,🩸 高位回落接盘 (60日高点回撤>10% · 高点在20日内),-25.208913649025067,5,24.54453441295548,-1.4519056261342977,9.101991060544501
账户2,000725,京东方Ａ,2026-05-27,2026-05-28,85.06,0.53,1.0,🔴 追涨大阳/涨停,-1.379310344827589,1,9.095421268147398,36.40661938534278,30.118289353958172
账户2,000737,北方铜业,2026-02-05,2026-02-09,-595.57,-2.42,4.0,🩸 高位回落接盘 (60日高点回撤>10% · 高点在20日内),-23.25581395348837,6,13.650932892472767,10.97941359950092,-2.0335460887635493
账户2,000792,盐湖股份,2026-02-26,2026-03-04,-3512.14,-5.93,6.0,🔴 追涨大阳/涨停,4.360620652755465,31,10.205866632112603,9.134760325595416,14.667842445620227
账户2,000798,中水渔业,2026-03-16,2026-03-17,-481.26,-4.39,1.0,🔴 追涨大阳/涨停,-10.636645962732928,20,4.470503661769332,-7.817869415807566,-0.9977636332358597
账户2,000859,国风新材,2026-06-11,2026-06-15,219.43,0.82,4.0,🟢 主升途中,-5.578342904019684,1,10.03451022033448,6.162464985994376,11.073582629674306
账户2,000859,国风新材,2026-06-11,2026-06-15,327.37,1.18,4.0,🟢 主升途中,-5.578342904019684,1,10.03451022033448,6.162464985994376,11.073582629674306
账户2,000889,中嘉博创,2026-04-16,2026-04-22,279.29,0.66,6.0,🔴 追涨大阳/涨停,5.485232067510548,1,-0.7914468203277014,39.41176470588237,39.95801259622116
账户2,000889,中嘉博创,2026-04-20,2026-04-22,-3287.25,-9.98,2.0,🔴 追涨大阳/涨停,-5.5147058823529544,3,5.235087719298259,65.3125,37.10322752734061
账户2,000889,中嘉博创,2026-04-20,2026-04-22,-979.42,-9.98,2.0,🔴 追涨大阳/涨停,-5.5147058823529544,3,5.235087719298259,65.3125,37.10322752734061
账户2,000889,中嘉博创,2026-04-22,2026-04-27,-17.23,-1.52,5.0,🩸 高位回落接盘 (60日高点回撤>10% · 高点在20日内),-15.229357798165132,2,11.839293346630564,29.805013927576617,17.70700636942677
账户2,000890,法尔胜,2026-04-03,2026-04-07,1115.41,11.95,4.0,🔴 追涨大阳/涨停,0.1250781738586726,1,94.4561076121608,21.096725057121102,28.033907793194434
账户2,000890,法尔胜,2026-04-03,2026-04-07,1106.14,9.99,4.0,🔴 追涨大阳/涨停,0.1250781738586726,1,94.4561076121608,21.096725057121102,28.033907793194434
账户2,000890,法尔胜,2026-04-10,2026-04-14,-172.63,-11.36,4.0,🩸 高位回落接盘 (60日高点回撤>10% · 高点在20日内),-19.307211811470747,3,94.3274244004171,28.89795918367346,1.667024397224015
账户2,000962,东方钽业,2026-04-10,2026-04-14,-390.97,-2.03,4.0,🩸 下降通道抄底 (从60日高点回撤>10% + MA20下行 + 价<MA20),-25.137614678899077,42,-8.882982443869325,-0.6356861025865856,-1.5670749761484415
账户2,000990,诚志股份,2026-04-29,2026-04-30,-933.34,-1.75,1.0,🔴 追涨大阳/涨停,-1.8209408194233667,1,14.353089136928144,24.245283018867923,18.595912381999824
账户2,001208,华菱线缆,2026-01-07,2026-01-09,5437.9,12.38,2.0,🔴 追涨大阳/涨停,0.5449591280653809,1,66.73919410854012,15.121255349500707,29.63938869231346
账户2,001208,华菱线缆,2026-01-21,2026-01-22,-154.51,-0.52,1.0,🩸 高位回落接盘 (60日高点回撤>10% · 高点在20日内),-28.996865203761757,9,72.02025808241983,-6.658923732094458,-8.65093768905021
账户2,001309,德明利,2026-03-04,2026-03-05,952.95,3.89,1.0,🟠 深度回撤介入 (从60日高点已跌>15%),-18.321428571428577,41,-1.6833121873449652,-3.725531467059573,0.3544338134245928
账户2,002015,协鑫能科,2026-04-08,2026-04-10,-551.96,-1.73,2.0,🟠 深度回撤介入 (从60日高点已跌>15%),-22.096563723357974,26,45.92575477510783,-12.37373737373737,-5.473161978149566
账户2,002025,航天电器,2026-04-02,2026-04-07,658.56,5.54,5.0,🩸 高位回落接盘 (60日高点回撤>10% · 高点在20日内),-12.055708689975352,9,0.0,7.53413390360258,1.518082175722446
账户2,002025,航天电器,2026-04-10,2026-04-15,1027.46,3.45,5.0,🔴 追涨大阳/涨停,-2.5441063666581387,1,0.0,26.202000645369484,20.47888103046347
账户2,002025,航天电器,2026-04-14,2026-04-15,-114.43,-0.22,1.0,🔴 追涨大阳/涨停,-2.8761881249228516,1,0.0,16.36582430806257,20.658191353954237
账户2,002025,航天电器,2026-04-14,2026-04-15,95.57,0.32,1.0,🔴 追涨大阳/涨停,-2.8761881249228516,1,0.0,16.36582430806257,20.658191353954237
账户2,002025,航天电器,2026-04-21,2026-04-22,71.79,0.42,1.0,🩸 高位回落接盘 (60日高点回撤>10% · 高点在20日内),-11.144326198732502,1,0.0,20.59352517985611,6.066985919111612
账户2,002025,航天电器,2026-04-29,2026-05-07,5510.22,13.56,8.0,🩸 高位回落接盘 (60日高点回撤>10% · 高点在20日内),-19.08406074375224,9,25.01606670037102,-13.0538471193674,-7.234655060145978
账户2,002025,航天电器,2026-04-30,2026-05-07,529.95,7.44,7.0,🩸 高位回落接盘 (60日高点回撤>10% · 高点在20日内),-12.483558531627404,10,24.045558935941223,-11.310615989515071,0.0034158838599473995
账户2,002025,航天电器,2026-04-30,2026-05-13,681.42,3.24,13.0,🩸 高位回落接盘 (60日高点回撤>10% · 高点在20日内),-12.483558531627404,10,24.045558935941223,-11.310615989515071,0.0034158838599473995
账户2,002025,航天电器,2026-05-06,2026-05-13,-655.43,-2.08,7.0,⚪ 平台/中性,-8.645223006098279,16,23.219205037386924,-8.237211634904718,3.834679967653587
账户2,002025,航天电器,2026-05-11,2026-05-13,-1389.44,-2.55,2.0,⚪ 平台/中性,-8.693052732273099,21,23.144289621044422,-0.9810333551340755,0.9385327164573631
账户2,002080,中材科技,2026-04-27,2026-04-28,324.81,0.76,1.0,⚪ 平台/中性,-5.840867992766718,4,3.0053543024845197,4.74670921420024,13.248583577106675
账户2,002081,金 螳 螂,2026-04-30,2026-05-07,3205.74,34.62,7.0,🔴 追涨大阳/涨停,8.058608058608074,6,13.962536023054728,59.05044510385758,49.1971172082438
账户2,002149,西部材料,2026-03-13,2026-03-17,-2378.62,-4.68,4.0,🟠 深度回撤介入 (从60日高点已跌>15%),-24.92238703001034,37,8.361910924188498,-10.038387715930908,-13.359340790573626
账户2,002151,北斗星通,2026-03-16,2026-03-17,-2870.36,-2.65,1.0,🟠 深度回撤介入 (从60日高点已跌>15%),-28.2660687593423,63,-11.579427413225252,0.10952902519167917,10.006991484143102
账户2,002155,湖南黄金,2026-04-15,2026-04-16,-2481.24,-2.42,1.0,🩸 下降通道抄底 (从60日高点回撤>10% + MA20下行 + 价<MA20),-33.180673231051074,43,-16.17835110942487,-4.466019417475731,-2.162615255658007
账户2,002173,创新医疗,2026-03-13,2026-03-16,389.41,2.57,3.0,🟠 深度回撤介入 (从60日高点已跌>15%),-17.227877838684424,59,-3.016279646310205,-4.001290738948038,8.077709611451933
账户2,002173,创新医疗,2026-03-13,2026-03-16,634.28,4.12,3.0,🟠 深度回撤介入 (从60日高点已跌>15%),-17.227877838684424,59,-3.016279646310205,-4.001290738948038,8.077709611451933
账户2,002173,创新医疗,2026-03-16,2026-03-17,-1009.91,-4.38,1.0,🟠 深度回撤介入 (从60日高点已跌>15%),-18.898459932132607,62,-2.2806057288815684,3.967213114754098,5.472197705207393
账户2,002263,大东南,2026-04-02,2026-04-03,-94.58,-0.87,1.0,🔴 追涨大阳/涨停,4.878048780487809,2,5.220134805679044,23.563218390804597,28.935532233883055
账户2,002269,美邦服饰,2026-04-01,2026-04-02,-849.77,-2.72,1.0,🔴 追涨大阳/涨停,-11.111111111111105,78,-6.82240509689408,-7.22222222222223,4.843304843304841
账户2,002294,信立泰,2026-03-25,2026-03-26,-901.91,-1.25,1.0,⚪ 平台/中性,-4.8849616538846234,7,7.277033649134279,4.358353510895885,8.583936048724784
账户2,002309,中利集团,2026-04-03,2026-04-07,148.47,1.61,4.0,🔴 追涨大阳/涨停,-5.094339622641497,8,23.523126240268667,30.708661417322848,24.320316361838845
账户2,002309,中利集团,2026-04-03,2026-04-07,-212.67,-0.78,4.0,🔴 追涨大阳/涨停,-5.094339622641497,8,23.523126240268667,30.708661417322848,24.320316361838845
账户2,002342,巨力索具,2026-04-24,2026-04-27,-114.91,-5.4,3.0,🔴 追涨大阳/涨停,-11.064425770308128,72,16.690338322590016,22.322580645161306,18.90643530366396
账户2,002384,东山精密,2026-03-17,2026-03-18,-578.35,-1.24,1.0,🔴 追涨大阳/涨停,-8.954356846473033,1,20.5699895178888,25.421585160202365,19.97441070813444
账户2,002384,东山精密,2026-03-17,2026-03-18,-2245.32,-5.01,1.0,🔴 追涨大阳/涨停,-8.954356846473033,1,20.5699895178888,25.421585160202365,19.97441070813444
账户2,002384,东山精密,2026-03-18,2026-03-19,482.04,1.6,1.0,🩸 高位回落接盘 (60日高点回撤>10% · 高点在20日内),-10.887966804979254,2,23.15077907145784,15.484210526315788,15.233756687002664
账户2,002384,东山精密,2026-03-18,2026-03-19,1079.04,3.55,1.0,🩸 高位回落接盘 (60日高点回撤>10% · 高点在20日内),-10.887966804979254,2,23.15077907145784,15.484210526315788,15.233756687002664
账户2,002426,胜利精密,2026-03-17,2026-03-18,-578.72,-3.11,1.0,🟢 主升途中,-6.44490644490644,50,-3.0105487732606573,14.32225063938617,9.984113405841377
账户2,002455,百川股份,2026-04-01,2026-04-02,-5855.22,-5.39,1.0,🩸 高位回落接盘 (60日高点回撤>10% · 高点在20日内),-19.300291545189495,19,14.647507479667944,3.571428571428581,1.7385231741831042
账户2,002457,青龙管业,2026-06-15,2026-06-16,-224.03,-0.54,1.0,⚪ 平台/中性,-7.0866141732283445,21,8.121672340054076,2.941176470588225,4.783047426841591
账户2,002463,沪电股份,2025-10-31,2025-11-26,-50.77,-0.03,26.0,🟠 深度回撤介入 (从60日高点已跌>15%),-15.973949082297223,38,4.19574338572577,17.96789777154433,-1.2984483993685236
账户2,002463,沪电股份,2025-11-14,2025-11-26,2656.8,14.36,12.0,🩸 下降通道抄底 (从60日高点回撤>10% + MA20下行 + 价<MA20),-27.04558910597987,52,-2.604360597410116,-9.160090191657277,-12.763984169799446
账户2,002463,沪电股份,2025-11-14,2025-11-26,1855.86,15.07,12.0,🩸 下降通道抄底 (从60日高点回撤>10% + MA20下行 + 价<MA20),-27.04558910597987,52,-2.604360597410116,-9.160090191657277,-12.763984169799446
账户2,002463,沪电股份,2026-01-20,2026-01-26,166.29,0.46,6.0,⚪ 平台/中性,-14.424927815206946,83,4.685254383443516,2.1845318860244323,-2.347611202635902
账户2,002465,海格通信,2026-01-26,2026-02-05,-657.64,-1.36,10.0,🩸 高位回落接盘 (60日高点回撤>10% · 高点在20日内),-33.84673178061608,12,48.76165217052149,-11.045454545454547,-7.658425316588469
账户2,002491,通鼎互联,2026-06-03,2026-06-04,-270.87,-0.57,1.0,⚪ 平台/中性,-11.147540983606552,21,48.18025388786078,3.892339544513468,6.8775881334764755
账户2,002491,通鼎互联,2026-06-03,2026-06-04,510.8,2.98,1.0,⚪ 平台/中性,-11.147540983606552,21,48.18025388786078,3.892339544513468,6.8775881334764755
账户2,002553,南方精工,2026-04-21,2026-04-22,-1942.76,-2.21,1.0,🟠 深度回撤介入 (从60日高点已跌>15%),-17.741935483870964,88,-5.167306847063758,-2.6204238921001877,2.7707808564231717
账户2,002565,顺灏股份,2026-04-17,2026-04-20,4273.61,7.31,3.0,🔴 追涨大阳/涨停,-2.4742268041236914,93,10.48489719375798,9.567901234567898,14.690995059558087
账户2,002570,贝因美,2026-06-05,2026-06-09,-5859.49,-8.76,4.0,🔴 追涨大阳/涨停,-9.385113268608414,78,0.7000700070006971,18.672199170124458,11.232495779124019
账户2,002575,群兴玩具,2026-06-04,2026-06-05,-1154.71,-2.34,1.0,🩸 下降通道抄底 (从60日高点回撤>10% + MA20下行 + 价<MA20),-38.26903023983316,85,-4.777116306083906,-4.045307443365697,-9.728575785300396
账户2,002575,群兴玩具,2026-06-04,2026-06-05,-412.95,-2.01,1.0,🩸 下降通道抄底 (从60日高点回撤>10% + MA20下行 + 价<MA20),-38.26903023983316,85,-4.777116306083906,-4.045307443365697,-9.728575785300396
账户2,002611,东方精工,2026-05-18,2026-05-19,399.92,0.46,1.0,🔴 追涨大阳/涨停,-1.4743263853584265,7,3.3568904593639592,9.660107334525936,8.617065994115158
账户2,002611,东方精工,2026-05-19,2026-05-22,-5427.11,-5.26,3.0,🔴 追涨大阳/涨停,2.0050125313283207,1,3.841481052936091,12.674418604651173,13.376789793303256
账户2,002640,跨境通,2026-05-12,2026-05-13,23.9,1.61,1.0,🔴 追涨大阳/涨停,-4.625550660792954,1,0.041776911293700536,35.928143712574865,20.54565701559019
账户2,002716,湖南白银,2026-01-05,2026-01-06,3736.29,8.89,1.0,🔴 追涨大阳/涨停,-8.091787439613519,83,3.5243689474519613,10.719999999999995,16.69989265450087
账户2,002716,湖南白银,2026-01-05,2026-01-06,3977.6,9.3,1.0,🔴 追涨大阳/涨停,-8.091787439613519,83,3.5243689474519613,10.719999999999995,16.69989265450087
账户2,002792,通宇通讯,2026-02-05,2026-02-09,-312.12,-1.42,4.0,🟠 深度回撤介入 (从60日高点已跌>15%),-30.129516019086566,23,46.813765624147116,11.343031836390471,-4.7318084226375845
账户2,002831,裕同科技,2026-03-17,2026-03-18,27.19,1.09,1.0,🔴 追涨大阳/涨停,-5.839032088374552,1,14.737632256219623,20.012626262626277,11.529954204180793
账户2,002865,钧达股份,2026-06-17,2026-06-18,-1370.18,-6.53,1.0,🩸 下降通道抄底 (从60日高点回撤>10% + MA20下行 + 价<MA20),-39.59143089577872,34,-10.576585797829818,-8.586472255974076,-14.050543373416513
账户2,002865,钧达股份,2026-06-17,2026-06-22,-5055.56,-12.13,5.0,🩸 下降通道抄底 (从60日高点回撤>10% + MA20下行 + 价<MA20),-39.59143089577872,34,-10.576585797829818,-8.586472255974076,-14.050543373416513
账户2,002865,钧达股份,2026-06-18,2026-06-22,-3341.13,-6.37,4.0,🩸 下降通道抄底 (从60日高点回撤>10% + MA20下行 + 价<MA20),-42.257977040585736,35,-13.638580176910864,-9.03770246359058,-16.1167904298555
账户2,002866,传艺科技,2026-04-22,2026-04-23,-560.59,-1.49,1.0,🔴 追涨大阳/涨停,-1.869158878504673,1,14.377595462372138,21.399176954732503,20.876688067301295
账户2,002866,传艺科技,2026-04-23,2026-04-27,-330.71,-1.07,4.0,🩸 高位回落接盘 (60日高点回撤>10% · 高点在20日内),-13.11194796302637,1,15.962880550217463,25.980618366405174,10.682279060639743
账户2,002866,传艺科技,2026-04-23,2026-04-27,186.2,1.29,4.0,🩸 高位回落接盘 (60日高点回撤>10% · 高点在20日内),-13.11194796302637,1,15.962880550217463,25.980618366405174,10.682279060639743
账户2,002866,传艺科技,2026-04-23,2026-04-28,436.86,5.81,5.0,🩸 高位回落接盘 (60日高点回撤>10% · 高点在20日内),-13.11194796302637,1,15.962880550217463,25.980618366405174,10.682279060639743
账户2,002866,传艺科技,2026-04-23,2026-04-28,504.88,4.02,5.0,🩸 高位回落接盘 (60日高点回撤>10% · 高点在20日内),-13.11194796302637,1,15.962880550217463,25.980618366405174,10.682279060639743
账户2,002866,传艺科技,2026-04-23,2026-04-28,1258.33,5.04,5.0,🩸 高位回落接盘 (60日高点回撤>10% · 高点在20日内),-13.11194796302637,1,15.962880550217463,25.980618366405174,10.682279060639743
账户2,002866,传艺科技,2026-04-28,2026-04-29,-364.5,-1.61,1.0,🟢 主升途中,-7.7370763437179075,6,18.749215119929687,8.486622073578577,14.001692047377311
账户2,002897,意华股份,2026-05-19,2026-05-22,-6587.56,-6.59,3.0,🔴 追涨大阳/涨停,-3.796308417332117,6,5.399047974760962,18.05676475709559,10.818737700839186
账户2,002902,铭普光磁,2026-04-08,2026-04-14,1465.16,3.92,6.0,🔴 追涨大阳/涨停,-1.6739203213926968,6,18.67002156721782,13.18355235269182,18.616344581086807
账户2,002971,和远气体,2026-01-08,2026-01-09,-1141.53,-5.56,1.0,🟠 深度回撤介入 (从60日高点已跌>15%),-19.15865384615384,62,-9.014777594972346,0.13101867016049873,9.570742037957158
账户2,300383,光环新网,2026-04-01,2026-04-08,-547.96,-1.94,7.0,⚪ 平台/中性,-6.415694591728527,48,-0.20718018491606705,0.4105571847507372,9.382746653445718
账户2,300383,光环新网,2026-04-01,2026-04-14,24.77,1.72,13.0,⚪ 平台/中性,-6.415694591728527,48,-0.20718018491606705,0.4105571847507372,9.382746653445718
账户2,300454,深信服,2026-05-22,2026-05-25,-88.2,-0.02,3.0,🟠 深度回撤介入 (从60日高点已跌>15%),-25.84694204290746,98,13.633327608251754,-8.92163212435233,-2.77101351918716
账户2,300670,大烨智能,2026-06-02,2026-06-03,-171.95,-0.97,1.0,⚪ 平台/中性,-9.592641261498036,83,10.939217841997806,-4.317548746518096,-2.597862249592986
账户2,300691,联合光电,2026-06-11,2026-06-12,-2172.25,-6.58,1.0,🟠 深度回撤介入 (从60日高点已跌>15%),-16.11328125,24,1.8021506657531772,-6.029579067121727,0.5383895131086058
账户2,300766,每日互动,2026-04-08,2026-04-09,-2603.9,-6.1,1.0,🟠 深度回撤介入 (从60日高点已跌>15%),-24.96538081107814,84,-17.214590670758632,5.51909307875893,3.7728105934174083
账户2,300851,交大思诺,2026-05-28,2026-06-01,-1865.53,-10.08,4.0,🩸 高位回落接盘 (60日高点回撤>10% · 高点在20日内),-21.79619145651055,2,2.8486525258735407,6.831882116543864,0.9265716847663752
账户2,300851,交大思诺,2026-05-28,2026-06-01,-294.54,-9.61,4.0,🩸 高位回落接盘 (60日高点回撤>10% · 高点在20日内),-21.79619145651055,2,2.8486525258735407,6.831882116543864,0.9265716847663752
账户2,300851,交大思诺,2026-05-28,2026-06-03,-3507.24,-11.47,6.0,🩸 高位回落接盘 (60日高点回撤>10% · 高点在20日内),-21.79619145651055,2,2.8486525258735407,6.831882116543864,0.9265716847663752
账户2,300851,交大思诺,2026-05-29,2026-06-03,-1721.35,-11.26,5.0,🩸 高位回落接盘 (60日高点回撤>10% · 高点在20日内),-30.983015954709213,3,3.6143131604226664,2.7036160865157255,-11.196463751800401
账户2,300851,交大思诺,2026-06-01,2026-06-03,-487.96,-2.13,2.0,🩸 高位回落接盘 (60日高点回撤>10% · 高点在20日内),-29.28461142563047,6,3.830109973454676,-11.455926048200727,-8.758881731854707
账户2,300851,交大思诺,2026-06-03,2026-06-04,-93.31,-3.03,1.0,🩸 高位回落接盘 (60日高点回撤>10% · 高点在20日内),-32.06381883685023,8,4.155076495132137,-12.337662337662337,-11.867801702553837
账户2,301038,深水规院,2026-05-29,2026-06-01,-154.94,-7.11,3.0,🟠 深度回撤介入 (从60日高点已跌>15%),-15.203695926081473,73,-1.8981985249667432,-10.392156862745082,-0.4683263495193657
账户2,301278,快可电子,2026-04-22,2026-04-23,161.41,1.44,1.0,🔴 追涨大阳/涨停,-14.396887159533067,42,-10.790317206833567,3.635419371591797,13.330500070831564
账户2,301278,快可电子,2026-04-22,2026-04-23,935.63,1.36,1.0,🔴 追涨大阳/涨停,-14.396887159533067,42,-10.790317206833567,3.635419371591797,13.330500070831564
账户2,301308,江波龙,2026-03-17,2026-03-23,-1314.06,-3.86,6.0,🔴 追涨大阳/涨停,-14.678663239074552,47,-7.0889346844201455,31.913275009509334,8.980820820294898
账户2,301396,宏景科技,2026-04-28,2026-04-30,-610.22,-0.57,2.0,🔴 追涨大阳/涨停,-3.6173264486517587,5,69.697046474591,40.65924196155919,43.3285200249979
账户2,301458,钧崴电子,2026-05-14,2026-05-15,-4297.77,-3.97,1.0,🟢 主升途中,-6.3371080139372875,2,13.658151549942632,11.376192867905587,8.615225324191545
账户2,600026,中远海能,2026-03-19,2026-03-25,3602.62,6.44,6.0,🩸 高位回落接盘 (60日高点回撤>10% · 高点在20日内),-10.956848030018751,10,43.86729112763241,-0.4003202562049668,8.042889339130843
账户2,600026,中远海能,2026-03-26,2026-03-31,-4542.51,-7.54,5.0,🩸 高位回落接盘 (60日高点回撤>10% · 高点在20日内),-12.035333087964673,1,44.331766079714875,12.728081886960396,1.7735857091148999
账户2,600108,亚盛集团,2026-03-04,2026-03-05,4847.73,4.21,1.0,🔴 追涨大阳/涨停,9.97920997920998,1,8.285672385980348,39.01734104046242,43.2827735644637
账户2,600111,北方稀土,2025-11-27,2025-12-19,0.5,0.09,22.0,🩸 下降通道抄底 (从60日高点回撤>10% + MA20下行 + 价<MA20),-27.97860269087372,44,-8.167630900870238,-4.7262617621899095,-5.913494626502203
账户2,600111,北方稀土,2025-11-27,2025-12-24,115.35,0.73,27.0,🩸 下降通道抄底 (从60日高点回撤>10% + MA20下行 + 价<MA20),-27.97860269087372,44,-8.167630900870238,-4.7262617621899095,-5.913494626502203
账户2,600143,金发科技,2026-06-09,2026-06-10,-347.88,-1.03,1.0,🩸 高位回落接盘 (60日高点回撤>10% · 高点在20日内),-11.795681937862025,14,1.2409846117908296,-12.11631663974152,-3.38024919243195
账户2,600143,金发科技,2026-06-09,2026-06-10,-871.84,-1.57,1.0,🩸 高位回落接盘 (60日高点回撤>10% · 高点在20日内),-11.795681937862025,14,1.2409846117908296,-12.11631663974152,-3.38024919243195
账户2,600151,航天机电,2025-12-19,2025-12-24,-617.64,-16.19,5.0,🔴 追涨大阳/涨停,-2.378490175801451,1,49.639650283553905,39.047619047619044,49.066361375389846
账户2,600151,航天机电,2026-04-23,2026-04-28,-6956.69,-9.22,5.0,🟢 主升途中,-12.4,90,-3.227287172063109,8.04020100502514,11.8692304885613
账户2,600227,赤天化,2026-03-03,2026-03-04,410.68,1.2,1.0,🔴 追涨大阳/涨停,4.731861198738163,1,7.592367032074709,22.393822393822393,25.2830188679245
账户2,600256,广汇能源,2026-03-02,2026-03-03,5544.64,10.16,1.0,🔴 追涨大阳/涨停,8.557046979865767,5,10.396580856773685,6.715063520871145,16.503106149275236
账户2,600259,中稀有色,2026-06-04,2026-06-05,204.35,0.8,1.0,🔴 追涨大阳/涨停,-14.745454545454539,23,-1.57650448143406,1.5774323546344338,1.666802179038962
账户2,600259,中稀有色,2026-06-04,2026-06-05,23.78,0.37,1.0,🔴 追涨大阳/涨停,-14.745454545454539,23,-1.57650448143406,1.5774323546344338,1.666802179038962
账户2,600313,农发种业,2026-03-16,2026-03-17,677.89,3.1,1.0,🔴 追涨大阳/涨停,-1.7316017316017285,12,12.23434004474273,0.8557457212714059,13.11822598729291
账户2,600339,中油工程,2026-04-02,2026-04-03,1406.18,3.14,1.0,🟠 深度回撤介入 (从60日高点已跌>15%),-19.494584837545126,29,2.296376031575198,-3.341288782816243,4.2908920846486565
账户2,600339,中油工程,2026-04-02,2026-04-03,1835.57,4.04,1.0,🟠 深度回撤介入 (从60日高点已跌>15%),-19.494584837545126,29,2.296376031575198,-3.341288782816243,4.2908920846486565
账户2,600376,首开股份,2026-03-23,2026-03-24,-1176.04,-4.1,1.0,🟠 深度回撤介入 (从60日高点已跌>15%),-18.47222222222222,82,-4.508088040307612,6.163021868787277,8.673516615754885
账户2,600580,卧龙电驱,2026-05-15,2026-05-18,-392.53,-0.29,3.0,🟢 主升途中,-13.872340425531926,80,2.1821681917671087,5.9287462605384755,4.468560073293126
账户2,600584,长电科技,2026-01-22,2026-01-29,-489.78,-1.87,7.0,🔴 追涨大阳/涨停,-7.784207578868774,1,13.527453785211296,34.96664956387892,19.70098983510824
账户2,600666,奥瑞德,2026-03-27,2026-03-30,-6.58,0.16,3.0,🔴 追涨大阳/涨停,4.647160068846823,1,15.720230903476962,32.932692307692314,41.06728538283064
账户2,600722,金牛化工,2026-03-05,2026-03-10,-2678.31,-5.02,5.0,🔴 追涨大阳/涨停,-1.5212169735788539,1,39.639435769781926,15.860735009671178,32.886776145203164
账户2,600722,金牛化工,2026-03-05,2026-03-10,-1331.33,-5.25,5.0,🔴 追涨大阳/涨停,-1.5212169735788539,1,39.639435769781926,15.860735009671178,32.886776145203164
账户2,600759,洲际油气,2026-03-25,2026-03-31,-2024.5,-3.29,6.0,🟠 深度回撤介入 (从60日高点已跌>15%),-33.003300330033,20,0.0,-14.814814814814802,-15.340237714603466
账户2,600863,华能蒙电,2026-03-24,2026-03-25,242.09,1.17,1.0,⚪ 平台/中性,-4.900181488203259,12,8.06568963725185,-5.783582089552253,0.7983072040011807
账户2,600879,航天电子,2026-03-18,2026-03-19,-154.49,-0.22,1.0,🩸 下降通道抄底 (从60日高点回撤>10% + MA20下行 + 价<MA20),-29.00124069478909,64,-7.998234872304044,-13.889988128215268,-8.507704298818874
账户2,600935,华塑股份,2026-01-08,2026-01-09,-305.3,-1.09,1.0,🔴 追涨大阳/涨停,-3.8461538461538436,59,-7.456550177536892,1.2145748987854255,11.066235864297248
账户2,600936,北投科技,2026-05-22,2026-05-28,-2722.95,-5.57,6.0,🟢 主升途中,-2.033898305084747,8,18.705485442958892,11.992263056092845,21.684210526315773
账户2,600936,北投科技,2026-05-22,2026-05-29,-3265.04,-6.62,7.0,🟢 主升途中,-2.033898305084747,8,18.705485442958892,11.992263056092845,21.684210526315773
账户2,600936,北投科技,2026-05-28,2026-05-29,-7.11,-0.19,1.0,🩸 高位回落接盘 (60日高点回撤>10% · 高点在20日内),-12.959999999999994,3,26.263749845507366,0.5597014925373012,6.49960845732187
账户2,600936,北投科技,2026-05-28,2026-06-01,-1125.84,-3.54,4.0,🩸 高位回落接盘 (60日高点回撤>10% · 高点在20日内),-12.959999999999994,3,26.263749845507366,0.5597014925373012,6.49960845732187
账户2,600936,北投科技,2026-05-28,2026-06-01,-847.61,-4.78,4.0,🩸 高位回落接盘 (60日高点回撤>10% · 高点在20日内),-12.959999999999994,3,26.263749845507366,0.5597014925373012,6.49960845732187
账户2,600936,北投科技,2026-06-02,2026-06-04,1691.62,6.61,2.0,🔴 追涨大阳/涨停,-5.279999999999996,8,30.788177339901466,-7.8767123287671215,11.487758945386052
账户2,600936,北投科技,2026-06-05,2026-06-09,-2728.07,-7.0,4.0,🩸 高位回落接盘 (60日高点回撤>10% · 高点在20日内),-10.210210210210203,1,35.855023108732674,6.747404844290661,7.072515666965096
账户2,600938,中国海油,2026-03-13,2026-03-16,-842.82,-2.71,3.0,🔴 追涨大阳/涨停,-5.702739110911537,4,0.0,19.87733482018401,10.090300258187934
账户2,600938,中国海油,2026-03-13,2026-03-16,-0.95,0.07,3.0,🔴 追涨大阳/涨停,-5.702739110911537,4,0.0,19.87733482018401,10.090300258187934
账户2,600938,中国海油,2026-03-13,2026-03-16,-1927.75,-1.69,3.0,🔴 追涨大阳/涨停,-5.702739110911537,4,0.0,19.87733482018401,10.090300258187934
账户2,600986,浙文互联,2026-04-16,2026-04-17,-1585.26,-2.53,1.0,🟠 深度回撤介入 (从60日高点已跌>15%),-33.37378640776699,71,-14.706262661092174,4.713114754098369,10.97074132093585
账户2,600989,宝丰能源,2026-03-03,2026-03-04,-618.62,-3.5,1.0,🔴 追涨大阳/涨停,8.320668693009114,1,14.5444269707097,14.434782608695663,22.32114126354179
账户2,600989,宝丰能源,2026-03-10,2026-03-12,3990.1,15.25,2.0,🔴 追涨大阳/涨停,-8.066052715147665,1,14.871339425526454,29.010526315789487,17.80264496439472
账户2,600989,宝丰能源,2026-03-10,2026-03-13,3260.15,14.02,3.0,🔴 追涨大阳/涨停,-8.066052715147665,1,14.871339425526454,29.010526315789487,17.80264496439472
账户2,600989,宝丰能源,2026-03-10,2026-03-13,3289.96,14.17,3.0,🔴 追涨大阳/涨停,-8.066052715147665,1,14.871339425526454,29.010526315789487,17.80264496439472
账户2,600989,宝丰能源,2026-03-20,2026-03-25,-1715.86,-2.83,5.0,🩸 高位回落接盘 (60日高点回撤>10% · 高点在20日内),-12.66100301452453,4,27.045970361799654,14.32064268250086,11.63458675587159
账户2,601016,节能风电,2026-03-25,2026-03-26,2900.22,9.36,1.0,🔴 追涨大阳/涨停,9.97963340122201,1,23.55279898218827,21.836228287841198,39.01403011970657
账户2,601138,工业富联,2026-01-29,2026-02-26,-2.96,0.03,28.0,🟠 深度回撤介入 (从60日高点已跌>15%),-15.480557593543654,35,0.0,-0.16450074025333716,-6.342986292905806
账户2,601138,工业富联,2026-01-29,2026-03-02,-713.45,-4.02,32.0,🟠 深度回撤介入 (从60日高点已跌>15%),-15.480557593543654,35,0.0,-0.16450074025333716,-6.342986292905806
账户2,601138,工业富联,2026-02-09,2026-03-02,-43.63,-0.04,21.0,🟠 深度回撤介入 (从60日高点已跌>15%),-18.532648569332355,46,0.0,-8.201147485656424,-5.776932998438689
账户2,601138,工业富联,2026-02-09,2026-03-05,-37.55,-0.52,24.0,🟠 深度回撤介入 (从60日高点已跌>15%),-18.532648569332355,46,0.0,-8.201147485656424,-5.776932998438689
账户2,601288,农业银行,2026-01-06,2026-01-08,-786.72,-1.73,2.0,🩸 下降通道抄底 (从60日高点回撤>10% + MA20下行 + 价<MA20),-12.903225806451612,53,-6.153846153846154,0.26490066225166586,-1.247469139834123
账户2,601288,农业银行,2026-01-06,2026-01-12,-149.14,-0.27,6.0,🩸 下降通道抄底 (从60日高点回撤>10% + MA20下行 + 价<MA20),-12.903225806451612,53,-6.153846153846154,0.26490066225166586,-1.247469139834123
账户2,601360,三六零,2026-05-08,2026-05-11,-1027.3,-1.93,3.0,🟢 主升途中,-12.593703148425783,84,-3.0279024733738336,6.165004533091589,5.836434601071083
账户2,601360,三六零,2026-05-08,2026-05-11,-533.57,-0.85,3.0,🟢 主升途中,-12.593703148425783,84,-3.0279024733738336,6.165004533091589,5.836434601071083
账户2,601698,中国卫通,2026-01-08,2026-01-09,2442.6,6.13,1.0,🔴 追涨大阳/涨停,-1.1762094984465232,1,32.959973645198474,86.6014461931093,57.617159847090484
账户2,601816,京沪高铁,2026-05-12,2026-05-13,-92.1,-1.94,1.0,⚪ 平台/中性,-2.8846153846153966,56,-2.8145368358680645,-0.8130081300813052,2.6318463570775386
账户2,601869,长飞光纤,2026-06-10,2026-06-15,-1074.36,-2.26,5.0,🔴 追涨大阳/涨停,-7.064257852597011,5,6.668690201253713,32.29445506692159,12.012886591560857
账户2,601952,苏垦农发,2026-03-30,2026-03-31,-150.5,-1.55,1.0,🔴 追涨大阳/涨停,-1.9038984587488539,14,7.839610664409635,-5.032618825722279,6.151280290395356
账户2,603017,中衡设计,2026-05-08,2026-05-11,-2763.86,-4.8,3.0,⚪ 平台/中性,-7.019498607242324,37,1.699286370380837,3.51887396033268,15.955118629937125
账户2,603026,石大胜华,2026-03-23,2026-03-24,3.96,0.23,1.0,🔴 追涨大阳/涨停,-11.220773117142514,87,-0.0809662959391777,16.62542530157749,11.323103669271983
账户2,603026,石大胜华,2026-03-30,2026-03-31,-1265.23,-6.57,1.0,🔴 追涨大阳/涨停,-0.8417687799680218,3,7.312294346395443,25.13333333333332,29.702156127611556
账户2,603083,剑桥科技,2025-11-21,2025-11-26,863.53,2.99,5.0,🩸 下降通道抄底 (从60日高点回撤>10% + MA20下行 + 价<MA20),-31.228070175438592,53,-4.359710203614542,7.069813176007855,-9.797550727372295
账户2,603083,剑桥科技,2025-11-21,2025-11-26,769.91,3.98,5.0,🩸 下降通道抄底 (从60日高点回撤>10% + MA20下行 + 价<MA20),-31.228070175438592,53,-4.359710203614542,7.069813176007855,-9.797550727372295
账户2,603083,剑桥科技,2026-01-20,2026-01-22,2797.93,5.36,2.0,🟠 深度回撤介入 (从60日高点已跌>15%),-25.846579129232893,21,14.00334228261466,-6.063042779028627,-14.050328218807218
账户2,603083,剑桥科技,2026-01-22,2026-03-02,-2046.29,-3.58,39.0,🟠 深度回撤介入 (从60日高点已跌>15%),-22.017968210089833,23,11.768219832735971,-8.824479250766991,-9.308278713887875
账户2,603138,海量数据,2026-03-31,2026-04-01,-1209.91,-3.11,1.0,🟠 深度回撤介入 (从60日高点已跌>15%),-17.550200803212846,21,6.5160975359079165,-5.385375494071143,-0.952840429381252
账户2,603259,药明康德,2025-11-05,2025-11-13,498.51,1.83,8.0,🩸 下降通道抄底 (从60日高点回撤>10% + MA20下行 + 价<MA20),-18.550824768978323,64,-5.010114600998827,-7.026759167492569,-7.231351101449423
账户2,603259,药明康德,2025-11-05,2025-12-24,-881.88,-4.57,49.0,🩸 下降通道抄底 (从60日高点回撤>10% + MA20下行 + 价<MA20),-18.550824768978323,64,-5.010114600998827,-7.026759167492569,-7.231351101449423
账户2,603259,药明康德,2025-11-17,2025-12-24,-1214.57,-2.54,37.0,🩸 下降通道抄底 (从60日高点回撤>10% + MA20下行 + 价<MA20),-19.025822609897226,76,-6.484534463809066,-1.4417591536147745,-4.593280013024803
账户2,603259,药明康德,2025-11-27,2025-12-24,-559.49,-1.15,27.0,🩸 下降通道抄底 (从60日高点回撤>10% + MA20下行 + 价<MA20),-20.373089213230855,86,-8.588636528553817,-1.2233049968898957,-2.413725583586024
账户2,603259,药明康德,2025-11-27,2025-12-24,-631.4,-2.19,27.0,🩸 下降通道抄底 (从60日高点回撤>10% + MA20下行 + 价<MA20),-20.373089213230855,86,-8.588636528553817,-1.2233049968898957,-2.413725583586024
账户2,603259,药明康德,2025-11-27,2025-12-24,-404.6,-2.1,27.0,🩸 下降通道抄底 (从60日高点回撤>10% + MA20下行 + 价<MA20),-20.373089213230855,86,-8.588636528553817,-1.2233049968898957,-2.413725583586024
账户2,603259,药明康德,2026-03-17,2026-03-18,3.18,0.19,1.0,⚪ 平台/中性,-11.019721469296185,62,8.056954901596525,-7.02217013380213,-3.7255774442781386
账户2,603399,永杉锂业,2026-05-29,2026-06-02,-2946.05,-6.17,4.0,🩸 高位回落接盘 (60日高点回撤>10% · 高点在20日内),-29.819749216300938,18,59.96201099256386,-16.796116504854375,-9.50203380409793
账户2,603477,巨星农牧,2026-04-07,2026-04-08,-658.97,-2.7,1.0,🔴 追涨大阳/涨停,-8.40594566888775,25,0.42198872808631993,-2.414605418138993,0.7953071239212184
账户2,603626,科森科技,2026-04-07,2026-04-08,383.09,4.28,1.0,🟠 深度回撤介入 (从60日高点已跌>15%),-22.431506849315074,40,-11.061991158408514,15.762797769893556,1.8870470749645651
账户2,603626,科森科技,2026-04-07,2026-04-08,511.09,5.74,1.0,🟠 深度回撤介入 (从60日高点已跌>15%),-22.431506849315074,40,-11.061991158408514,15.762797769893556,1.8870470749645651
账户2,603659,璞泰来,2026-03-26,2026-03-27,-334.75,-1.11,1.0,🔴 追涨大阳/涨停,2.7669172932330843,10,3.9490066109035826,9.80991174473862,15.285345569257247
账户2,603659,璞泰来,2026-03-26,2026-03-31,-4649.27,-7.75,5.0,🔴 追涨大阳/涨停,2.7669172932330843,10,3.9490066109035826,9.80991174473862,15.285345569257247
账户2,603667,五洲新春,2026-03-04,2026-03-05,1134.36,2.34,1.0,🟢 主升途中,-6.2571103526734895,22,0.0,13.783580215917656,7.44301276656274
账户2,603757,大元泵业,2026-06-01,2026-06-02,-425.95,-1.73,1.0,🩸 高位回落接盘 (60日高点回撤>10% · 高点在20日内),-13.336293664890475,12,13.805623244570997,-9.901315789473674,0.6965345257545774
账户2,603778,国晟科技,2026-05-12,2026-05-13,1584.15,3.24,1.0,🟠 深度回撤介入 (从60日高点已跌>15%),-27.370878319229654,33,10.486560327855665,-8.477769404672198,-9.487617731553877
账户2,603778,国晟科技,2026-05-12,2026-05-13,1307.79,2.57,1.0,🟠 深度回撤介入 (从60日高点已跌>15%),-27.370878319229654,33,10.486560327855665,-8.477769404672198,-9.487617731553877
账户2,603803,瑞斯康达,2026-04-09,2026-04-14,2322.54,4.67,5.0,🩸 高位回落接盘 (60日高点回撤>10% · 高点在20日内),-10.375,16,31.97288862882779,-9.090909090909093,5.967116201736533
账户2,603803,瑞斯康达,2026-04-09,2026-04-14,1423.45,7.3,5.0,🩸 高位回落接盘 (60日高点回撤>10% · 高点在20日内),-10.375,16,31.97288862882779,-9.090909090909093,5.967116201736533
账户2,603986,兆易创新,2026-03-17,2026-03-23,-2294.55,-7.52,6.0,🟢 主升途中,-10.617224302451989,21,1.3843426195888187,12.191725603723125,1.3974695165293483
账户4,000063,中兴通讯,2026-05-11,2026-05-13,-77.92,-1.69,2.0,⚪ 平台/中性,-0.10217113665389466,69,6.236477398982521,3.588644884841985,7.637264345672223
账户4,000628,高新发展,2026-05-11,2026-05-18,-200.11,-2.92,7.0,🟢 主升途中,-7.091469681397733,5,17.20293673240092,7.074380165289251,4.590719391760678
账户4,000636,风华高科,2026-06-17,2026-06-23,-338.03,-2.25,6.0,🔴 追涨大阳/涨停,3.536977491961424,1,108.7163666185027,16.63363065741659,38.569771358006236
账户4,000636,风华高科,2026-06-18,2026-06-23,-1023.54,-4.55,5.0,🔴 追涨大阳/涨停,0.6883520043190483,1,111.57683869121429,16.62992125984253,34.538043968331266
账户4,001896,豫能控股,2026-05-11,2026-06-04,1925.65,28.78,24.0,⚪ 平台/中性,-10.822281167108772,20,7.725839983904481,-6.228571428571428,4.650438896843667
账户4,002079,苏州固锝,2026-06-16,2026-06-17,178.56,4.95,1.0,🔴 追涨大阳/涨停,-8.615819209039554,20,7.207480195662508,1.742738589211612,4.49810223693774
账户4,002079,苏州固锝,2026-06-16,2026-06-17,476.48,4.87,1.0,🔴 追涨大阳/涨停,-8.615819209039554,20,7.207480195662508,1.742738589211612,4.49810223693774
账户4,002079,苏州固锝,2026-06-17,2026-06-18,102.63,4.33,1.0,🟢 主升途中,-4.519774011299438,21,6.194045834225759,5.891980360065463,9.071840587309898
账户4,002080,中材科技,2026-05-11,2026-05-18,191.73,3.24,7.0,🔴 追涨大阳/涨停,-2.849222239334681,3,23.68461657151675,20.626329016044842,21.065561185321656
账户4,002135,东南网架,2026-05-11,2026-05-12,-50.38,-1.39,1.0,🔴 追涨大阳/涨停,-1.3713080168776481,3,13.372008701957938,21.903520208604952,19.611104004093626
账户4,002156,通富微电,2026-06-16,2026-06-17,513.43,4.21,1.0,🟠 深度回撤介入 (从60日高点已跌>15%),-19.895621181262733,20,21.780144969665137,-3.6027568922305853,-3.0877030877030753
账户4,002171,楚江新材,2026-06-26,2026-07-01,-3067.73,-6.38,5.0,🩸 高位回落接盘 (60日高点回撤>10% · 高点在20日内),-13.721918639951413,4,0.0,21.972049689440997,4.240023474178423
账户4,002428,云南锗业,2026-06-16,2026-06-17,-503.94,-4.72,1.0,🔴 追涨大阳/涨停,-3.7748407340496337,33,10.197752780602398,17.50607849947898,16.005158332139292
账户4,002484,江海股份,2026-05-11,2026-05-12,8.87,0.14,1.0,🔴 追涨大阳/涨停,3.7328536091747244,4,22.250727457428667,23.681192660550444,29.940001690093275
账户4,002536,飞龙股份,2026-06-16,2026-06-17,-385.73,-2.67,1.0,🟢 主升途中,-8.164505672609401,27,4.7640310077519565,11.792336217552513,7.333128122558175
账户4,002876,三利谱,2026-05-11,2026-05-12,-97.53,-2.73,1.0,🟢 主升途中,-2.9384182557049,5,11.777451202049892,5.418060200668906,4.674094425809505
账户4,002876,三利谱,2026-06-15,2026-06-17,560.09,3.67,2.0,🔴 追涨大阳/涨停,-6.376638855780692,10,-0.0714927010940114,7.199710564399409,4.553849225496243
账户4,002876,三利谱,2026-06-15,2026-06-17,1022.7,3.7,2.0,🔴 追涨大阳/涨停,-6.376638855780692,10,-0.0714927010940114,7.199710564399409,4.553849225496243
账户4,002876,三利谱,2026-06-16,2026-06-17,98.96,0.87,1.0,⚪ 平台/中性,-4.827175208581647,11,0.09631191776953152,3.355263157894739,5.973888087061829
账户4,002935,天奥电子,2026-06-17,2026-06-18,-1524.42,-1.75,1.0,🟢 主升途中,-5.7446808510638325,42,-6.060113728675864,14.735186156266389,9.452982161387546
账户4,002938,鹏鼎控股,2026-06-16,2026-06-18,1398.98,13.31,2.0,⚪ 平台/中性,-12.019191672765716,21,40.47890158486365,-6.479578157118604,1.970320312536833
账户4,002972,科安达,2026-05-11,2026-05-12,-11.33,0.0,1.0,⚪ 平台/中性,-2.848794740686622,11,8.040324563560386,0.30030030030030463,0.8951600667576942
账户4,002998,优彩资源,2026-05-11,2026-05-12,-26.49,-0.5,1.0,🟢 主升途中,-3.157894736842104,3,12.942317014057213,8.635394456289958,8.58369098712446
账户4,600111,北方稀土,2026-06-17,2026-06-18,770.14,3.92,1.0,⚪ 平台/中性,-13.181504485852313,37,-4.2581343016910855,4.335608189482132,1.519155890007462
账户4,600111,北方稀土,2026-06-17,2026-06-22,2103.31,3.57,5.0,⚪ 平台/中性,-13.181504485852313,37,-4.2581343016910855,4.335608189482132,1.519155890007462
账户4,600111,北方稀土,2026-06-18,2026-06-22,-299.68,-1.79,4.0,⚪ 平台/中性,-11.31815044858524,38,-4.6556208457759425,1.329037454691906,3.862513513240451
账户4,600118,中国卫星,2026-06-16,2026-06-17,-45.99,-0.18,1.0,🩸 下降通道抄底 (从60日高点回撤>10% + MA20下行 + 价<MA20),-37.020920502092046,36,-19.41636609223555,-0.7068062827225163,-7.582734696383597
账户4,600171,上海贝岭,2026-06-15,2026-06-17,1053.82,2.5,2.0,🩸 高位回落接盘 (60日高点回撤>10% · 高点在20日内),-14.752040175768988,19,-1.5499575235354168,-3.1997057741816826,-4.340935106101973
账户4,600171,上海贝岭,2026-06-16,2026-06-17,25.88,0.28,1.0,🩸 下降通道抄底 (从60日高点回撤>10% + MA20下行 + 价<MA20),-13.904582548650346,20,-2.248142388111296,1.004090740052055,-3.0210892891866514
账户4,600234,科新发展,2026-05-08,2026-05-13,1524.61,14.85,5.0,🔴 追涨大阳/涨停,6.277860326894502,1,43.52234452585157,17.426636568848775,38.43660029516369
账户4,600251,冠农股份,2026-05-06,2026-05-07,-421.49,-1.64,1.0,🟢 主升途中,-0.9893455098934578,6,3.552389911750198,13.397548161120842,12.562727115417903
账户4,600251,冠农股份,2026-05-07,2026-05-11,-744.21,-2.99,4.0,🔴 追涨大阳/涨停,-3.2724505327245024,7,3.98999151065631,15.234720992028361,9.220589499011812
账户4,600433,冠豪高新,2026-05-06,2026-05-07,1408.75,8.71,1.0,🔴 追涨大阳/涨停,-0.8264462809917328,6,7.395143487858724,31.880108991825608,23.32990750256936
账户4,600487,亨通光电,2026-05-08,2026-05-11,-160.41,-1.94,3.0,🔴 追涨大阳/涨停,0.835182043586058,1,28.536056948313227,27.02341137123745,24.038847419536058
账户4,600487,亨通光电,2026-05-08,2026-05-11,-160.41,-1.94,3.0,🔴 追涨大阳/涨停,0.835182043586058,1,28.536056948313227,27.02341137123745,24.038847419536058
账户4,600584,长电科技,2026-06-16,2026-06-17,1213.52,8.16,1.0,🟠 深度回撤介入 (从60日高点已跌>15%),-18.935721812434135,20,54.15994445238632,-1.3669542136695467,1.910912402715681
账户4,600879,航天电子,2026-06-16,2026-06-17,31.58,0.34,1.0,🩸 下降通道抄底 (从60日高点回撤>10% + MA20下行 + 价<MA20),-26.39853747714809,36,-14.347117539213706,2.5270758122743597,-4.2500059457273975
账户4,601339,百隆东方,2026-05-07,2026-05-12,117.59,0.58,5.0,🟢 主升途中,-0.5268703898840932,1,13.009884449394393,13.011152416356865,16.29196181090238
账户4,601339,百隆东方,2026-05-08,2026-05-12,1269.31,7.55,4.0,🟢 主升途中,-9.368421052631582,1,14.172626900909657,13.734939759036124,4.731784454445931
账户4,601939,建设银行,2026-05-07,2026-05-11,-597.41,-2.36,4.0,⚪ 平台/中性,-2.8999999999999915,7,3.0822286884362615,0.7194244604316502,1.5159435441714608
账户4,601996,丰林集团,2026-05-11,2026-05-12,-101.47,-1.3,1.0,🔴 追涨大阳/涨停,-2.187500000000009,3,8.489033306255056,17.669172932330813,17.184575065518537
账户4,603002,宏昌电子,2026-05-11,2026-05-12,-217.1,-3.31,1.0,🟢 主升途中,-2.7318932655654327,3,31.648179051732605,10.374639769452454,14.160017895757226
账户4,603220,中贝通信,2026-05-11,2026-05-12,-221.14,-3.33,1.0,⚪ 平台/中性,-9.144025708442872,18,14.264961675937071,3.181233933161942,4.048176647708268
账户4,603269,海鸥股份,2026-05-08,2026-05-12,2439.59,20.76,4.0,🟢 主升途中,-12.3180873180873,58,1.070448919515643,9.14907229686499,11.670086714767969
账户4,603488,展鹏科技,2026-05-11,2026-05-12,-55.26,-1.77,1.0,🔴 追涨大阳/涨停,-7.663125948406679,3,12.15258855585828,16.386182462356082,7.518332008127926
账户4,603527,众源新材,2026-05-11,2026-05-12,-95.36,-3.09,1.0,🟢 主升途中,-0.3665689149560114,3,6.859253983797764,11.480865224625635,13.216978381305422
账户4,603598,引力传媒,2026-05-18,2026-06-04,-334.11,-13.17,17.0,🟠 深度回撤介入 (从60日高点已跌>15%),-23.10126582278481,96,11.66482467597707,24.349533627884124,9.321576390138597
账户4,603678,火炬电子,2026-06-17,2026-06-22,-1730.4,-8.27,5.0,🟢 主升途中,0.5046136101499288,1,55.016771611840156,5.897074925699997,32.31721205679141
账户4,603678,火炬电子,2026-06-18,2026-06-22,-1799.4,-8.57,4.0,🟢 主升途中,-2.8395238778144316,1,60.00823420429653,7.99380325329202,24.51755192060283
账户4,603703,盛洋科技,2026-06-18,2026-06-22,-57.94,-0.67,4.0,🟠 深度回撤介入 (从60日高点已跌>15%),-19.324324324324326,24,0.0,-3.092783505154628,-5.735601784234001
账户4,603897,长城科技,2026-05-11,2026-05-13,-143.86,-2.33,2.0,🟢 主升途中,-6.657745065239218,3,49.13248108855377,10.125603864734313,16.237891886261814
账户4,603920,世运电路,2026-06-16,2026-06-17,550.6,4.83,1.0,🟠 深度回撤介入 (从60日高点已跌>15%),-16.406914139982998,20,2.9550310391817103,0.1736714136853168,-3.590832958862711
账户4,605258,协和电子,2026-06-16,2026-06-17,311.15,2.99,1.0,⚪ 平台/中性,-7.635903919089748,36,-3.930887268919381,-0.5295429208472813,2.0975698374767537
账户4,605299,舒华体育,2026-05-08,2026-05-13,-803.47,-7.53,5.0,🔴 追涨大阳/涨停,-0.9854014598540184,1,31.49281737365037,24.334600760456283,26.9328841790067
账户4,605299,舒华体育,2026-05-08,2026-05-13,-1003.08,-7.53,5.0,🔴 追涨大阳/涨停,-0.9854014598540184,1,31.49281737365037,24.334600760456283,26.9328841790067
账户4,605376,博迁新材,2026-05-08,2026-05-13,94.22,0.86,5.0,🔴 追涨大阳/涨停,-3.3812949640287693,2,22.785598136709307,21.57816005983546,17.397670403636468
