ts_code,ann_date,holder_name,holder_type,in_de,change_vol,change_ratio,after_share,after_ratio,avg_price,total_share
301429.SZ,20260713,唐道远,G,IN,199000.0,0.4521,199000.0,0.4521,,41869200.0
301429.SZ,20260713,张勇,G,IN,26600.0,0.0604,26600.0,0.0604,,11552400.0
301429.SZ,20260713,王斌,G,IN,37200.0,0.0845,37200.0,0.0845,,11563000.0
301032.SZ,20260713,王玲玲,P,IN,952400.0,0.5957,952400.0,0.5957,,952400.0
300304.SZ,20260713,张晶,G,IN,1000.0,0.0001,366000.0,0.0428,14.84,366000.0
300304.SZ,20260713,付红玲,G,IN,711200.0,0.0832,,,12.58,7185000.0
300513.SZ,20260713,新基信息技术集团股份有限公司,C,IN,1590000.0,0.5534,10279800.0,3.5782,,10279800.0
301429.SZ,20260713,唐道远,G,IN,199000.0,0.4521,199000.0,0.4521,,41869200.0
301429.SZ,20260713,张勇,G,IN,26600.0,0.0604,26600.0,0.0604,,11552400.0
301429.SZ,20260713,王斌,G,IN,37200.0,0.0845,37200.0,0.0845,,11563000.0
301032.SZ,20260713,王玲玲,P,IN,952400.0,0.5957,952400.0,0.5957,,952400.0
300304.SZ,20260713,张晶,G,IN,1000.0,0.0001,366000.0,0.0428,14.84,366000.0
300304.SZ,20260713,付红玲,G,IN,711200.0,0.0832,,,12.58,7185000.0
300513.SZ,20260713,新基信息技术集团股份有限公司,C,IN,1590000.0,0.5534,10279800.0,3.5782,,10279800.0
301429.SZ,20260713,唐道远,G,IN,199000.0,0.4521,199000.0,0.4521,,41869200.0
301429.SZ,20260713,张勇,G,IN,26600.0,0.0604,26600.0,0.0604,,11552400.0
301429.SZ,20260713,王斌,G,IN,37200.0,0.0845,37200.0,0.0845,,11563000.0
301032.SZ,20260713,王玲玲,P,IN,952400.0,0.5957,952400.0,0.5957,,952400.0
300304.SZ,20260713,张晶,G,IN,1000.0,0.0001,366000.0,0.0428,14.84,366000.0
300304.SZ,20260713,付红玲,G,IN,711200.0,0.0832,,,12.58,7185000.0
300513.SZ,20260713,新基信息技术集团股份有限公司,C,IN,1590000.0,0.5534,10279800.0,3.5782,,10279800.0
603358.SH,20260714,张耀坤,P,IN,1959708.0,0.4244,36325206.0,7.4421,,36325206.0
000402.SZ,20260714,和谐健康保险股份有限公司,C,IN,36336400.0,1.2158,412003001.0,13.7856,,412003001.0
300639.SZ,20260714,王建瑜,G,IN,664000.0,0.1045,9298446.0,1.4639,4.99,17501782.0
603358.SH,20260714,张耀坤,P,IN,350000.0,0.0758,34715498.0,7.5179,,34715498.0
603358.SH,20260714,张耀坤,P,IN,350000.0,0.0758,34715498.0,7.5179,,34715498.0
300639.SZ,20260714,王建瑜,G,IN,664000.0,0.1045,9298446.0,1.4639,4.99,17501782.0
603358.SH,20260714,张耀坤,P,IN,350000.0,0.0758,34715498.0,7.5179,,34715498.0
300639.SZ,20260714,王建瑜,G,IN,664000.0,0.1045,9298446.0,1.4639,4.99,17501782.0
600703.SH,20260715,林志强,G,IN,750000.0,0.015,1750000.0,0.0351,14.9536,1750000.0
601882.SH,20260715,宁波海天股份有限公司,C,IN,1338800.0,0.2565,203324800.0,38.9511,18.42,203324800.0
603337.SH,20260715,胡彩芳,G,IN,276000.0,0.0583,19338941.0,4.0823,,19338941.0
002083.SZ,20260715,高密安信投资管理股份有限公司,C,IN,1947110.0,0.3236,104130264.0,11.0037,,104130264.0
002072.SZ,20260715,陕西旭强瑞清洁能源集团有限公司,C,IN,1002600.0,0.2728,22457200.0,6.1103,,22457200.0
002072.SZ,20260715,王文选,P,IN,58000.0,0.0158,58000.0,0.0158,,58000.0
002655.SZ,20260715,上海韦豪创芯投资管理有限公司,C,IN,2473800.0,0.6799,26531000.0,7.2915,,26531000.0
300151.SZ,20260715,刘力,G,IN,120000.0,0.0325,,,18.73,620000.0
603656.SH,20260715,阳光新能源开发股份有限公司,C,IN,1868400.0,1.0213,45924126.0,25.1026,,45924126.0
002146.SZ,20260715,王晓辉,G,IN,100100.0,0.0026,100100.0,0.0026,,100100.0
002146.SZ,20260715,隆小康,G,IN,1150000.0,0.0294,1150000.0,0.0294,,1150000.0
002146.SZ,20260715,邹家立,G,IN,1630000.0,0.0417,23820000.0,0.609,,23820000.0
002146.SZ,20260715,王冰,G,IN,1376000.0,0.0352,1376000.0,0.0352,,1376000.0
601882.SH,20260715,宁波海天股份有限公司,C,IN,1338800.0,0.2565,203324800.0,38.9511,18.42,203324800.0
300929.SZ,20260715,王根九,P,IN,3657600.0,2.9177,9178660.0,7.3218,,9178660.0
300929.SZ,20260715,王凤仙,P,IN,544500.0,0.4343,2220800.0,1.7715,,2220800.0
300929.SZ,20260715,王健业,P,IN,1257611.0,1.0032,3591101.0,2.8646,,3591101.0
300151.SZ,20260715,刘力,G,IN,120000.0,0.0325,,,18.73,620000.0
600703.SH,20260715,林志强,G,IN,750000.0,0.015,1750000.0,0.0351,14.9536,1750000.0
002083.SZ,20260715,高密安信投资管理股份有限公司,C,IN,1947110.0,0.3236,104130264.0,11.0037,,104130264.0
002072.SZ,20260715,陕西旭强瑞清洁能源集团有限公司,C,IN,1002600.0,0.2728,22457200.0,6.1103,,22457200.0
002072.SZ,20260715,王文选,P,IN,58000.0,0.0158,58000.0,0.0158,,58000.0
002655.SZ,20260715,上海韦豪创芯投资管理有限公司,C,IN,2473800.0,0.6799,26531000.0,7.2915,,26531000.0
300151.SZ,20260715,刘力,G,IN,120000.0,0.0325,,,18.73,620000.0
603656.SH,20260715,阳光新能源开发股份有限公司,C,IN,1868400.0,1.0213,45924126.0,25.1026,,45924126.0
002146.SZ,20260715,王晓辉,G,IN,100100.0,0.0026,100100.0,0.0026,,100100.0
002146.SZ,20260715,隆小康,G,IN,1150000.0,0.0294,1150000.0,0.0294,,1150000.0
002146.SZ,20260715,邹家立,G,IN,1630000.0,0.0417,23820000.0,0.609,,23820000.0
002146.SZ,20260715,王冰,G,IN,1376000.0,0.0352,1376000.0,0.0352,,1376000.0
600703.SH,20260715,林志强,G,IN,750000.0,0.015,1750000.0,0.0351,14.9536,1750000.0
601882.SH,20260715,宁波海天股份有限公司,C,IN,1338800.0,0.2565,203324800.0,38.9511,18.42,203324800.0
603337.SH,20260715,胡彩芳,G,IN,276000.0,0.0583,19338941.0,4.0823,,19338941.0
300929.SZ,20260715,王根九,P,IN,3657600.0,2.9177,9178660.0,7.3218,,9178660.0
300929.SZ,20260715,王凤仙,P,IN,544500.0,0.4343,2220800.0,1.7715,,2220800.0
300929.SZ,20260715,王健业,P,IN,1257611.0,1.0032,3591101.0,2.8646,,3591101.0
002083.SZ,20260715,高密安信投资管理股份有限公司,C,IN,1947110.0,0.3236,104130264.0,11.0037,,104130264.0
002072.SZ,20260715,陕西旭强瑞清洁能源集团有限公司,C,IN,1002600.0,0.2728,22457200.0,6.1103,,22457200.0
002072.SZ,20260715,王文选,P,IN,58000.0,0.0158,58000.0,0.0158,,58000.0
002655.SZ,20260715,上海韦豪创芯投资管理有限公司,C,IN,2473800.0,0.6799,26531000.0,7.2915,,26531000.0
300151.SZ,20260715,刘力,G,IN,120000.0,0.0325,,,18.73,620000.0
603656.SH,20260715,阳光新能源开发股份有限公司,C,IN,1868400.0,1.0213,45924126.0,25.1026,,45924126.0
002146.SZ,20260715,王晓辉,G,IN,100100.0,0.0026,100100.0,0.0026,,100100.0
002146.SZ,20260715,隆小康,G,IN,1150000.0,0.0294,1150000.0,0.0294,,1150000.0
002146.SZ,20260715,邹家立,G,IN,1630000.0,0.0417,23820000.0,0.609,,23820000.0
002146.SZ,20260715,王冰,G,IN,1376000.0,0.0352,1376000.0,0.0352,,1376000.0
600703.SH,20260715,林志强,G,IN,750000.0,0.015,1750000.0,0.0351,14.9536,1750000.0
601882.SH,20260715,宁波海天股份有限公司,C,IN,1338800.0,0.2565,203324800.0,38.9511,18.42,203324800.0
603337.SH,20260715,胡彩芳,G,IN,276000.0,0.0583,19338941.0,4.0823,,19338941.0
300929.SZ,20260715,王根九,P,IN,3657600.0,2.9177,9178660.0,7.3218,,9178660.0
300929.SZ,20260715,王凤仙,P,IN,544500.0,0.4343,2220800.0,1.7715,,2220800.0
300929.SZ,20260715,王健业,P,IN,1257611.0,1.0032,3591101.0,2.8646,,3591101.0
002079.SZ,20260716,苏州通博电子器材有限公司,C,IN,2016900.0,0.2487,191367855.0,23.5985,,191367855.0
002079.SZ,20260716,苏州通博电子器材有限公司,C,IN,2016900.0,0.2487,191367855.0,23.5983,,191367855.0
300907.SZ,20260716,海南康平控股集团有限公司,C,IN,1440000.0,1.5,42060000.0,43.8125,,42060000.0
300907.SZ,20260716,海南康平控股集团有限公司,C,IN,1440000.0,1.5,42060000.0,43.8125,,42060000.0
002079.SZ,20260716,苏州通博电子器材有限公司,C,IN,2016900.0,0.2487,191367855.0,23.5983,,191367855.0
300907.SZ,20260716,海南康平控股集团有限公司,C,IN,1440000.0,1.5,42060000.0,43.8125,,42060000.0
002079.SZ,20260716,苏州通博电子器材有限公司,C,IN,2016900.0,0.2487,191367855.0,23.5983,,191367855.0
002568.SZ,20260717,刘晓东,G,IN,1208900.0,0.1586,92980226.0,11.8831,,364921602.0
002318.SZ,20260717,湖州一亩田企业管理有限公司,C,IN,629100.0,0.0659,1829100.0,0.1916,17.477,1829100.0
603949.SH,20260717,贺财霖,G,IN,4214724.0,2.0051,25701360.0,12.2268,,25701360.0
300929.SZ,20260717,王根九,P,IN,643260.0,0.5131,9821920.0,7.8349,,9821920.0
300929.SZ,20260717,王凤仙,P,IN,503400.0,0.4016,2724200.0,2.1731,,2724200.0
301023.SZ,20260717,宋益群,P,IN,79100.0,0.1528,79100.0,0.1528,28.37,79100.0
603949.SH,20260717,贺财霖,G,IN,4214724.0,2.0051,25701360.0,12.2268,,25701360.0
301023.SZ,20260717,宋益群,P,IN,79100.0,0.1528,79100.0,0.1528,28.37,79100.0
300929.SZ,20260717,王根九,P,IN,643260.0,0.5131,9821920.0,7.8349,,9821920.0
300929.SZ,20260717,王凤仙,P,IN,503400.0,0.4016,2724200.0,2.1731,,2724200.0
002568.SZ,20260717,刘晓东,G,IN,1208900.0,0.1586,92980226.0,11.8831,,364921602.0
002318.SZ,20260717,湖州一亩田企业管理有限公司,C,IN,629100.0,0.0659,1829100.0,0.1916,17.477,1829100.0
603949.SH,20260717,贺财霖,G,IN,4214724.0,2.0051,25701360.0,12.2268,,25701360.0
301023.SZ,20260717,宋益群,P,IN,79100.0,0.1528,79100.0,0.1528,28.37,79100.0
300929.SZ,20260717,王根九,P,IN,643260.0,0.5131,9821920.0,7.8349,,9821920.0
300929.SZ,20260717,王凤仙,P,IN,503400.0,0.4016,2724200.0,2.1731,,2724200.0
002568.SZ,20260717,刘晓东,G,IN,1208900.0,0.1586,92980226.0,11.8831,,364921602.0
002318.SZ,20260717,湖州一亩田企业管理有限公司,C,IN,629100.0,0.0659,1829100.0,0.1916,17.477,1829100.0
300627.SZ,20260720,朴东国,G,IN,970000.0,0.1478,4412287.0,0.6725,28.13,14739146.0
600761.SH,20260720,安徽叉车集团有限责任公司,C,IN,242000.0,0.0272,319793142.0,35.9039,16.5289,319793142.0
301518.SZ,20260720,江苏长顺集团有限公司,C,IN,220200.0,0.4119,1060551.0,1.984,30.1283,63327402.0
601717.SH,20260720,张易辰,G,IN,13500.0,0.0009,,,14.7556,100500.0
601717.SH,20260720,王永强,G,IN,20000.0,0.0013,,,14.8,302300.0
601717.SH,20260720,李开顺,G,IN,80000.0,0.0052,,,14.885,281000.0
601678.SH,20260720,滨州和宜产业投资合伙企业(有限合伙),C,IN,12988114.0,0.6503,239246686.0,10.0,,239246686.0
601127.SH,20260720,其他团队核心成员,P,IN,1395900.0,0.0896,,,71.6742,
601127.SH,20260720,刘玲,G,IN,18400.0,0.0012,,,55.9783,45892.0
601127.SH,20260720,申薇,G,IN,21300.0,0.0014,,,56.8075,138248.0
601127.SH,20260720,王平,G,IN,42700.0,0.0027,,,55.5035,200283.0
601127.SH,20260720,康波,G,IN,12500.0,0.0008,,,55.2,66997.0
601127.SH,20260720,尹先知,G,IN,36600.0,0.0024,,,53.8251,101848.0
601127.SH,20260720,周林,G,IN,57100.0,0.0037,,,54.9912,298515.0
601127.SH,20260720,刘联,G,IN,21600.0,0.0014,,,56.4815,370648.0
601966.SH,20260720,玲珑集团有限公司,C,IN,923900.0,0.0631,603324522.0,41.2247,,603324522.0
601717.SH,20260720,张易辰,G,IN,13500.0,0.0009,,,14.7556,100500.0
601717.SH,20260720,王永强,G,IN,20000.0,0.0013,,,14.8,302300.0
601717.SH,20260720,李开顺,G,IN,80000.0,0.0052,,,14.885,281000.0
601127.SH,20260720,王平,G,IN,42700.0,0.0027,,,55.5035,200283.0
601127.SH,20260720,康波,G,IN,12500.0,0.0008,,,55.2,66997.0
601127.SH,20260720,周林,G,IN,57100.0,0.0037,,,54.9912,298515.0
300627.SZ,20260720,朴东国,G,IN,970000.0,0.1478,4412287.0,0.6725,28.13,14739146.0
600761.SH,20260720,安徽叉车集团有限责任公司,C,IN,242000.0,0.0272,319793142.0,35.9039,16.5289,319793142.0
301518.SZ,20260720,江苏长顺集团有限公司,C,IN,220200.0,0.4119,1060551.0,1.984,30.1283,63327402.0
601717.SH,20260720,张易辰,G,IN,13500.0,0.0009,,,14.7556,100500.0
601717.SH,20260720,王永强,G,IN,20000.0,0.0013,,,14.8,302300.0
601717.SH,20260720,李开顺,G,IN,80000.0,0.0052,,,14.885,281000.0
601678.SH,20260720,滨州和宜产业投资合伙企业(有限合伙),C,IN,12988114.0,0.6503,239246686.0,10.0,,239246686.0
601127.SH,20260720,刘玲,G,IN,18400.0,0.0012,,,55.9783,45892.0
601127.SH,20260720,申薇,G,IN,21300.0,0.0014,,,56.8075,138248.0
601127.SH,20260720,王平,G,IN,42700.0,0.0027,,,55.5035,200283.0
601127.SH,20260720,康波,G,IN,12500.0,0.0008,,,55.2,66997.0
601127.SH,20260720,尹先知,G,IN,36600.0,0.0024,,,53.8251,101848.0
601127.SH,20260720,周林,G,IN,57100.0,0.0037,,,54.9912,298515.0
601127.SH,20260720,刘联,G,IN,21600.0,0.0014,,,56.4815,370648.0
601966.SH,20260720,玲珑集团有限公司,C,IN,923900.0,0.0631,603324522.0,41.2247,,603324522.0
300627.SZ,20260720,朴东国,G,IN,970000.0,0.1478,4412287.0,0.6725,28.13,14739146.0
600761.SH,20260720,安徽叉车集团有限责任公司,C,IN,242000.0,0.0272,319793142.0,35.9039,16.5289,319793142.0
301518.SZ,20260720,江苏长顺集团有限公司,C,IN,220200.0,0.4119,1060551.0,1.984,30.1283,63327402.0
601717.SH,20260720,张易辰,G,IN,13500.0,0.0009,,,14.7556,100500.0
601717.SH,20260720,王永强,G,IN,20000.0,0.0013,,,14.8,302300.0
601717.SH,20260720,李开顺,G,IN,80000.0,0.0052,,,14.885,281000.0
601678.SH,20260720,滨州和宜产业投资合伙企业(有限合伙),C,IN,12988114.0,0.6503,239246686.0,10.0,,239246686.0
601127.SH,20260720,刘玲,G,IN,18400.0,0.0012,,,55.9783,45892.0
601127.SH,20260720,申薇,G,IN,21300.0,0.0014,,,56.8075,138248.0
601127.SH,20260720,王平,G,IN,42700.0,0.0027,,,55.5035,200283.0
601127.SH,20260720,康波,G,IN,12500.0,0.0008,,,55.2,66997.0
601127.SH,20260720,尹先知,G,IN,36600.0,0.0024,,,53.8251,101848.0
601127.SH,20260720,周林,G,IN,57100.0,0.0037,,,54.9912,298515.0
601127.SH,20260720,刘联,G,IN,21600.0,0.0014,,,56.4815,370648.0
601966.SH,20260720,玲珑集团有限公司,C,IN,923900.0,0.0631,603324522.0,41.2247,,603324522.0
603306.SH,20260721,臧琨,G,IN,22600.0,0.0069,22600.0,0.0069,64.23,22600.0
002714.SZ,20260721,增持主体委托设立的信托计划,C,IN,12644570.0,0.3854,,,39.5427,
600770.SH,20260721,南通综艺投资有限公司,C,IN,2307400.0,0.1775,261263109.0,20.0972,5.7019,261263109.0
601009.SH,20260721,江苏交通控股有限公司,C,IN,122672959.0,0.9922,1854535105.0,15.0,,1854535105.0
605138.SH,20260721,宁波盛泰纺织有限公司,C,IN,4126400.0,0.7427,183754624.0,33.0749,5.788,183754624.0
002102.SZ,20260721,梅平,G,IN,100000.0,0.0046,,,,
600075.SH,20260721,新疆天业(集团)有限公司,C,IN,9736040.0,0.5701,735355150.0,43.0587,4.153,735355150.0
603098.SH,20260721,刘爱森,G,IN,3831349.0,0.7111,140469505.0,26.0708,14.437,140469505.0
603927.SH,20260721,左春,G,IN,37200.0,0.0045,8109264.0,0.9758,13.0699,8109264.0
603927.SH,20260721,孙熙杰,G,IN,89700.0,0.0108,4858722.0,0.5847,12.8506,4858722.0
603927.SH,20260721,张志华,G,IN,40000.0,0.0048,5263806.0,0.6334,12.91,5263806.0
603927.SH,20260721,王欣,G,IN,20000.0,0.0024,2470897.0,0.2973,13.0,2470897.0
603927.SH,20260721,孙静,G,IN,30000.0,0.0036,5751136.0,0.692,12.99,5751136.0
688116.SH,20260721,王鸣光,G,IN,1386.0,0.0004,,,,
002661.SZ,20260721,南县中香泰食品有限公司,C,IN,911700.0,0.287,31319920.0,9.8581,,31319920.0
600188.SH,20260721,山东能源集团有限公司,C,IN,997790.0,0.0167,5304897211.0,0.0099,20.28,5304897211.0
000695.SZ,20260721,旭阳集团有限公司,C,IN,2370000.0,1.0685,43256000.0,19.5013,,43256000.0
002615.SZ,20260721,吕丽珍,G,IN,644900.0,0.2135,,,6.9788,21936400.0
002615.SZ,20260721,欧阳波,G,IN,320000.0,0.1059,,,6.41,14413800.0
002615.SZ,20260721,邵巧蓉,G,IN,30000.0,0.0099,,,6.75,630000.0
601882.SH,20260721,宁波海天股份有限公司,C,IN,424200.0,0.0813,204704000.0,39.2153,,204704000.0
600197.SH,20260721,新疆伊力特集团有限公司,C,IN,385800.0,0.0815,204049427.0,43.1235,,204049427.0
002943.SZ,20260721,杨佳葳,G,IN,126800.0,0.0671,11111800.0,5.8839,39.7043,44066800.0
601127.SH,20260721,其他团队核心成员,P,IN,1786500.0,0.1147,,,56.0034,
600495.SH,20260721,中兵投资管理有限责任公司,C,IN,4968660.0,0.4112,7899760.0,0.6539,,7899760.0
601009.SH,20260721,江苏交通控股有限公司,C,IN,24397970.0,0.1973,1756260116.0,14.2051,,1756260116.0
601009.SH,20260721,江苏交通控股有限公司,C,IN,25053786.0,0.2026,1781313902.0,14.4078,,1781313902.0
601009.SH,20260721,江苏交通控股有限公司,C,IN,20967438.0,0.1696,1802281340.0,14.5774,,1802281340.0
601009.SH,20260721,江苏交通控股有限公司,C,IN,15920858.0,0.1288,1818202198.0,14.7061,,1818202198.0
601009.SH,20260721,江苏交通控股有限公司,C,IN,20833612.0,0.1685,1839035810.0,14.8746,,1839035810.0
601009.SH,20260721,江苏交通控股有限公司,C,IN,3135800.0,0.0254,1842171610.0,14.9,,1842171610.0
601009.SH,20260721,江苏交通控股有限公司,C,IN,2371700.0,0.0192,1844543310.0,14.9192,,1844543310.0
601009.SH,20260721,江苏交通控股有限公司,C,IN,9991795.0,0.0808,1854535105.0,15.0,,1854535105.0
600188.SH,20260721,山东能源集团有限公司,C,IN,997790.0,0.0167,,,20.28,
002615.SZ,20260721,吕丽珍,G,IN,644900.0,0.2135,,,6.9788,21936400.0
605138.SH,20260721,宁波盛泰纺织有限公司,C,IN,1117600.0,0.2012,183754624.0,33.0749,,183754624.0
300014.SZ,20260721,刘建华,G,IN,100000.0,0.0047,,,52.99,20314393.0
002661.SZ,20260721,南县中香泰食品有限公司,C,IN,911700.0,0.286,31319920.0,9.8581,,31319920.0
600197.SH,20260721,新疆伊力特集团有限公司,C,IN,385800.0,0.0816,204049427.0,43.1235,,204049427.0
301004.SZ,20260721,浙江嘉韶云华投资管理有限公司,C,IN,346700.0,0.2547,69252950.0,50.8811,33.383,69252950.0
002615.SZ,20260721,邵巧蓉,G,IN,30000.0,0.0099,,,6.75,630000.0
603306.SH,20260721,臧琨,G,IN,22600.0,0.0069,22600.0,0.0069,64.23,22600.0
603098.SH,20260721,刘爱森,G,IN,3831349.0,0.7111,140469505.0,26.0708,14.437,140469505.0
603927.SH,20260721,左春,G,IN,37200.0,0.0045,8109264.0,0.9758,13.0699,8109264.0
603927.SH,20260721,孙熙杰,G,IN,89700.0,0.0108,4858722.0,0.5847,12.8506,4858722.0
603927.SH,20260721,张志华,G,IN,40000.0,0.0048,5263806.0,0.6334,12.91,5263806.0
603927.SH,20260721,王欣,G,IN,20000.0,0.0024,2470897.0,0.2973,13.0,2470897.0
603927.SH,20260721,孙静,G,IN,30000.0,0.0036,5751136.0,0.692,12.99,5751136.0
002661.SZ,20260721,南县中香泰食品有限公司,C,IN,911700.0,0.287,31319920.0,9.8581,,31319920.0
600197.SH,20260721,新疆伊力特集团有限公司,C,IN,385800.0,0.0815,204049427.0,43.1235,,204049427.0
600495.SH,20260721,中兵投资管理有限责任公司,C,IN,4968660.0,0.4112,7899760.0,0.6539,,7899760.0
601009.SH,20260721,江苏交通控股有限公司,C,IN,24397970.0,0.1973,1756260116.0,14.2051,,1756260116.0
601009.SH,20260721,江苏交通控股有限公司,C,IN,25053786.0,0.2026,1781313902.0,14.4078,,1781313902.0
601009.SH,20260721,江苏交通控股有限公司,C,IN,20967438.0,0.1696,1802281340.0,14.5774,,1802281340.0
601009.SH,20260721,江苏交通控股有限公司,C,IN,15920858.0,0.1288,1818202198.0,14.7061,,1818202198.0
601009.SH,20260721,江苏交通控股有限公司,C,IN,20833612.0,0.1685,1839035810.0,14.8746,,1839035810.0
601009.SH,20260721,江苏交通控股有限公司,C,IN,3135800.0,0.0254,1842171610.0,14.9,,1842171610.0
601009.SH,20260721,江苏交通控股有限公司,C,IN,2371700.0,0.0192,1844543310.0,14.9192,,1844543310.0
601009.SH,20260721,江苏交通控股有限公司,C,IN,9991795.0,0.0808,1854535105.0,15.0,,1854535105.0
300014.SZ,20260721,刘建华,G,IN,100000.0,0.0047,,,52.99,20314393.0
002661.SZ,20260721,南县中香泰食品有限公司,C,IN,911700.0,0.287,31319920.0,9.8581,,31319920.0
600188.SH,20260721,山东能源集团有限公司,C,IN,997790.0,0.0167,,,20.28,
000695.SZ,20260721,旭阳集团有限公司,C,IN,2370000.0,1.0685,43256000.0,19.5013,,43256000.0
002615.SZ,20260721,吕丽珍,G,IN,644900.0,0.2135,,,6.9788,21936400.0
002615.SZ,20260721,欧阳波,G,IN,320000.0,0.1059,,,6.41,14413800.0
002615.SZ,20260721,邵巧蓉,G,IN,30000.0,0.0099,,,6.75,630000.0
601882.SH,20260721,宁波海天股份有限公司,C,IN,424200.0,0.0813,204704000.0,39.2153,,204704000.0
600197.SH,20260721,新疆伊力特集团有限公司,C,IN,385800.0,0.0815,204049427.0,43.1235,,204049427.0
002943.SZ,20260721,杨佳葳,G,IN,126800.0,0.0671,11111800.0,5.8839,39.7043,44066800.0
603306.SH,20260721,臧琨,G,IN,22600.0,0.0069,22600.0,0.0069,64.23,22600.0
002714.SZ,20260721,增持主体委托设立的信托计划,C,IN,12644570.0,0.3854,,,39.5427,
600770.SH,20260721,南通综艺投资有限公司,C,IN,2307400.0,0.1775,261263109.0,20.0972,5.7019,261263109.0
605138.SH,20260721,宁波盛泰纺织有限公司,C,IN,1117600.0,0.2012,183754624.0,33.0749,,183754624.0
002102.SZ,20260721,梅平,G,IN,100000.0,0.0046,,,,
600075.SH,20260721,新疆天业(集团)有限公司,C,IN,9736040.0,0.5701,735355150.0,43.0587,4.153,735355150.0
603098.SH,20260721,刘爱森,G,IN,3831349.0,0.7111,140469505.0,26.0708,14.437,140469505.0
603927.SH,20260721,左春,G,IN,37200.0,0.0045,8109264.0,0.9758,13.0699,8109264.0
603927.SH,20260721,孙熙杰,G,IN,89700.0,0.0108,4858722.0,0.5847,12.8506,4858722.0
603927.SH,20260721,张志华,G,IN,40000.0,0.0048,5263806.0,0.6334,12.91,5263806.0
603927.SH,20260721,王欣,G,IN,20000.0,0.0024,2470897.0,0.2973,13.0,2470897.0
603927.SH,20260721,孙静,G,IN,30000.0,0.0036,5751136.0,0.692,12.99,5751136.0
688116.SH,20260721,王鸣光,G,IN,1386.0,0.0004,,,,
601127.SH,20260721,其他团队核心成员,P,IN,1786500.0,0.1147,,,56.0034,
301004.SZ,20260721,浙江嘉韶云华投资管理有限公司,C,IN,346700.0,0.2547,69252950.0,50.8811,33.383,69252950.0
600495.SH,20260721,中兵投资管理有限责任公司,C,IN,4968660.0,0.4112,7899760.0,0.6539,,7899760.0
601009.SH,20260721,江苏交通控股有限公司,C,IN,24397970.0,0.1973,1756260116.0,14.2051,,1756260116.0
601009.SH,20260721,江苏交通控股有限公司,C,IN,25053786.0,0.2026,1781313902.0,14.4078,,1781313902.0
601009.SH,20260721,江苏交通控股有限公司,C,IN,20967438.0,0.1696,1802281340.0,14.5774,,1802281340.0
601009.SH,20260721,江苏交通控股有限公司,C,IN,15920858.0,0.1288,1818202198.0,14.7061,,1818202198.0
601009.SH,20260721,江苏交通控股有限公司,C,IN,20833612.0,0.1685,1839035810.0,14.8746,,1839035810.0
601009.SH,20260721,江苏交通控股有限公司,C,IN,3135800.0,0.0254,1842171610.0,14.9,,1842171610.0
601009.SH,20260721,江苏交通控股有限公司,C,IN,2371700.0,0.0192,1844543310.0,14.9192,,1844543310.0
601009.SH,20260721,江苏交通控股有限公司,C,IN,9991795.0,0.0808,1854535105.0,15.0,,1854535105.0
300014.SZ,20260721,刘建华,G,IN,100000.0,0.0047,,,52.99,20314393.0
002661.SZ,20260721,南县中香泰食品有限公司,C,IN,911700.0,0.287,31319920.0,9.8581,,31319920.0
600188.SH,20260721,山东能源集团有限公司,C,IN,997790.0,0.0167,,,20.28,
000695.SZ,20260721,旭阳集团有限公司,C,IN,2370000.0,1.0685,43256000.0,19.5013,,43256000.0
002615.SZ,20260721,吕丽珍,G,IN,644900.0,0.2135,,,6.9788,21936400.0
002615.SZ,20260721,欧阳波,G,IN,320000.0,0.1059,,,6.41,14413800.0
002615.SZ,20260721,邵巧蓉,G,IN,30000.0,0.0099,,,6.75,630000.0
601882.SH,20260721,宁波海天股份有限公司,C,IN,424200.0,0.0813,204704000.0,39.2153,,204704000.0
600197.SH,20260721,新疆伊力特集团有限公司,C,IN,385800.0,0.0815,204049427.0,43.1235,,204049427.0
002943.SZ,20260721,杨佳葳,G,IN,126800.0,0.0671,11111800.0,5.8839,39.7043,44066800.0
603306.SH,20260721,臧琨,G,IN,22600.0,0.0069,22600.0,0.0069,64.23,22600.0
002714.SZ,20260721,增持主体委托设立的信托计划,C,IN,12644570.0,0.3854,,,39.5427,
600770.SH,20260721,南通综艺投资有限公司,C,IN,2307400.0,0.1775,261263109.0,20.0972,5.7019,261263109.0
605138.SH,20260721,宁波盛泰纺织有限公司,C,IN,1117600.0,0.2012,183754624.0,33.0749,,183754624.0
002102.SZ,20260721,梅平,G,IN,100000.0,0.0046,,,,
600075.SH,20260721,新疆天业(集团)有限公司,C,IN,9736040.0,0.5701,735355150.0,43.0587,4.153,735355150.0
603098.SH,20260721,刘爱森,G,IN,3831349.0,0.7111,140469505.0,26.0708,14.437,140469505.0
603927.SH,20260721,左春,G,IN,37200.0,0.0045,8109264.0,0.9758,13.0699,8109264.0
603927.SH,20260721,孙熙杰,G,IN,89700.0,0.0108,4858722.0,0.5847,12.8506,4858722.0
603927.SH,20260721,张志华,G,IN,40000.0,0.0048,5263806.0,0.6334,12.91,5263806.0
603927.SH,20260721,王欣,G,IN,20000.0,0.0024,2470897.0,0.2973,13.0,2470897.0
603927.SH,20260721,孙静,G,IN,30000.0,0.0036,5751136.0,0.692,12.99,5751136.0
688116.SH,20260721,王鸣光,G,IN,1386.0,0.0004,,,,
601127.SH,20260721,其他团队核心成员,P,IN,1786500.0,0.1147,,,56.0034,
301004.SZ,20260721,浙江嘉韶云华投资管理有限公司,C,IN,346700.0,0.2547,69252950.0,50.8811,33.383,69252950.0
001322.SZ,20260722,佛山市乐华恒业实业投资有限公司,C,IN,161100.0,0.0205,480161100.0,61.1194,6.2017,480161100.0
002072.SZ,20260722,王文选,P,IN,3387300.0,0.9216,3445300.0,0.9374,,3445300.0
920519.BJ,20260722,汪希领,G,IN,15000.0,0.0189,,,9.2513,823894.0
002416.SZ,20260722,周友盟,G,IN,2210100.0,0.1806,,,9.193,3130000.0
002416.SZ,20260722,米泽东,G,IN,344700.0,0.0282,,,8.9836,715480.0
002416.SZ,20260722,李振,G,IN,215700.0,0.0176,215700.0,0.0176,9.534,215700.0
002416.SZ,20260722,吴海南,G,IN,130900.0,0.0107,130900.0,0.0107,9.181,130900.0
002416.SZ,20260722,陈亮,P,IN,7000.0,0.0006,,,9.2057,177300.0
002416.SZ,20260722,崔国峰,P,IN,39000.0,0.0032,39000.0,0.0032,9.025,39000.0
002416.SZ,20260722,王斌,P,IN,107300.0,0.0088,107300.0,0.0088,9.323,107300.0
002416.SZ,20260722,张尧,P,IN,54000.0,0.0044,54000.0,0.0044,9.318,54000.0
002416.SZ,20260722,方华,P,IN,19100.0,0.0016,19100.0,0.0016,9.377,19100.0
002568.SZ,20260722,马良,G,IN,581500.0,0.0763,581500.0,0.0763,17.1702,581500.0
002568.SZ,20260722,刘嘉瑞,G,IN,605000.0,0.0794,605000.0,0.0794,16.6749,605000.0
002568.SZ,20260722,喻晨,G,IN,296300.0,0.0389,,,16.8687,342100.0
000695.SZ,20260722,旭阳集团有限公司,C,IN,2300000.0,1.0369,45556000.0,20.5382,,45556000.0
001205.SZ,20260722,万达控股集团有限公司,C,IN,654000.0,0.3928,22368818.0,13.436,12.6074,22368818.0
000988.SZ,20260722,马新强,G,IN,50000.0,0.005,,,99.37,350000.0
000988.SZ,20260722,刘含树,G,IN,29900.0,0.003,,,95.27,180000.0
000988.SZ,20260722,熊文,G,IN,20000.0,0.002,,,95.27,153300.0
000988.SZ,20260722,张勤,G,IN,20000.0,0.002,,,101.13,116000.0
000988.SZ,20260722,王霞,G,IN,20000.0,0.002,,,96.67,30000.0
002798.SZ,20260722,成都水华智能科技集团有限公司,C,IN,2048400.0,0.3964,25235521.0,4.8835,,25235521.0
600052.SH,20260722,野风集团有限公司,C,IN,568000.0,0.0673,5160000.0,0.6112,,5160000.0
300286.SZ,20260722,周中,G,IN,130000.0,0.0626,9929497.0,4.779,19.18,39327988.0
300286.SZ,20260722,朱芳,G,IN,263000.0,0.1266,,,18.99,12240752.0
600052.SH,20260722,浙江野风创业投资有限公司,C,IN,80000.0,0.0095,1530000.0,0.1812,,1530000.0
000656.SZ,20260722,郭伟,G,IN,511100.0,0.0067,511100.0,0.0067,1.2279,
000656.SZ,20260722,李根,G,IN,666500.0,0.0088,666500.0,0.0088,1.1851,
000656.SZ,20260722,杨鹏,G,IN,599000.0,0.0079,599000.0,0.0079,1.2589,
000595.SZ,20260722,宁夏电力投资集团有限公司,C,IN,4750000.0,0.4172,214416551.0,18.8307,,214416551.0
688350.SH,20260722,钱鑫,G,IN,2864800.0,1.9999,5729600.0,3.9999,18.83,5729600.0
603659.SH,20260722,韩钟伟,G,IN,340000.0,0.0159,,,,
603659.SH,20260722,韩钟伟,G,IN,110000.0,0.0051,,,,
603659.SH,20260722,王晓明,G,IN,442000.0,0.0207,,,,
603659.SH,20260722,刘芳,G,IN,190400.0,0.0089,,,,
603659.SH,20260722,刘勇标,G,IN,340000.0,0.0159,,,,
603659.SH,20260722,熊高权,G,IN,153000.0,0.0072,,,,
603659.SH,20260722,张小全,G,IN,153000.0,0.0072,,,,
688117.SH,20260722,四川赛诺投资有限公司,C,IN,2005462.0,0.9102,68959062.0,31.2966,24.895,68959062.0
688557.SH,20260722,张小艺,G,IN,69300.0,0.0675,,,,1476214.0
688557.SH,20260722,沈长鹏,G,IN,29225.0,0.0197,,,,700181.0
688557.SH,20260722,林茂,G,IN,28830.0,0.0194,,,,598050.0
688557.SH,20260722,董新军,G,IN,16118.0,0.0109,,,,62083.0
688117.SH,20260722,四川赛诺投资有限公司,C,IN,2005462.0,0.9102,68959062.0,31.2966,24.895,68959062.0
688557.SH,20260722,张小艺,G,IN,69300.0,0.0675,,,,1476214.0
688557.SH,20260722,沈长鹏,G,IN,29225.0,0.0197,,,,700181.0
688557.SH,20260722,林茂,G,IN,28830.0,0.0194,,,,598050.0
688557.SH,20260722,董新军,G,IN,16118.0,0.0109,,,,62083.0
001322.SZ,20260722,佛山市乐华恒业实业投资有限公司,C,IN,161100.0,0.0205,480161100.0,61.1194,6.2017,480161100.0
920519.BJ,20260722,汪希领,G,IN,15000.0,0.0189,,,9.2513,823894.0
002416.SZ,20260722,米泽东,G,IN,344700.0,0.0282,,,8.9836,715480.0
001205.SZ,20260722,万达控股集团有限公司,C,IN,654000.0,0.3928,22368818.0,13.436,12.6074,22368818.0
300407.SZ,20260722,佳都科技集团股份有限公司,C,IN,2152000.0,0.8307,38838852.0,14.9915,,38838852.0
300286.SZ,20260722,周中,G,IN,130000.0,0.0626,9929497.0,4.779,19.18,39327988.0
300286.SZ,20260722,朱芳,G,IN,263000.0,0.1266,,,18.99,12240752.0
000656.SZ,20260722,郭伟,G,IN,511100.0,0.0067,511100.0,0.0067,1.2279,
002416.SZ,20260722,周友盟,G,IN,2210100.0,0.1806,,,9.193,3130000.0
000988.SZ,20260722,马新强,G,IN,50000.0,0.005,,,99.37,350000.0
000988.SZ,20260722,刘含树,G,IN,29900.0,0.003,,,95.27,180000.0
000988.SZ,20260722,熊文,G,IN,20000.0,0.002,,,95.27,153300.0
000988.SZ,20260722,张勤,G,IN,20000.0,0.002,,,101.13,116000.0
000988.SZ,20260722,王霞,G,IN,20000.0,0.002,,,96.67,30000.0
300407.SZ,20260722,佳都科技集团股份有限公司,C,IN,2152000.0,0.8307,38838852.0,14.9915,,38838852.0
300183.SZ,20260722,广东南海产业集团有限公司,C,IN,3337175.0,0.8994,6546075.0,1.7643,9.6359,6546075.0
688350.SH,20260722,钱鑫,G,IN,2864800.0,1.9999,5729600.0,3.9999,18.83,5729600.0
002798.SZ,20260722,成都水华智能科技集团有限公司,C,IN,2048400.0,0.3964,25235521.0,4.8835,,25235521.0
600052.SH,20260722,野风集团有限公司,C,IN,568000.0,0.0673,5160000.0,0.6112,,5160000.0
300286.SZ,20260722,周中,G,IN,130000.0,0.0626,9929497.0,4.779,19.18,39327988.0
300286.SZ,20260722,朱芳,G,IN,263000.0,0.1266,,,18.99,12240752.0
600052.SH,20260722,浙江野风创业投资有限公司,C,IN,80000.0,0.0095,1530000.0,0.1812,,1530000.0
000656.SZ,20260722,郭伟,G,IN,511100.0,0.0067,511100.0,0.0067,1.2279,
000656.SZ,20260722,李根,G,IN,666500.0,0.0088,666500.0,0.0088,1.1851,
000656.SZ,20260722,杨鹏,G,IN,599000.0,0.0079,599000.0,0.0079,1.2589,
000595.SZ,20260722,宁夏电力投资集团有限公司,C,IN,4750000.0,0.4172,214416551.0,18.8307,,214416551.0
688350.SH,20260722,钱鑫,G,IN,2864800.0,1.9999,5729600.0,3.9999,18.83,5729600.0
603659.SH,20260722,韩钟伟,G,IN,340000.0,0.0159,,,,
603659.SH,20260722,韩钟伟,G,IN,110000.0,0.0051,,,,
603659.SH,20260722,王晓明,G,IN,442000.0,0.0207,,,,
603659.SH,20260722,刘芳,G,IN,190400.0,0.0089,,,,
603659.SH,20260722,刘勇标,G,IN,340000.0,0.0159,,,,
603659.SH,20260722,熊高权,G,IN,153000.0,0.0072,,,,
603659.SH,20260722,张小全,G,IN,153000.0,0.0072,,,,
688117.SH,20260722,四川赛诺投资有限公司,C,IN,2005462.0,0.9102,68959062.0,31.2966,24.895,68959062.0
688557.SH,20260722,张小艺,G,IN,69300.0,0.0675,,,,1476214.0
688557.SH,20260722,沈长鹏,G,IN,29225.0,0.0197,,,,700181.0
688557.SH,20260722,林茂,G,IN,28830.0,0.0194,,,,598050.0
688557.SH,20260722,董新军,G,IN,16118.0,0.0109,,,,62083.0
001322.SZ,20260722,佛山市乐华恒业实业投资有限公司,C,IN,161100.0,0.0205,480161100.0,61.1194,6.2017,480161100.0
002072.SZ,20260722,王文选,P,IN,3387300.0,0.9216,3445300.0,0.9374,,3445300.0
920519.BJ,20260722,汪希领,G,IN,15000.0,0.0189,,,9.2513,823894.0
002416.SZ,20260722,周友盟,G,IN,2210100.0,0.1806,,,9.193,3130000.0
002416.SZ,20260722,米泽东,G,IN,344700.0,0.0282,,,8.9836,715480.0
002416.SZ,20260722,李振,G,IN,215700.0,0.0176,215700.0,0.0176,9.534,215700.0
002416.SZ,20260722,吴海南,G,IN,130900.0,0.0107,130900.0,0.0107,9.181,130900.0
002416.SZ,20260722,陈亮,P,IN,7000.0,0.0006,,,9.2057,177300.0
002416.SZ,20260722,崔国峰,P,IN,39000.0,0.0032,39000.0,0.0032,9.025,39000.0
002416.SZ,20260722,王斌,P,IN,107300.0,0.0088,107300.0,0.0088,9.323,107300.0
002416.SZ,20260722,张尧,P,IN,54000.0,0.0044,54000.0,0.0044,9.318,54000.0
002416.SZ,20260722,方华,P,IN,19100.0,0.0016,19100.0,0.0016,9.377,19100.0
002568.SZ,20260722,马良,G,IN,581500.0,0.0763,581500.0,0.0763,17.1702,581500.0
002568.SZ,20260722,刘嘉瑞,G,IN,605000.0,0.0794,605000.0,0.0794,16.6749,605000.0
002568.SZ,20260722,喻晨,G,IN,296300.0,0.0389,,,16.8687,342100.0
000695.SZ,20260722,旭阳集团有限公司,C,IN,2300000.0,1.0369,45556000.0,20.5382,,45556000.0
001205.SZ,20260722,万达控股集团有限公司,C,IN,654000.0,0.3928,22368818.0,13.436,12.6074,22368818.0
000988.SZ,20260722,马新强,G,IN,50000.0,0.005,,,99.37,350000.0
000988.SZ,20260722,刘含树,G,IN,29900.0,0.003,,,95.27,180000.0
000988.SZ,20260722,熊文,G,IN,20000.0,0.002,,,95.27,153300.0
000988.SZ,20260722,张勤,G,IN,20000.0,0.002,,,101.13,116000.0
000988.SZ,20260722,王霞,G,IN,20000.0,0.002,,,96.67,30000.0
300407.SZ,20260722,佳都科技集团股份有限公司,C,IN,2152000.0,0.8307,38838852.0,14.9915,,38838852.0
300183.SZ,20260722,广东南海产业集团有限公司,C,IN,3337175.0,0.8994,6546075.0,1.7643,9.6359,6546075.0
002798.SZ,20260722,成都水华智能科技集团有限公司,C,IN,2048400.0,0.3964,25235521.0,4.8835,,25235521.0
600052.SH,20260722,野风集团有限公司,C,IN,568000.0,0.0673,5160000.0,0.6112,,5160000.0
300286.SZ,20260722,周中,G,IN,130000.0,0.0626,9929497.0,4.779,19.18,39327988.0
300286.SZ,20260722,朱芳,G,IN,263000.0,0.1266,,,18.99,12240752.0
600052.SH,20260722,浙江野风创业投资有限公司,C,IN,80000.0,0.0095,1530000.0,0.1812,,1530000.0
000656.SZ,20260722,郭伟,G,IN,511100.0,0.0067,511100.0,0.0067,1.2279,
000656.SZ,20260722,李根,G,IN,666500.0,0.0088,666500.0,0.0088,1.1851,
000656.SZ,20260722,杨鹏,G,IN,599000.0,0.0079,599000.0,0.0079,1.2589,
000595.SZ,20260722,宁夏电力投资集团有限公司,C,IN,4750000.0,0.4172,214416551.0,18.8307,,214416551.0
688350.SH,20260722,钱鑫,G,IN,2864800.0,1.9999,5729600.0,3.9999,18.83,5729600.0
603659.SH,20260722,韩钟伟,G,IN,340000.0,0.0159,,,,
603659.SH,20260722,韩钟伟,G,IN,110000.0,0.0051,,,,
603659.SH,20260722,王晓明,G,IN,442000.0,0.0207,,,,
603659.SH,20260722,刘芳,G,IN,190400.0,0.0089,,,,
603659.SH,20260722,刘勇标,G,IN,340000.0,0.0159,,,,
603659.SH,20260722,熊高权,G,IN,153000.0,0.0072,,,,
603659.SH,20260722,张小全,G,IN,153000.0,0.0072,,,,
688117.SH,20260722,四川赛诺投资有限公司,C,IN,2005462.0,0.9102,68959062.0,31.2966,24.895,68959062.0
688557.SH,20260722,张小艺,G,IN,69300.0,0.0675,,,,1476214.0
688557.SH,20260722,沈长鹏,G,IN,29225.0,0.0197,,,,700181.0
688557.SH,20260722,林茂,G,IN,28830.0,0.0194,,,,598050.0
688557.SH,20260722,董新军,G,IN,16118.0,0.0109,,,,62083.0
001322.SZ,20260722,佛山市乐华恒业实业投资有限公司,C,IN,161100.0,0.0205,480161100.0,61.1194,6.2017,480161100.0
002072.SZ,20260722,王文选,P,IN,3387300.0,0.9216,3445300.0,0.9374,,3445300.0
920519.BJ,20260722,汪希领,G,IN,15000.0,0.0189,,,9.2513,823894.0
002416.SZ,20260722,周友盟,G,IN,2210100.0,0.1806,,,9.193,3130000.0
002416.SZ,20260722,米泽东,G,IN,344700.0,0.0282,,,8.9836,715480.0
002416.SZ,20260722,李振,G,IN,215700.0,0.0176,215700.0,0.0176,9.534,215700.0
002416.SZ,20260722,吴海南,G,IN,130900.0,0.0107,130900.0,0.0107,9.181,130900.0
002416.SZ,20260722,陈亮,P,IN,7000.0,0.0006,,,9.2057,177300.0
002416.SZ,20260722,崔国峰,P,IN,39000.0,0.0032,39000.0,0.0032,9.025,39000.0
002416.SZ,20260722,王斌,P,IN,107300.0,0.0088,107300.0,0.0088,9.323,107300.0
002416.SZ,20260722,张尧,P,IN,54000.0,0.0044,54000.0,0.0044,9.318,54000.0
002416.SZ,20260722,方华,P,IN,19100.0,0.0016,19100.0,0.0016,9.377,19100.0
002568.SZ,20260722,马良,G,IN,581500.0,0.0763,581500.0,0.0763,17.1702,581500.0
002568.SZ,20260722,刘嘉瑞,G,IN,605000.0,0.0794,605000.0,0.0794,16.6749,605000.0
002568.SZ,20260722,喻晨,G,IN,296300.0,0.0389,,,16.8687,342100.0
000695.SZ,20260722,旭阳集团有限公司,C,IN,2300000.0,1.0369,45556000.0,20.5382,,45556000.0
001205.SZ,20260722,万达控股集团有限公司,C,IN,654000.0,0.3928,22368818.0,13.436,12.6074,22368818.0
000988.SZ,20260722,马新强,G,IN,50000.0,0.005,,,99.37,350000.0
000988.SZ,20260722,刘含树,G,IN,29900.0,0.003,,,95.27,180000.0
000988.SZ,20260722,熊文,G,IN,20000.0,0.002,,,95.27,153300.0
000988.SZ,20260722,张勤,G,IN,20000.0,0.002,,,101.13,116000.0
000988.SZ,20260722,王霞,G,IN,20000.0,0.002,,,96.67,30000.0
300407.SZ,20260722,佳都科技集团股份有限公司,C,IN,2152000.0,0.8307,38838852.0,14.9915,,38838852.0
300183.SZ,20260722,广东南海产业集团有限公司,C,IN,3337175.0,0.8994,6546075.0,1.7643,9.6359,6546075.0
600338.SH,20260723,西藏珠峰资源股份有限公司-2026年员工持股计划,C,IN,3930000.0,0.4299,,,11.55,
002096.SZ,20260723,邹七平,G,IN,11200.0,0.0009,11200.0,0.0009,8.8839,11200.0
002096.SZ,20260723,胡良伟,G,IN,26600.0,0.0021,26600.0,0.0021,9.3985,26600.0
002096.SZ,20260723,宋龙梅,G,IN,54800.0,0.0044,54800.0,0.0044,9.4197,54800.0
002096.SZ,20260723,张震宇,P,IN,53800.0,0.0043,53800.0,0.0043,9.29,53800.0
002278.SZ,20260723,上海畅怡投资管理有限公司,C,IN,528400.0,0.1473,528400.0,0.1473,6.976,528400.0
300185.SZ,20260723,山东国惠资本有限公司,C,IN,1397600.0,0.0363,605430300.0,15.7399,2.73,605430300.0
003015.SZ,20260723,彭磊,G,IN,83100.0,0.0336,83100.0,0.0336,12.637,83100.0
003015.SZ,20260723,徐一佳,G,IN,8000.0,0.0032,,,12.5013,233231.0
002146.SZ,20260723,邹家立,G,IN,30000.0,0.0008,23850000.0,0.6097,,23850000.0
002146.SZ,20260723,吴秋云,G,IN,40600.0,0.001,40600.0,0.001,1.0948,40600.0
002146.SZ,20260723,穆旸,G,IN,31000.0,0.0008,31000.0,0.0008,1.1003,31000.0
002146.SZ,20260723,隆小康,G,IN,16100.0,0.0004,1166100.0,0.0298,,1166100.0
600810.SH,20260723,中国平煤神马控股集团有限公司,C,IN,3602000.0,0.3333,447049364.0,41.3646,,447049364.0
002146.SZ,20260723,王冰,G,IN,2400.0,0.0001,1378400.0,0.0352,,1378400.0
002146.SZ,20260723,王晓辉,G,IN,320000.0,0.0082,420100.0,0.0107,,420100.0
002096.SZ,20260723,付军,G,IN,76400.0,0.0062,400000.0,0.0322,,400000.0
002096.SZ,20260723,邓小英,G,IN,103700.0,0.0084,301600.0,0.0243,,301600.0
002096.SZ,20260723,张健辉,G,IN,10900.0,0.0009,118000.0,0.0095,,118000.0
002096.SZ,20260723,刘小钧,P,IN,40800.0,0.0033,106300.0,0.0086,,106300.0
002096.SZ,20260723,蔡峰,G,IN,103800.0,0.0084,113800.0,0.0092,,113800.0
002096.SZ,20260723,王志强,G,IN,77000.0,0.0062,92000.0,0.0074,,92000.0
002096.SZ,20260723,刘刚,G,IN,400.0,0.0,109000.0,0.0088,,109000.0
003015.SZ,20260723,陈鑫帅,G,IN,387400.0,0.1566,387400.0,0.1566,13.2244,387400.0
002096.SZ,20260723,邹七平,G,IN,11200.0,0.0009,11200.0,0.0009,8.8839,11200.0
002096.SZ,20260723,胡良伟,G,IN,26600.0,0.0021,26600.0,0.0021,9.3985,26600.0
002096.SZ,20260723,宋龙梅,G,IN,54800.0,0.0044,54800.0,0.0044,9.4197,54800.0
002278.SZ,20260723,上海畅怡投资管理有限公司,C,IN,528400.0,0.1473,528400.0,0.1473,6.976,528400.0
300185.SZ,20260723,山东国惠资本有限公司,C,IN,1397600.0,0.0363,605430300.0,15.7399,2.73,605430300.0
003015.SZ,20260723,彭磊,G,IN,83100.0,0.0336,83100.0,0.0336,12.637,83100.0
003015.SZ,20260723,徐一佳,G,IN,8000.0,0.0032,,,12.5013,233231.0
600338.SH,20260723,西藏珠峰资源股份有限公司-2026年员工持股计划,C,IN,3930000.0,0.4299,,,11.55,
002146.SZ,20260723,邹家立,G,IN,30000.0,0.0008,23850000.0,0.6097,,23850000.0
002146.SZ,20260723,吴秋云,G,IN,40600.0,0.001,40600.0,0.001,1.0948,40600.0
002146.SZ,20260723,穆旸,G,IN,31000.0,0.0008,31000.0,0.0008,1.1003,31000.0
002146.SZ,20260723,隆小康,G,IN,16100.0,0.0004,1166100.0,0.0298,,1166100.0
002146.SZ,20260723,王冰,G,IN,2400.0,0.0001,1378400.0,0.0352,,1378400.0
002146.SZ,20260723,王晓辉,G,IN,320000.0,0.0082,420100.0,0.0107,,420100.0
002096.SZ,20260723,付军,G,IN,76400.0,0.0062,400000.0,0.0322,,400000.0
002096.SZ,20260723,邓小英,G,IN,103700.0,0.0084,301600.0,0.0243,,301600.0
002096.SZ,20260723,张健辉,G,IN,10900.0,0.0009,118000.0,0.0095,,118000.0
002096.SZ,20260723,蔡峰,G,IN,103800.0,0.0084,113800.0,0.0092,,113800.0
002096.SZ,20260723,王志强,G,IN,77000.0,0.0062,92000.0,0.0074,,92000.0
002096.SZ,20260723,刘刚,G,IN,400.0,0.0,109000.0,0.0088,,109000.0
003015.SZ,20260723,陈鑫帅,G,IN,387400.0,0.1566,387400.0,0.1566,13.2244,387400.0
000695.SZ,20260723,旭阳集团有限公司,C,IN,800000.0,0.3607,46356000.0,20.8989,,46356000.0
688386.SH,20260723,张云,G,IN,85500.0,0.094,25450407.0,27.9675,58.5977,25450407.0
000932.SZ,20260723,湖南钢铁集团有限公司,C,IN,38436200.0,0.5609,2346953563.0,34.2491,3.4863,2346953563.0
003008.SZ,20260723,陕西华富新能源有限公司,C,IN,720100.0,0.9265,1199400.0,1.5432,,1199400.0
003008.SZ,20260723,陕西华富新能源有限公司,C,IN,479300.0,0.6167,479300.0,0.6167,,479300.0
003008.SZ,20260723,仵博,P,IN,4091677.0,5.2644,4091677.0,5.2644,,4091677.0
002096.SZ,20260723,邹七平,G,IN,11200.0,0.0009,11200.0,0.0009,8.8839,11200.0
002096.SZ,20260723,胡良伟,G,IN,26600.0,0.0021,26600.0,0.0021,9.3985,26600.0
002096.SZ,20260723,宋龙梅,G,IN,54800.0,0.0044,54800.0,0.0044,9.4197,54800.0
002096.SZ,20260723,张震宇,P,IN,53800.0,0.0043,53800.0,0.0043,9.29,53800.0
002278.SZ,20260723,上海畅怡投资管理有限公司,C,IN,528400.0,0.1473,528400.0,0.1473,6.976,528400.0
300185.SZ,20260723,山东国惠资本有限公司,C,IN,1397600.0,0.0363,605430300.0,15.7399,2.73,605430300.0
003015.SZ,20260723,彭磊,G,IN,83100.0,0.0336,83100.0,0.0336,12.637,83100.0
003015.SZ,20260723,徐一佳,G,IN,8000.0,0.0032,,,12.5013,233231.0
600338.SH,20260723,西藏珠峰资源股份有限公司-2026年员工持股计划,C,IN,3930000.0,0.4299,,,11.55,
002146.SZ,20260723,邹家立,G,IN,30000.0,0.0008,23850000.0,0.6097,,23850000.0
002146.SZ,20260723,吴秋云,G,IN,40600.0,0.001,40600.0,0.001,1.0948,40600.0
002146.SZ,20260723,穆旸,G,IN,31000.0,0.0008,31000.0,0.0008,1.1003,31000.0
002146.SZ,20260723,隆小康,G,IN,16100.0,0.0004,1166100.0,0.0298,,1166100.0
600810.SH,20260723,中国平煤神马控股集团有限公司,C,IN,3602000.0,0.3333,447049364.0,41.3646,,447049364.0
002146.SZ,20260723,王冰,G,IN,2400.0,0.0001,1378400.0,0.0352,,1378400.0
002146.SZ,20260723,王晓辉,G,IN,320000.0,0.0082,420100.0,0.0107,,420100.0
002096.SZ,20260723,付军,G,IN,76400.0,0.0062,400000.0,0.0322,,400000.0
002096.SZ,20260723,邓小英,G,IN,103700.0,0.0084,301600.0,0.0243,,301600.0
002096.SZ,20260723,张健辉,G,IN,10900.0,0.0009,118000.0,0.0095,,118000.0
002096.SZ,20260723,刘小钧,P,IN,40800.0,0.0033,106300.0,0.0086,,106300.0
002096.SZ,20260723,蔡峰,G,IN,103800.0,0.0084,113800.0,0.0092,,113800.0
002096.SZ,20260723,王志强,G,IN,77000.0,0.0062,92000.0,0.0074,,92000.0
002096.SZ,20260723,刘刚,G,IN,400.0,0.0,109000.0,0.0088,,109000.0
003015.SZ,20260723,陈鑫帅,G,IN,387400.0,0.1566,387400.0,0.1566,13.2244,387400.0
000695.SZ,20260723,旭阳集团有限公司,C,IN,800000.0,0.3607,46356000.0,20.8989,,46356000.0
688386.SH,20260723,张云,G,IN,85500.0,0.094,25450407.0,27.9675,58.5977,25450407.0
000932.SZ,20260723,湖南钢铁集团有限公司,C,IN,38436200.0,0.5609,2346953563.0,34.2491,3.4863,2346953563.0
003008.SZ,20260723,陕西华富新能源有限公司,C,IN,720100.0,0.9265,1199400.0,1.5432,,1199400.0
003008.SZ,20260723,陕西华富新能源有限公司,C,IN,479300.0,0.6167,479300.0,0.6167,,479300.0
003008.SZ,20260723,仵博,P,IN,4091677.0,5.2644,4091677.0,5.2644,,4091677.0
002096.SZ,20260723,邹七平,G,IN,11200.0,0.0009,11200.0,0.0009,8.8839,11200.0
002096.SZ,20260723,胡良伟,G,IN,26600.0,0.0021,26600.0,0.0021,9.3985,26600.0
002096.SZ,20260723,宋龙梅,G,IN,54800.0,0.0044,54800.0,0.0044,9.4197,54800.0
002096.SZ,20260723,张震宇,P,IN,53800.0,0.0043,53800.0,0.0043,9.29,53800.0
002278.SZ,20260723,上海畅怡投资管理有限公司,C,IN,528400.0,0.1473,528400.0,0.1473,6.976,528400.0
300185.SZ,20260723,山东国惠资本有限公司,C,IN,1397600.0,0.0363,605430300.0,15.7399,2.73,605430300.0
003015.SZ,20260723,彭磊,G,IN,83100.0,0.0336,83100.0,0.0336,12.637,83100.0
003015.SZ,20260723,徐一佳,G,IN,8000.0,0.0032,,,12.5013,233231.0
600338.SH,20260723,西藏珠峰资源股份有限公司-2026年员工持股计划,C,IN,3930000.0,0.4299,,,11.55,
002146.SZ,20260723,邹家立,G,IN,30000.0,0.0008,23850000.0,0.6097,,23850000.0
002146.SZ,20260723,吴秋云,G,IN,40600.0,0.001,40600.0,0.001,1.0948,40600.0
002146.SZ,20260723,穆旸,G,IN,31000.0,0.0008,31000.0,0.0008,1.1003,31000.0
002146.SZ,20260723,隆小康,G,IN,16100.0,0.0004,1166100.0,0.0298,,1166100.0
600810.SH,20260723,中国平煤神马控股集团有限公司,C,IN,3602000.0,0.3333,447049364.0,41.3646,,447049364.0
002146.SZ,20260723,王冰,G,IN,2400.0,0.0001,1378400.0,0.0352,,1378400.0
002146.SZ,20260723,王晓辉,G,IN,320000.0,0.0082,420100.0,0.0107,,420100.0
002096.SZ,20260723,付军,G,IN,76400.0,0.0062,400000.0,0.0322,,400000.0
002096.SZ,20260723,邓小英,G,IN,103700.0,0.0084,301600.0,0.0243,,301600.0
002096.SZ,20260723,张健辉,G,IN,10900.0,0.0009,118000.0,0.0095,,118000.0
002096.SZ,20260723,刘小钧,P,IN,40800.0,0.0033,106300.0,0.0086,,106300.0
002096.SZ,20260723,蔡峰,G,IN,103800.0,0.0084,113800.0,0.0092,,113800.0
002096.SZ,20260723,王志强,G,IN,77000.0,0.0062,92000.0,0.0074,,92000.0
002096.SZ,20260723,刘刚,G,IN,400.0,0.0,109000.0,0.0088,,109000.0
003015.SZ,20260723,陈鑫帅,G,IN,387400.0,0.1566,387400.0,0.1566,13.2244,387400.0
000695.SZ,20260723,旭阳集团有限公司,C,IN,800000.0,0.3607,46356000.0,20.8989,,46356000.0
688386.SH,20260723,张云,G,IN,85500.0,0.094,25450407.0,27.9675,58.5977,25450407.0
000932.SZ,20260723,湖南钢铁集团有限公司,C,IN,38436200.0,0.5609,2346953563.0,34.2491,3.4863,2346953563.0
003008.SZ,20260723,陕西华富新能源有限公司,C,IN,720100.0,0.9265,1199400.0,1.5432,,1199400.0
003008.SZ,20260723,陕西华富新能源有限公司,C,IN,479300.0,0.6167,479300.0,0.6167,,479300.0
003008.SZ,20260723,仵博,P,IN,4091677.0,5.2644,4091677.0,5.2644,,4091677.0
601588.SH,20260724,北京北辰实业集团有限责任公司,C,IN,11506000.0,0.4326,1209178303.0,35.9124,1.6738,1209178303.0
601717.SH,20260724,付奇,G,IN,48000.0,0.0031,,,15.5333,525000.0
601717.SH,20260724,李开顺,G,IN,53000.0,0.0034,,,15.2189,334000.0
603223.SH,20260724,SONG JIANBO,P,IN,712200.0,0.1009,36003249.0,5.1009,,36003249.0
600187.SH,20260724,丁宏伟,G,IN,490000.0,0.0304,490000.0,0.0304,1.4,490000.0
601717.SH,20260724,贾浩,G,IN,200000.0,0.013,,,15.58,2642300.0
688157.SH,20260724,熊开阔,G,IN,11810.0,0.0063,11810.0,0.0063,,11810.0
002557.SZ,20260724,陈先保,G,IN,1128600.0,0.2238,1594600.0,0.3162,19.2088,1594600.0
601717.SH,20260724,张海斌,G,IN,10000.0,0.0006,,,15.4,761200.0
920640.BJ,20260724,付景超,G,IN,20000.0,0.0111,,,25.4,31000.0
920640.BJ,20260724,常国亮,G,IN,5000.0,0.0028,,,25.5,5000.0
920640.BJ,20260724,蔡亚娟,G,IN,20000.0,0.0111,,,25.5,58101.0
920640.BJ,20260724,朱克元,G,IN,10000.0,0.0055,,,24.85,10000.0
920640.BJ,20260724,党作红,G,IN,5000.0,0.0028,,,25.7,102000.0
920640.BJ,20260724,雷杰,G,IN,5000.0,0.0028,,,25.28,5000.0
601717.SH,20260724,付奇,G,IN,48000.0,0.0031,,,15.5333,525000.0
601717.SH,20260724,李开顺,G,IN,53000.0,0.0034,,,15.2189,334000.0
600187.SH,20260724,丁宏伟,G,IN,490000.0,0.0304,490000.0,0.0304,1.4,490000.0
601717.SH,20260724,贾浩,G,IN,200000.0,0.013,,,15.58,2642300.0
688157.SH,20260724,熊开阔,G,IN,11810.0,0.0063,11810.0,0.0063,,11810.0
601717.SH,20260724,张海斌,G,IN,10000.0,0.0006,,,15.4,761200.0
920640.BJ,20260724,付景超,G,IN,20000.0,0.0111,,,25.4,31000.0
920640.BJ,20260724,常国亮,G,IN,5000.0,0.0028,,,25.5,5000.0
920640.BJ,20260724,蔡亚娟,G,IN,20000.0,0.0111,,,25.5,58101.0
920640.BJ,20260724,朱克元,G,IN,10000.0,0.0055,,,24.85,10000.0
920640.BJ,20260724,党作红,G,IN,5000.0,0.0028,,,25.7,102000.0
920640.BJ,20260724,雷杰,G,IN,5000.0,0.0028,,,25.28,5000.0
301089.SZ,20260724,杨西宁,G,IN,72000.0,0.0796,,,22.2575,34527650.0
301089.SZ,20260724,马冠军,G,IN,500.0,0.0006,,,22.5,500.0
301089.SZ,20260724,邵艳行,P,IN,27400.0,0.0303,,,22.4664,31200.0
688157.SH,20260724,熊开阔,G,IN,11810.0,0.0063,11810.0,0.0063,,11810.0
301089.SZ,20260724,杨西宁,G,IN,72000.0,0.0796,,,22.2575,34527650.0
301089.SZ,20260724,马冠军,G,IN,500.0,0.0006,,,22.5,500.0
920640.BJ,20260724,付景超,G,IN,20000.0,0.0111,,,25.4,31000.0
920640.BJ,20260724,常国亮,G,IN,5000.0,0.0028,,,25.5,5000.0
920640.BJ,20260724,蔡亚娟,G,IN,20000.0,0.0111,,,25.5,58101.0
920640.BJ,20260724,朱克元,G,IN,10000.0,0.0055,,,24.85,10000.0
920640.BJ,20260724,党作红,G,IN,5000.0,0.0028,,,25.7,102000.0
920640.BJ,20260724,雷杰,G,IN,5000.0,0.0028,,,25.28,5000.0
600187.SH,20260724,丁宏伟,G,IN,490000.0,0.0304,490000.0,0.0304,1.4,490000.0
601717.SH,20260724,付奇,G,IN,48000.0,0.0031,,,15.5333,525000.0
601717.SH,20260724,李开顺,G,IN,53000.0,0.0034,,,15.2189,334000.0
603223.SH,20260724,SONG JIANBO,P,IN,712200.0,0.1009,36003249.0,5.1009,,36003249.0
600187.SH,20260724,丁宏伟,G,IN,490000.0,0.0304,490000.0,0.0304,1.4,490000.0
601717.SH,20260724,贾浩,G,IN,200000.0,0.013,,,15.58,2642300.0
688157.SH,20260724,熊开阔,G,IN,11810.0,0.0063,11810.0,0.0063,,11810.0
002557.SZ,20260724,陈先保,G,IN,1128600.0,0.2238,1594600.0,0.3162,19.2088,1594600.0
601717.SH,20260724,张海斌,G,IN,10000.0,0.0006,,,15.4,761200.0
920640.BJ,20260724,付景超,G,IN,20000.0,0.0111,,,25.4,31000.0
920640.BJ,20260724,常国亮,G,IN,5000.0,0.0028,,,25.5,5000.0
920640.BJ,20260724,蔡亚娟,G,IN,20000.0,0.0111,,,25.5,58101.0
920640.BJ,20260724,朱克元,G,IN,10000.0,0.0055,,,24.85,10000.0
920640.BJ,20260724,党作红,G,IN,5000.0,0.0028,,,25.7,102000.0
920640.BJ,20260724,雷杰,G,IN,5000.0,0.0028,,,25.28,5000.0
601588.SH,20260724,北京北辰实业集团有限责任公司,C,IN,11506000.0,0.4326,1209178303.0,35.9124,1.6738,1209178303.0
301089.SZ,20260724,杨西宁,G,IN,72000.0,0.0796,,,22.2575,34527650.0
301089.SZ,20260724,马冠军,G,IN,500.0,0.0006,,,22.5,500.0
301089.SZ,20260724,邵艳行,P,IN,27400.0,0.0303,,,22.4664,31200.0
601717.SH,20260724,付奇,G,IN,48000.0,0.0031,,,15.5333,525000.0
601717.SH,20260724,李开顺,G,IN,53000.0,0.0034,,,15.2189,334000.0
603223.SH,20260724,SONG JIANBO,P,IN,712200.0,0.1009,36003249.0,5.1009,,36003249.0
600187.SH,20260724,丁宏伟,G,IN,490000.0,0.0304,490000.0,0.0304,1.4,490000.0
601717.SH,20260724,贾浩,G,IN,200000.0,0.013,,,15.58,2642300.0
688157.SH,20260724,熊开阔,G,IN,11810.0,0.0063,11810.0,0.0063,,11810.0
002557.SZ,20260724,陈先保,G,IN,1128600.0,0.2238,1594600.0,0.3162,19.2088,1594600.0
601717.SH,20260724,张海斌,G,IN,10000.0,0.0006,,,15.4,761200.0
920640.BJ,20260724,付景超,G,IN,20000.0,0.0111,,,25.4,31000.0
920640.BJ,20260724,常国亮,G,IN,5000.0,0.0028,,,25.5,5000.0
920640.BJ,20260724,蔡亚娟,G,IN,20000.0,0.0111,,,25.5,58101.0
920640.BJ,20260724,朱克元,G,IN,10000.0,0.0055,,,24.85,10000.0
920640.BJ,20260724,党作红,G,IN,5000.0,0.0028,,,25.7,102000.0
920640.BJ,20260724,雷杰,G,IN,5000.0,0.0028,,,25.28,5000.0
601588.SH,20260724,北京北辰实业集团有限责任公司,C,IN,11506000.0,0.4326,1209178303.0,35.9124,1.6738,1209178303.0
301089.SZ,20260724,杨西宁,G,IN,72000.0,0.0796,,,22.2575,34527650.0
301089.SZ,20260724,马冠军,G,IN,500.0,0.0006,,,22.5,500.0
301089.SZ,20260724,邵艳行,P,IN,27400.0,0.0303,,,22.4664,31200.0
301439.SZ,20260727,威海市明博线缆科技有限公司,C,IN,1407244.0,0.7679,1407244.0,0.7679,,207262129.0
300929.SZ,20260727,王根九,P,IN,1459360.0,1.1641,11281280.0,8.9991,,11281280.0
300929.SZ,20260727,王凤仙,P,IN,2882600.0,2.2995,5606800.0,4.4725,,5606800.0
300627.SZ,20260727,朴东国,G,IN,180000.0,0.0274,14919146.0,2.2689,,14919146.0
301439.SZ,20260727,威海市明博线缆科技有限公司,C,IN,1407244.0,0.7679,1407244.0,0.7679,,207262129.0
300929.SZ,20260727,王根九,P,IN,1459360.0,1.1641,11281280.0,8.9991,,11281280.0
300929.SZ,20260727,王凤仙,P,IN,2882600.0,2.2995,5606800.0,4.4725,,5606800.0
300627.SZ,20260727,朴东国,G,IN,180000.0,0.0274,14919146.0,2.2689,,14919146.0
301439.SZ,20260727,威海市明博线缆科技有限公司,C,IN,1407244.0,0.7679,1407244.0,0.7679,,207262129.0
300929.SZ,20260727,王根九,P,IN,1459360.0,1.1641,11281280.0,8.9991,,11281280.0
300929.SZ,20260727,王凤仙,P,IN,2882600.0,2.2995,5606800.0,4.4725,,5606800.0
300627.SZ,20260727,朴东国,G,IN,180000.0,0.0274,14919146.0,2.2689,,14919146.0
600202.SH,20260728,哈尔滨电碳厂有限责任公司,C,IN,2958400.0,0.7717,,,,
601717.SH,20260728,张海斌,G,IN,100000.0,0.0065,,,,861200.0
601717.SH,20260728,张海斌,G,IN,100000.0,0.0065,,,,861200.0
603231.SH,20260728,山东万得福实业集团有限公司,C,IN,197000.0,0.1854,197000.0,0.1854,14.034,82945091.0
300407.SZ,20260728,佳都科技集团股份有限公司,C,IN,3340400.0,1.2894,42179252.0,16.2808,,42179252.0
300407.SZ,20260728,佳都科技集团股份有限公司,C,IN,3340400.0,1.2894,42179252.0,16.2808,,42179252.0
600202.SH,20260728,哈尔滨电碳厂有限责任公司,C,IN,2958400.0,0.7717,,,,
601717.SH,20260728,张海斌,G,IN,100000.0,0.0065,,,,861200.0
603231.SH,20260728,山东万得福实业集团有限公司,C,IN,197000.0,0.1854,197000.0,0.1854,14.034,82945091.0
300407.SZ,20260728,佳都科技集团股份有限公司,C,IN,3340400.0,1.2894,42179252.0,16.2808,,42179252.0
600202.SH,20260728,哈尔滨电碳厂有限责任公司,C,IN,2958400.0,0.7717,,,,
601717.SH,20260728,张海斌,G,IN,100000.0,0.0065,,,,861200.0
603231.SH,20260728,山东万得福实业集团有限公司,C,IN,197000.0,0.1854,197000.0,0.1854,14.034,82945091.0
601766.SH,20260729,中国中车集团有限公司,C,IN,4730000.0,0.0194,14770171250.0,51.466,,14770171250.0
688692.SH,20260729,中电金投控股有限公司,C,IN,11758.0,0.0159,2264758.0,3.0537,,6898700.0
002377.SZ,20260729,科元控股集团有限公司,C,IN,3650000.0,0.4184,114126271.0,13.0815,,114126271.0
600279.SH,20260729,重庆物流集团有限公司,C,IN,737900.0,0.0622,737900.0,0.0622,4.1108,737900.0
603927.SH,20260729,左春,G,IN,114000.0,0.0137,,,,
603927.SH,20260729,蔡宏,G,IN,90000.0,0.0108,,,,
002353.SZ,20260729,李志勇,G,IN,22100.0,0.0032,,,,733649.0
002353.SZ,20260729,李慧涛,G,IN,22500.0,0.0033,,,,196400.0
002353.SZ,20260729,路伟,G,IN,22300.0,0.0032,,,,217300.0
001205.SZ,20260729,万达控股集团有限公司,C,IN,703400.0,0.4225,23072218.0,13.8585,,23072218.0
002054.SZ,20260729,陈秋有,G,IN,2000000.0,0.5208,2000000.0,0.5208,,2000000.0
600279.SH,20260729,重庆物流集团有限公司,C,IN,737900.0,0.0622,737900.0,0.0622,4.1108,737900.0
002054.SZ,20260729,陈秋有,G,IN,2000000.0,0.5208,2000000.0,0.5208,,2000000.0
603927.SH,20260729,左春,G,IN,114000.0,0.0137,,,,
301269.SZ,20260729,中电金投控股有限公司,C,IN,4717200.0,0.861,75154400.0,13.7174,,75154400.0
300183.SZ,20260729,广东南海产业集团有限公司,C,IN,3894600.0,1.0497,69391275.0,18.7024,,69391275.0
301306.SZ,20260729,中投国联(北京)投资基金有限公司-中投国联匠心九号私募证券投资基金,C,IN,122100.0,0.2096,4342100.0,7.4526,81.85,4342100.0
300183.SZ,20260729,广东南海产业集团有限公司,C,IN,3894600.0,1.0497,10440675.0,2.814,,10440675.0
603927.SH,20260729,蔡宏,G,IN,90000.0,0.0108,,,,
002353.SZ,20260729,李志勇,G,IN,22100.0,0.0032,,,,733649.0
002353.SZ,20260729,李慧涛,G,IN,22500.0,0.0033,,,,196400.0
002353.SZ,20260729,路伟,G,IN,22300.0,0.0032,,,,217300.0
001205.SZ,20260729,万达控股集团有限公司,C,IN,703400.0,0.4225,23072218.0,13.8585,,23072218.0
002054.SZ,20260729,陈秋有,G,IN,2000000.0,0.5208,2000000.0,0.5208,,2000000.0
301269.SZ,20260729,中电金投控股有限公司,C,IN,4717200.0,0.861,75154400.0,13.7174,,75154400.0
300183.SZ,20260729,广东南海产业集团有限公司,C,IN,3894600.0,1.0497,10440675.0,2.814,,10440675.0
301306.SZ,20260729,中投国联(北京)投资基金有限公司-中投国联匠心九号私募证券投资基金,C,IN,122100.0,0.2096,4342100.0,7.4526,81.85,4342100.0
601766.SH,20260729,中国中车集团有限公司,C,IN,4730000.0,0.0194,14770171250.0,51.466,,14770171250.0
688692.SH,20260729,中电金投控股有限公司,C,IN,11758.0,0.0159,2264758.0,3.0537,,6898700.0
002377.SZ,20260729,科元控股集团有限公司,C,IN,3650000.0,0.4184,114126271.0,13.0815,,114126271.0
600279.SH,20260729,重庆物流集团有限公司,C,IN,737900.0,0.0622,737900.0,0.0622,4.1108,737900.0
603927.SH,20260729,左春,G,IN,114000.0,0.0137,,,,
603927.SH,20260729,蔡宏,G,IN,90000.0,0.0108,,,,
002353.SZ,20260729,李志勇,G,IN,22100.0,0.0032,,,,733649.0
002353.SZ,20260729,李慧涛,G,IN,22500.0,0.0033,,,,196400.0
002353.SZ,20260729,路伟,G,IN,22300.0,0.0032,,,,217300.0
001205.SZ,20260729,万达控股集团有限公司,C,IN,703400.0,0.4225,23072218.0,13.8585,,23072218.0
002054.SZ,20260729,陈秋有,G,IN,2000000.0,0.5208,2000000.0,0.5208,,2000000.0
301269.SZ,20260729,中电金投控股有限公司,C,IN,4717200.0,0.861,75154400.0,13.7174,,75154400.0
300183.SZ,20260729,广东南海产业集团有限公司,C,IN,3894600.0,1.0497,10440675.0,2.814,,10440675.0
301306.SZ,20260729,中投国联(北京)投资基金有限公司-中投国联匠心九号私募证券投资基金,C,IN,122100.0,0.2096,4342100.0,7.4526,81.85,4342100.0
601766.SH,20260729,中国中车集团有限公司,C,IN,4730000.0,0.0194,14770171250.0,51.466,,14770171250.0
688692.SH,20260729,中电金投控股有限公司,C,IN,11758.0,0.0159,2264758.0,3.0537,,6898700.0
002377.SZ,20260729,科元控股集团有限公司,C,IN,3650000.0,0.4184,114126271.0,13.0815,,114126271.0
600279.SH,20260729,重庆物流集团有限公司,C,IN,737900.0,0.0622,737900.0,0.0622,4.1108,737900.0
603927.SH,20260729,左春,G,IN,114000.0,0.0137,,,,
603927.SH,20260729,蔡宏,G,IN,90000.0,0.0108,,,,
002353.SZ,20260729,李志勇,G,IN,22100.0,0.0032,,,,733649.0
002353.SZ,20260729,李慧涛,G,IN,22500.0,0.0033,,,,196400.0
002353.SZ,20260729,路伟,G,IN,22300.0,0.0032,,,,217300.0
600731.SH,20260730,湖南海利高新技术产业集团有限公司,C,IN,1617700.0,0.2986,132924549.0,24.5392,,132924549.0
920914.BJ,20260730,江苏远航时代控股集团有限公司,C,IN,56200.0,0.0564,39606405.0,39.7638,18.0327,39606405.0
688800.SH,20260730,苏州瑞可达连接系统股份有限公司-2026年第二期员工持股计划,C,IN,2242145.0,0.7775,2242145.0,0.7775,60.2035,2242145.0
300192.SZ,20260730,苏州科德教育科技股份有限公司“跃迁者”第一期员工持股计划,C,IN,886700.0,0.1947,,,11.28,
300192.SZ,20260730,苏州科德教育科技股份有限公司“跃迁者”第一期员工持股计划,C,IN,886700.0,0.1947,,,11.28,
300192.SZ,20260730,苏州科德教育科技股份有限公司“跃迁者”第一期员工持股计划,C,IN,886700.0,0.1947,,,11.28,
600731.SH,20260730,湖南海利高新技术产业集团有限公司,C,IN,1617700.0,0.2986,132924549.0,24.5392,,132924549.0
920914.BJ,20260730,江苏远航时代控股集团有限公司,C,IN,56200.0,0.0564,39606405.0,39.7638,18.0327,39606405.0
688800.SH,20260730,苏州瑞可达连接系统股份有限公司-2026年第二期员工持股计划,C,IN,2242145.0,0.7775,2242145.0,0.7775,60.2035,2242145.0
300192.SZ,20260730,苏州科德教育科技股份有限公司“跃迁者”第一期员工持股计划,C,IN,886700.0,0.1947,,,11.28,
600731.SH,20260730,湖南海利高新技术产业集团有限公司,C,IN,1617700.0,0.2986,132924549.0,24.5392,,132924549.0
920914.BJ,20260730,江苏远航时代控股集团有限公司,C,IN,56200.0,0.0564,39606405.0,39.7638,18.0327,39606405.0
688800.SH,20260730,苏州瑞可达连接系统股份有限公司-2026年第二期员工持股计划,C,IN,2242145.0,0.7775,2242145.0,0.7775,60.2035,2242145.0
688091.SH,20260731,周劲松,G,IN,3000.0,0.0015,40130058.0,19.4143,,40130058.0
603223.SH,20260731,SONG JIANBO,P,IN,95900.0,0.0136,36099149.0,5.1145,,36099149.0
688720.SH,20260731,陈小华,G,IN,10000.0,0.0128,,,,1250396.0
688720.SH,20260731,赵建龙,G,IN,10000.0,0.0128,,,,671542.0
000593.SZ,20260731,刘鑫,P,IN,1643500.0,0.4585,17983500.0,5.0166,,17983500.0
688091.SH,20260731,周劲松,G,IN,3000.0,0.0015,40130058.0,19.4143,,40130058.0
002655.SZ,20260731,上海韦豪创芯投资管理有限公司,C,IN,308600.0,0.0848,26839600.0,7.3763,,26839600.0
300929.SZ,20260731,王根九,P,IN,1035300.0,0.8259,12316580.0,9.8249,,12316580.0
300929.SZ,20260731,王凤仙,P,IN,1229400.0,0.9807,6836200.0,5.4532,,6836200.0
688720.SH,20260731,陈小华,G,IN,10000.0,0.0128,,,,1250396.0
688720.SH,20260731,赵建龙,G,IN,10000.0,0.0128,,,,671542.0
603223.SH,20260731,SONG JIANBO,P,IN,95900.0,0.0136,36099149.0,5.1145,,36099149.0
688091.SH,20260731,周劲松,G,IN,3000.0,0.0015,40130058.0,19.4143,,40130058.0
688720.SH,20260731,陈小华,G,IN,10000.0,0.0128,,,,1250396.0
688720.SH,20260731,赵建龙,G,IN,10000.0,0.0128,,,,671542.0
000593.SZ,20260731,刘鑫,P,IN,1643500.0,0.4585,17983500.0,5.0166,,17983500.0
002655.SZ,20260731,上海韦豪创芯投资管理有限公司,C,IN,308600.0,0.0848,26839600.0,7.3763,,26839600.0
300929.SZ,20260731,王根九,P,IN,1035300.0,0.8259,12316580.0,9.8249,,12316580.0
300929.SZ,20260731,王凤仙,P,IN,1229400.0,0.9807,6836200.0,5.4532,,6836200.0
603223.SH,20260731,SONG JIANBO,P,IN,95900.0,0.0136,36099149.0,5.1145,,36099149.0
688091.SH,20260731,周劲松,G,IN,3000.0,0.0015,40130058.0,19.4143,,40130058.0
688720.SH,20260731,陈小华,G,IN,10000.0,0.0128,,,,1250396.0
688720.SH,20260731,赵建龙,G,IN,10000.0,0.0128,,,,671542.0
000593.SZ,20260731,刘鑫,P,IN,1643500.0,0.4585,17983500.0,5.0166,,17983500.0
002655.SZ,20260731,上海韦豪创芯投资管理有限公司,C,IN,308600.0,0.0848,26839600.0,7.3763,,26839600.0
300929.SZ,20260731,王根九,P,IN,1035300.0,0.8259,12316580.0,9.8249,,12316580.0
300929.SZ,20260731,王凤仙,P,IN,1229400.0,0.9807,6836200.0,5.4532,,6836200.0
002601.SZ,20260803,吴彭森,G,IN,125300.0,0.0063,,,16.0295,2190300.0
002601.SZ,20260803,孙亮,G,IN,130000.0,0.0065,,,15.5323,131000.0
002601.SZ,20260803,张刚,G,IN,123700.0,0.0062,123700.0,0.0062,16.3185,123700.0
002601.SZ,20260803,张海涛,P,IN,419900.0,0.0211,,,16.663,1243900.0
002601.SZ,20260803,王旭东,G,IN,131500.0,0.0066,131500.0,0.0066,16.3027,131500.0
002601.SZ,20260803,许冉,G,IN,2093600.0,0.1053,127093600.0,6.3943,14.5659,502093600.0
002601.SZ,20260803,陈建立,G,IN,130000.0,0.0065,,,16.0708,2507000.0
600818.SH,20260803,北京乾瑞翔科技有限公司,C,IN,3097900.0,1.3019,3097900.0,0.9637,,3097900.0
600818.SH,20260803,广西永亨投资集团有限公司,C,IN,2153900.0,0.9052,2153900.0,0.6701,,2153900.0
600818.SH,20260803,北海银河供应链管理有限公司,C,IN,1000000.0,0.4202,1000000.0,0.3111,,1000000.0
600818.SH,20260803,北海永亨海融投资有限公司,C,IN,2683700.0,1.1278,2683700.0,0.8349,,2683700.0
600818.SH,20260803,北海红芯芯片技术有限公司,C,IN,2818300.0,1.1844,2818300.0,0.8768,,2818300.0
600818.SH,20260803,北海永亨科技有限公司,C,IN,2510300.0,1.0549,2510300.0,0.7809,,2510300.0
600818.SH,20260803,北海科源创业服务有限公司,C,IN,2069500.0,0.8697,2069500.0,0.6438,,2069500.0
600818.SH,20260803,北京乾瑞翔科技有限公司,C,IN,3097900.0,1.3019,3097900.0,0.9637,,3097900.0
600818.SH,20260803,广西永亨投资集团有限公司,C,IN,2153900.0,0.9052,2153900.0,0.6701,,2153900.0
600818.SH,20260803,北海银河供应链管理有限公司,C,IN,1000000.0,0.4202,1000000.0,0.3111,,1000000.0
600818.SH,20260803,北海永亨海融投资有限公司,C,IN,2683700.0,1.1278,2683700.0,0.8349,,2683700.0
600818.SH,20260803,北海红芯芯片技术有限公司,C,IN,2818300.0,1.1844,2818300.0,0.8768,,2818300.0
600818.SH,20260803,北海永亨科技有限公司,C,IN,2510300.0,1.0549,2510300.0,0.7809,,2510300.0
600818.SH,20260803,北海科源创业服务有限公司,C,IN,2069500.0,0.8697,2069500.0,0.6438,,2069500.0
002601.SZ,20260803,许冉,G,IN,2093600.0,0.1057,125523400.0,6.3403,14.5659,502093600.0
002601.SZ,20260803,吴彭森,G,IN,125300.0,0.0063,,,16.0295,2190300.0
002601.SZ,20260803,孙亮,G,IN,130000.0,0.0065,,,15.5323,131000.0
002601.SZ,20260803,张刚,G,IN,123700.0,0.0062,123700.0,0.0062,16.3185,123700.0
002601.SZ,20260803,张海涛,P,IN,419900.0,0.0211,,,16.663,1243900.0
002601.SZ,20260803,王旭东,G,IN,131500.0,0.0066,131500.0,0.0066,16.3027,131500.0
002601.SZ,20260803,许冉,G,IN,2093600.0,0.1057,125523400.0,6.3403,14.5659,502093600.0
002601.SZ,20260803,陈建立,G,IN,130000.0,0.0065,,,16.0708,2507000.0
600818.SH,20260803,北京乾瑞翔科技有限公司,C,IN,3097900.0,1.3019,3097900.0,0.9637,,3097900.0
600818.SH,20260803,广西永亨投资集团有限公司,C,IN,2153900.0,0.9052,2153900.0,0.6701,,2153900.0
600818.SH,20260803,北海银河供应链管理有限公司,C,IN,1000000.0,0.4202,1000000.0,0.3111,,1000000.0
600818.SH,20260803,北海永亨海融投资有限公司,C,IN,2683700.0,1.1278,2683700.0,0.8349,,2683700.0
600818.SH,20260803,北海红芯芯片技术有限公司,C,IN,2818300.0,1.1844,2818300.0,0.8768,,2818300.0
600818.SH,20260803,北海永亨科技有限公司,C,IN,2510300.0,1.0549,2510300.0,0.7809,,2510300.0
600818.SH,20260803,北海科源创业服务有限公司,C,IN,2069500.0,0.8697,2069500.0,0.6438,,2069500.0
002601.SZ,20260803,吴彭森,G,IN,125300.0,0.0063,,,16.0295,2190300.0
002601.SZ,20260803,孙亮,G,IN,130000.0,0.0065,,,15.5323,131000.0
002601.SZ,20260803,张刚,G,IN,123700.0,0.0062,123700.0,0.0062,16.3185,123700.0
002601.SZ,20260803,张海涛,P,IN,419900.0,0.0211,,,16.663,1243900.0
002601.SZ,20260803,王旭东,G,IN,131500.0,0.0066,131500.0,0.0066,16.3027,131500.0
002601.SZ,20260803,许冉,G,IN,2093600.0,0.1057,125523400.0,6.3403,14.5659,502093600.0
002601.SZ,20260803,陈建立,G,IN,130000.0,0.0065,,,16.0708,2507000.0
600818.SH,20260803,北京乾瑞翔科技有限公司,C,IN,3097900.0,1.3019,3097900.0,0.9637,,3097900.0
600818.SH,20260803,广西永亨投资集团有限公司,C,IN,2153900.0,0.9052,2153900.0,0.6701,,2153900.0
600818.SH,20260803,北海银河供应链管理有限公司,C,IN,1000000.0,0.4202,1000000.0,0.3111,,1000000.0
600818.SH,20260803,北海永亨海融投资有限公司,C,IN,2683700.0,1.1278,2683700.0,0.8349,,2683700.0
600818.SH,20260803,北海红芯芯片技术有限公司,C,IN,2818300.0,1.1844,2818300.0,0.8768,,2818300.0
600818.SH,20260803,北海永亨科技有限公司,C,IN,2510300.0,1.0549,2510300.0,0.7809,,2510300.0
600818.SH,20260803,北海科源创业服务有限公司,C,IN,2069500.0,0.8697,2069500.0,0.6438,,2069500.0
002601.SZ,20260803,吴彭森,G,IN,125300.0,0.0063,,,16.0295,2190300.0
002601.SZ,20260803,孙亮,G,IN,130000.0,0.0065,,,15.5323,131000.0
002601.SZ,20260803,张刚,G,IN,123700.0,0.0062,123700.0,0.0062,16.3185,123700.0
002601.SZ,20260803,张海涛,P,IN,419900.0,0.0211,,,16.663,1243900.0
002601.SZ,20260803,王旭东,G,IN,131500.0,0.0066,131500.0,0.0066,16.3027,131500.0
002601.SZ,20260803,许冉,G,IN,2093600.0,0.1057,125523400.0,6.3403,14.5659,502093600.0
002601.SZ,20260803,陈建立,G,IN,130000.0,0.0065,,,16.0708,2507000.0
600818.SH,20260803,北京乾瑞翔科技有限公司,C,IN,3097900.0,1.3019,3097900.0,0.9637,,3097900.0
600818.SH,20260803,广西永亨投资集团有限公司,C,IN,2153900.0,0.9052,2153900.0,0.6701,,2153900.0
600818.SH,20260803,北海银河供应链管理有限公司,C,IN,1000000.0,0.4202,1000000.0,0.3111,,1000000.0
600818.SH,20260803,北海永亨海融投资有限公司,C,IN,2683700.0,1.1278,2683700.0,0.8349,,2683700.0
600818.SH,20260803,北海红芯芯片技术有限公司,C,IN,2818300.0,1.1844,2818300.0,0.8768,,2818300.0
600818.SH,20260803,北海永亨科技有限公司,C,IN,2510300.0,1.0549,2510300.0,0.7809,,2510300.0
600818.SH,20260803,北海科源创业服务有限公司,C,IN,2069500.0,0.8697,2069500.0,0.6438,,2069500.0
002601.SZ,20260803,吴彭森,G,IN,125300.0,0.0063,,,16.0295,2190300.0
002601.SZ,20260803,孙亮,G,IN,130000.0,0.0065,,,15.5323,131000.0
002601.SZ,20260803,张刚,G,IN,123700.0,0.0062,123700.0,0.0062,16.3185,123700.0
002601.SZ,20260803,张海涛,P,IN,419900.0,0.0211,,,16.663,1243900.0
002601.SZ,20260803,王旭东,G,IN,131500.0,0.0066,131500.0,0.0066,16.3027,131500.0
002601.SZ,20260803,许冉,G,IN,2093600.0,0.1057,125523400.0,6.3403,14.5659,502093600.0
002601.SZ,20260803,陈建立,G,IN,130000.0,0.0065,,,16.0708,2507000.0
600818.SH,20260803,北京乾瑞翔科技有限公司,C,IN,3097900.0,1.3019,3097900.0,0.9637,,3097900.0
600818.SH,20260803,广西永亨投资集团有限公司,C,IN,2153900.0,0.9052,2153900.0,0.6701,,2153900.0
600818.SH,20260803,北海银河供应链管理有限公司,C,IN,1000000.0,0.4202,1000000.0,0.3111,,1000000.0
600818.SH,20260803,北海永亨海融投资有限公司,C,IN,2683700.0,1.1278,2683700.0,0.8349,,2683700.0
600818.SH,20260803,北海红芯芯片技术有限公司,C,IN,2818300.0,1.1844,2818300.0,0.8768,,2818300.0
600818.SH,20260803,北海永亨科技有限公司,C,IN,2510300.0,1.0549,2510300.0,0.7809,,2510300.0
600818.SH,20260803,北海科源创业服务有限公司,C,IN,2069500.0,0.8697,2069500.0,0.6438,,2069500.0
002601.SZ,20260803,吴彭森,G,IN,125300.0,0.0063,,,16.0295,2190300.0
002601.SZ,20260803,孙亮,G,IN,130000.0,0.0065,,,15.5323,131000.0
002601.SZ,20260803,张刚,G,IN,123700.0,0.0062,123700.0,0.0062,16.3185,123700.0
002601.SZ,20260803,张海涛,P,IN,419900.0,0.0211,,,16.663,1243900.0
002601.SZ,20260803,王旭东,G,IN,131500.0,0.0066,131500.0,0.0066,16.3027,131500.0
002601.SZ,20260803,许冉,G,IN,2093600.0,0.1057,125523400.0,6.3403,14.5659,502093600.0
002601.SZ,20260803,陈建立,G,IN,130000.0,0.0065,,,16.0708,2507000.0
600818.SH,20260803,北京乾瑞翔科技有限公司,C,IN,3097900.0,1.3019,3097900.0,0.9637,,3097900.0
600818.SH,20260803,广西永亨投资集团有限公司,C,IN,2153900.0,0.9052,2153900.0,0.6701,,2153900.0
600818.SH,20260803,北海银河供应链管理有限公司,C,IN,1000000.0,0.4202,1000000.0,0.3111,,1000000.0
600818.SH,20260803,北海永亨海融投资有限公司,C,IN,2683700.0,1.1278,2683700.0,0.8349,,2683700.0
600818.SH,20260803,北海红芯芯片技术有限公司,C,IN,2818300.0,1.1844,2818300.0,0.8768,,2818300.0
600818.SH,20260803,北海永亨科技有限公司,C,IN,2510300.0,1.0549,2510300.0,0.7809,,2510300.0
600818.SH,20260803,北海科源创业服务有限公司,C,IN,2069500.0,0.8697,2069500.0,0.6438,,2069500.0
002601.SZ,20260803,吴彭森,G,IN,125300.0,0.0063,,,16.0295,2190300.0
002601.SZ,20260803,孙亮,G,IN,130000.0,0.0065,,,15.5323,131000.0
002601.SZ,20260803,张刚,G,IN,123700.0,0.0062,123700.0,0.0062,16.3185,123700.0
002601.SZ,20260803,张海涛,P,IN,419900.0,0.0211,,,16.663,1243900.0
002601.SZ,20260803,王旭东,G,IN,131500.0,0.0066,131500.0,0.0066,16.3027,131500.0
002601.SZ,20260803,许冉,G,IN,2093600.0,0.1057,125523400.0,6.3403,14.5659,502093600.0
002601.SZ,20260803,陈建立,G,IN,130000.0,0.0065,,,16.0708,2507000.0
600818.SH,20260803,北京乾瑞翔科技有限公司,C,IN,3097900.0,1.3019,3097900.0,0.9637,,3097900.0
600818.SH,20260803,广西永亨投资集团有限公司,C,IN,2153900.0,0.9052,2153900.0,0.6701,,2153900.0
600818.SH,20260803,北海银河供应链管理有限公司,C,IN,1000000.0,0.4202,1000000.0,0.3111,,1000000.0
600818.SH,20260803,北海永亨海融投资有限公司,C,IN,2683700.0,1.1278,2683700.0,0.8349,,2683700.0
600818.SH,20260803,北海红芯芯片技术有限公司,C,IN,2818300.0,1.1844,2818300.0,0.8768,,2818300.0
600818.SH,20260803,北海永亨科技有限公司,C,IN,2510300.0,1.0549,2510300.0,0.7809,,2510300.0
600818.SH,20260803,北海科源创业服务有限公司,C,IN,2069500.0,0.8697,2069500.0,0.6438,,2069500.0
002601.SZ,20260803,吴彭森,G,IN,125300.0,0.0063,,,16.0295,2190300.0
002601.SZ,20260803,孙亮,G,IN,130000.0,0.0065,,,15.5323,131000.0
002601.SZ,20260803,张刚,G,IN,123700.0,0.0062,123700.0,0.0062,16.3185,123700.0
002601.SZ,20260803,张海涛,P,IN,419900.0,0.0211,,,16.663,1243900.0
002601.SZ,20260803,王旭东,G,IN,131500.0,0.0066,131500.0,0.0066,16.3027,131500.0
002601.SZ,20260803,许冉,G,IN,2093600.0,0.1057,125523400.0,6.3403,14.5659,502093600.0
002601.SZ,20260803,陈建立,G,IN,130000.0,0.0065,,,16.0708,2507000.0
600818.SH,20260803,北京乾瑞翔科技有限公司,C,IN,3097900.0,1.3019,3097900.0,0.9637,,3097900.0
600818.SH,20260803,广西永亨投资集团有限公司,C,IN,2153900.0,0.9052,2153900.0,0.6701,,2153900.0
600818.SH,20260803,北海银河供应链管理有限公司,C,IN,1000000.0,0.4202,1000000.0,0.3111,,1000000.0
600818.SH,20260803,北海永亨海融投资有限公司,C,IN,2683700.0,1.1278,2683700.0,0.8349,,2683700.0
600818.SH,20260803,北海红芯芯片技术有限公司,C,IN,2818300.0,1.1844,2818300.0,0.8768,,2818300.0
600818.SH,20260803,北海永亨科技有限公司,C,IN,2510300.0,1.0549,2510300.0,0.7809,,2510300.0
600818.SH,20260803,北海科源创业服务有限公司,C,IN,2069500.0,0.8697,2069500.0,0.6438,,2069500.0
920163.BJ,20260804,张伟,G,IN,18000.0,0.0297,,,9.7923,152000.0
688328.SH,20260804,林广满,G,IN,179741.0,0.1903,,,,602009.0
600365.SH,20260804,通化盛科信息科技有限公司,C,IN,977600.0,0.2288,977600.0,0.2288,,977600.0
688720.SH,20260804,向文胜,G,IN,15000.0,0.0192,,,,465000.0
920163.BJ,20260804,张伟,G,IN,18000.0,0.0297,,,9.7923,152000.0
688720.SH,20260804,向文胜,G,IN,15000.0,0.0192,,,,465000.0
920163.BJ,20260804,张伟,G,IN,18000.0,0.0297,,,9.7923,152000.0
688328.SH,20260804,林广满,G,IN,179741.0,0.1903,,,,602009.0
600365.SH,20260804,通化盛科信息科技有限公司,C,IN,977600.0,0.2288,977600.0,0.2288,,977600.0
688720.SH,20260804,向文胜,G,IN,15000.0,0.0192,,,,465000.0
920163.BJ,20260804,张伟,G,IN,18000.0,0.0297,,,9.7923,152000.0
688328.SH,20260804,林广满,G,IN,179741.0,0.1903,,,,602009.0
600365.SH,20260804,通化盛科信息科技有限公司,C,IN,977600.0,0.2288,977600.0,0.2288,,977600.0
688720.SH,20260804,向文胜,G,IN,15000.0,0.0192,,,,465000.0
920163.BJ,20260804,张伟,G,IN,18000.0,0.0297,,,9.7923,152000.0
688328.SH,20260804,林广满,G,IN,179741.0,0.1903,,,,602009.0
600365.SH,20260804,通化盛科信息科技有限公司,C,IN,977600.0,0.2288,977600.0,0.2288,,977600.0
688720.SH,20260804,向文胜,G,IN,15000.0,0.0192,,,,465000.0
920163.BJ,20260804,张伟,G,IN,18000.0,0.0297,,,9.7923,152000.0
688328.SH,20260804,林广满,G,IN,179741.0,0.1903,,,,602009.0
600365.SH,20260804,通化盛科信息科技有限公司,C,IN,977600.0,0.2288,977600.0,0.2288,,977600.0
688720.SH,20260804,向文胜,G,IN,15000.0,0.0192,,,,465000.0
920163.BJ,20260804,张伟,G,IN,18000.0,0.0297,,,9.7923,152000.0
688328.SH,20260804,林广满,G,IN,179741.0,0.1903,,,,602009.0
600365.SH,20260804,通化盛科信息科技有限公司,C,IN,977600.0,0.2288,977600.0,0.2288,,977600.0
688720.SH,20260804,向文胜,G,IN,15000.0,0.0192,,,,465000.0
920163.BJ,20260804,张伟,G,IN,18000.0,0.0297,,,9.7923,152000.0
688328.SH,20260804,林广满,G,IN,179741.0,0.1903,,,,602009.0
600365.SH,20260804,通化盛科信息科技有限公司,C,IN,977600.0,0.2288,977600.0,0.2288,,977600.0
688720.SH,20260804,向文胜,G,IN,15000.0,0.0192,,,,465000.0
920163.BJ,20260804,张伟,G,IN,18000.0,0.0297,,,9.7923,152000.0
688328.SH,20260804,林广满,G,IN,179741.0,0.1903,,,,602009.0
600365.SH,20260804,通化盛科信息科技有限公司,C,IN,977600.0,0.2288,977600.0,0.2288,,977600.0
688720.SH,20260804,向文胜,G,IN,15000.0,0.0192,,,,465000.0
688172.SH,20260805,北京电控产业投资有限公司,C,IN,173255.0,0.0145,9489666.0,0.7916,,9489666.0
300010.SZ,20260805,赵伯奇,G,IN,1784000.0,0.1073,,,2.8111,1784000.0
300010.SZ,20260805,朱雅特,G,IN,139300.0,0.0084,,,2.16,159600.0
688172.SH,20260805,北京电控产业投资有限公司,C,IN,173255.0,0.0145,9489666.0,0.7916,,9489666.0
300010.SZ,20260805,赵伯奇,G,IN,1784000.0,0.1073,,,2.8111,1784000.0
300010.SZ,20260805,朱雅特,G,IN,139300.0,0.0084,,,2.16,159600.0
688172.SH,20260805,北京电控产业投资有限公司,C,IN,173255.0,0.0145,9489666.0,0.7916,,9489666.0
300010.SZ,20260805,赵伯奇,G,IN,1784000.0,0.1073,,,2.8111,1784000.0
300010.SZ,20260805,朱雅特,G,IN,139300.0,0.0084,,,2.16,159600.0
688172.SH,20260805,北京电控产业投资有限公司,C,IN,173255.0,0.0145,9489666.0,0.7916,,9489666.0
300010.SZ,20260805,赵伯奇,G,IN,1784000.0,0.1073,,,2.8111,1784000.0
300010.SZ,20260805,朱雅特,G,IN,139300.0,0.0084,,,2.16,159600.0
688172.SH,20260805,北京电控产业投资有限公司,C,IN,173255.0,0.0145,9489666.0,0.7916,,9489666.0
300010.SZ,20260805,赵伯奇,G,IN,1784000.0,0.1073,,,2.8111,1784000.0
300010.SZ,20260805,朱雅特,G,IN,139300.0,0.0084,,,2.16,159600.0
688172.SH,20260805,北京电控产业投资有限公司,C,IN,173255.0,0.0145,9489666.0,0.7916,,9489666.0
300010.SZ,20260805,赵伯奇,G,IN,1784000.0,0.1073,,,2.8111,1784000.0
300010.SZ,20260805,朱雅特,G,IN,139300.0,0.0084,,,2.16,159600.0
688172.SH,20260805,北京电控产业投资有限公司,C,IN,173255.0,0.0145,9489666.0,0.7916,,9489666.0
300010.SZ,20260805,赵伯奇,G,IN,1784000.0,0.1073,,,2.8111,1784000.0
300010.SZ,20260805,朱雅特,G,IN,139300.0,0.0084,,,2.16,159600.0
688172.SH,20260805,北京电控产业投资有限公司,C,IN,173255.0,0.0145,9489666.0,0.7916,,9489666.0
300010.SZ,20260805,赵伯奇,G,IN,1784000.0,0.1073,,,2.8111,1784000.0
300010.SZ,20260805,朱雅特,G,IN,139300.0,0.0084,,,2.16,159600.0
300144.SZ,20260806,刘萍,P,IN,43000000.0,1.6656,70910758.0,2.7468,6.23,70910758.0
300482.SZ,20260806,王继华,G,IN,1156000.0,0.2688,,1.6031,17.3392,50750740.0
300482.SZ,20260806,王继华,G,IN,1156000.0,0.2688,,1.6031,17.3392,50750740.0
300482.SZ,20260806,王继华,G,IN,1156000.0,0.2688,,,17.3392,50750740.0
300144.SZ,20260806,刘萍,P,IN,43000000.0,1.6656,70910758.0,2.7468,6.23,70910758.0
300482.SZ,20260806,王继华,G,IN,1156000.0,0.2688,,,17.3392,50750740.0
300144.SZ,20260806,刘萍,P,IN,43000000.0,1.6656,70910758.0,2.7468,6.23,70910758.0
300482.SZ,20260806,王继华,G,IN,1156000.0,0.2688,,,17.3392,50750740.0
300144.SZ,20260806,刘萍,P,IN,43000000.0,1.6656,70910758.0,2.7468,6.23,70910758.0
300482.SZ,20260806,王继华,G,IN,1156000.0,0.2688,,,17.3392,50750740.0
300144.SZ,20260806,刘萍,P,IN,43000000.0,1.6656,70910758.0,2.7468,6.23,70910758.0
300482.SZ,20260806,王继华,G,IN,1156000.0,0.2688,,,17.3392,50750740.0
300144.SZ,20260806,刘萍,P,IN,43000000.0,1.6656,70910758.0,2.7468,6.23,70910758.0
300482.SZ,20260806,王继华,G,IN,1156000.0,0.2688,,,17.3392,50750740.0
300144.SZ,20260806,刘萍,P,IN,43000000.0,1.6656,70910758.0,2.7468,6.23,70910758.0
300482.SZ,20260806,王继华,G,IN,1156000.0,0.2688,,,17.3392,50750740.0
300144.SZ,20260806,刘萍,P,IN,43000000.0,1.6656,70910758.0,2.7468,6.23,70910758.0
300482.SZ,20260806,王继华,G,IN,1156000.0,0.2688,,,17.3392,50750740.0
600731.SH,20260807,湖南海利高新技术产业集团有限公司,C,IN,5538600.0,1.0225,138463149.0,25.5617,,138463149.0
601966.SH,20260807,玲珑集团有限公司,C,IN,878400.0,0.06,604202922.0,41.2847,,604202922.0
000932.SZ,20260807,湖南钢铁集团有限公司,C,IN,20913000.0,0.3052,2367866563.0,34.5542,,2367866563.0
000858.SZ,20260807,四川省宜宾五粮液集团有限公司,C,IN,2411300.0,0.0621,803914577.0,20.7114,82.7082,803914577.0
603350.SH,20260807,盛晓兰,G,IN,15000.0,0.034,15000.0,0.034,,15000.0
000932.SZ,20260807,湖南钢铁集团有限公司,C,IN,20913000.0,0.3052,2367866563.0,34.5542,,2367866563.0
000858.SZ,20260807,四川省宜宾五粮液集团有限公司,C,IN,1295300.0,0.0334,803914577.0,20.7114,77.2009,803914577.0
603350.SH,20260807,盛晓兰,G,IN,15000.0,0.034,15000.0,0.034,,15000.0
300183.SZ,20260807,广东南海产业集团有限公司,C,IN,2734600.0,0.737,13175275.0,3.551,,13175275.0
603350.SH,20260807,盛晓兰,G,IN,15000.0,0.034,15000.0,0.034,,15000.0
600731.SH,20260807,湖南海利高新技术产业集团有限公司,C,IN,5538600.0,1.0225,138463149.0,25.5617,,138463149.0
601966.SH,20260807,玲珑集团有限公司,C,IN,878400.0,0.06,604202922.0,41.2847,,604202922.0
000932.SZ,20260807,湖南钢铁集团有限公司,C,IN,20913000.0,0.3052,2367866563.0,34.5542,,2367866563.0
000858.SZ,20260807,四川省宜宾五粮液集团有限公司,C,IN,1295300.0,0.0334,803914577.0,20.7114,77.2009,803914577.0
603350.SH,20260807,盛晓兰,G,IN,15000.0,0.034,15000.0,0.034,,15000.0
300183.SZ,20260807,广东南海产业集团有限公司,C,IN,2734600.0,0.737,13175275.0,3.551,,13175275.0
600731.SH,20260807,湖南海利高新技术产业集团有限公司,C,IN,5538600.0,1.0225,138463149.0,25.5617,,138463149.0
601966.SH,20260807,玲珑集团有限公司,C,IN,878400.0,0.06,604202922.0,41.2847,,604202922.0
000932.SZ,20260807,湖南钢铁集团有限公司,C,IN,20913000.0,0.3052,2367866563.0,34.5542,,2367866563.0
000858.SZ,20260807,四川省宜宾五粮液集团有限公司,C,IN,1295300.0,0.0334,803914577.0,20.7114,77.2009,803914577.0
603350.SH,20260807,盛晓兰,G,IN,15000.0,0.034,15000.0,0.034,,15000.0
300183.SZ,20260807,广东南海产业集团有限公司,C,IN,2734600.0,0.737,13175275.0,3.551,,13175275.0
600731.SH,20260807,湖南海利高新技术产业集团有限公司,C,IN,5538600.0,1.0225,138463149.0,25.5617,,138463149.0
601966.SH,20260807,玲珑集团有限公司,C,IN,878400.0,0.06,604202922.0,41.2847,,604202922.0
000932.SZ,20260807,湖南钢铁集团有限公司,C,IN,20913000.0,0.3052,2367866563.0,34.5542,,2367866563.0
000858.SZ,20260807,四川省宜宾五粮液集团有限公司,C,IN,1295300.0,0.0334,803914577.0,20.7114,77.2009,803914577.0
603350.SH,20260807,盛晓兰,G,IN,15000.0,0.034,15000.0,0.034,,15000.0
300183.SZ,20260807,广东南海产业集团有限公司,C,IN,2734600.0,0.737,13175275.0,3.551,,13175275.0
600731.SH,20260807,湖南海利高新技术产业集团有限公司,C,IN,5538600.0,1.0225,138463149.0,25.5617,,138463149.0
601966.SH,20260807,玲珑集团有限公司,C,IN,878400.0,0.06,604202922.0,41.2847,,604202922.0
000932.SZ,20260807,湖南钢铁集团有限公司,C,IN,20913000.0,0.3052,2367866563.0,34.5542,,2367866563.0
000858.SZ,20260807,四川省宜宾五粮液集团有限公司,C,IN,1295300.0,0.0334,803914577.0,20.7114,77.2009,803914577.0
603350.SH,20260807,盛晓兰,G,IN,15000.0,0.034,15000.0,0.034,,15000.0
300183.SZ,20260807,广东南海产业集团有限公司,C,IN,2734600.0,0.737,13175275.0,3.551,,13175275.0
600731.SH,20260807,湖南海利高新技术产业集团有限公司,C,IN,5538600.0,1.0225,138463149.0,25.5617,,138463149.0
601966.SH,20260807,玲珑集团有限公司,C,IN,878400.0,0.06,604202922.0,41.2847,,604202922.0
000932.SZ,20260807,湖南钢铁集团有限公司,C,IN,20913000.0,0.3052,2367866563.0,34.5542,,2367866563.0
000858.SZ,20260807,四川省宜宾五粮液集团有限公司,C,IN,1295300.0,0.0334,803914577.0,20.7114,77.2009,803914577.0
603350.SH,20260807,盛晓兰,G,IN,15000.0,0.034,15000.0,0.034,,15000.0
300183.SZ,20260807,广东南海产业集团有限公司,C,IN,2734600.0,0.737,13175275.0,3.551,,13175275.0
600731.SH,20260807,湖南海利高新技术产业集团有限公司,C,IN,5538600.0,1.0225,138463149.0,25.5617,,138463149.0
601966.SH,20260807,玲珑集团有限公司,C,IN,878400.0,0.06,604202922.0,41.2847,,604202922.0
000932.SZ,20260807,湖南钢铁集团有限公司,C,IN,20913000.0,0.3052,2367866563.0,34.5542,,2367866563.0
000858.SZ,20260807,四川省宜宾五粮液集团有限公司,C,IN,1295300.0,0.0334,803914577.0,20.7114,77.2009,803914577.0
603350.SH,20260807,盛晓兰,G,IN,15000.0,0.034,15000.0,0.034,,15000.0
300183.SZ,20260807,广东南海产业集团有限公司,C,IN,2734600.0,0.737,13175275.0,3.551,,13175275.0
600731.SH,20260807,湖南海利高新技术产业集团有限公司,C,IN,5538600.0,1.0225,138463149.0,25.5617,,138463149.0
601966.SH,20260807,玲珑集团有限公司,C,IN,878400.0,0.06,604202922.0,41.2847,,604202922.0
000932.SZ,20260807,湖南钢铁集团有限公司,C,IN,20913000.0,0.3052,2367866563.0,34.5542,,2367866563.0
000858.SZ,20260807,四川省宜宾五粮液集团有限公司,C,IN,1295300.0,0.0334,803914577.0,20.7114,77.2009,803914577.0
603350.SH,20260807,盛晓兰,G,IN,15000.0,0.034,15000.0,0.034,,15000.0
300183.SZ,20260807,广东南海产业集团有限公司,C,IN,2734600.0,0.737,13175275.0,3.551,,13175275.0
600197.SH,20260811,新疆伊力特集团有限公司,C,IN,4378200.0,0.9253,208427627.0,44.0488,,208427627.0
002870.SZ,20260811,宁波均胜电子股份有限公司,C,IN,140000.0,0.1094,39621600.0,30.9729,28.9148,39621600.0
603328.SH,20260811,四川九洲投资控股集团有限公司,C,IN,3299976.0,0.3305,302832795.0,30.3305,11.4675,302832795.0
002870.SZ,20260811,宁波均胜电子股份有限公司,C,IN,140000.0,0.1094,39621600.0,30.9729,28.9148,39621600.0
603328.SH,20260811,四川九洲投资控股集团有限公司,C,IN,3299976.0,0.3305,302832795.0,30.3305,11.4675,302832795.0
600197.SH,20260811,新疆伊力特集团有限公司,C,IN,4378200.0,0.9253,208427627.0,44.0488,,208427627.0
002870.SZ,20260811,宁波均胜电子股份有限公司,C,IN,140000.0,0.1094,39621600.0,30.9729,28.9148,39621600.0
603328.SH,20260811,四川九洲投资控股集团有限公司,C,IN,3299976.0,0.3305,302832795.0,30.3305,11.4675,302832795.0
600197.SH,20260811,新疆伊力特集团有限公司,C,IN,4378200.0,0.9253,208427627.0,44.0488,,208427627.0
002870.SZ,20260811,宁波均胜电子股份有限公司,C,IN,140000.0,0.1094,39621600.0,30.9729,28.9148,39621600.0
603328.SH,20260811,四川九洲投资控股集团有限公司,C,IN,3299976.0,0.3305,302832795.0,30.3305,11.4675,302832795.0
600197.SH,20260811,新疆伊力特集团有限公司,C,IN,4378200.0,0.9253,208427627.0,44.0488,,208427627.0
002870.SZ,20260811,宁波均胜电子股份有限公司,C,IN,140000.0,0.1094,39621600.0,30.9729,28.9148,39621600.0
603328.SH,20260811,四川九洲投资控股集团有限公司,C,IN,3299976.0,0.3305,302832795.0,30.3305,11.4675,302832795.0
600197.SH,20260811,新疆伊力特集团有限公司,C,IN,4378200.0,0.9253,208427627.0,44.0488,,208427627.0
002870.SZ,20260811,宁波均胜电子股份有限公司,C,IN,140000.0,0.1094,39621600.0,30.9729,28.9148,39621600.0
603328.SH,20260811,四川九洲投资控股集团有限公司,C,IN,3299976.0,0.3305,302832795.0,30.3305,11.4675,302832795.0
600197.SH,20260811,新疆伊力特集团有限公司,C,IN,4378200.0,0.9253,208427627.0,44.0488,,208427627.0
002870.SZ,20260811,宁波均胜电子股份有限公司,C,IN,140000.0,0.1094,39621600.0,30.9729,28.9148,39621600.0
603328.SH,20260811,四川九洲投资控股集团有限公司,C,IN,3299976.0,0.3305,302832795.0,30.3305,11.4675,302832795.0
600197.SH,20260811,新疆伊力特集团有限公司,C,IN,4378200.0,0.9253,208427627.0,44.0488,,208427627.0
002870.SZ,20260811,宁波均胜电子股份有限公司,C,IN,140000.0,0.1094,39621600.0,30.9729,28.9148,39621600.0
603328.SH,20260811,四川九洲投资控股集团有限公司,C,IN,3299976.0,0.3305,302832795.0,30.3305,11.4675,302832795.0
600197.SH,20260811,新疆伊力特集团有限公司,C,IN,4378200.0,0.9253,208427627.0,44.0488,,208427627.0
002655.SZ,20260812,上海韦豪创芯投资管理有限公司,C,IN,767700.0,0.211,27607300.0,7.5873,,27607300.0
002655.SZ,20260812,上海韦豪创芯投资管理有限公司,C,IN,4667500.0,1.2828,32274800.0,8.87,,32274800.0
002192.SZ,20260812,计阳配偶,P,IN,3800.0,0.0015,,,,
002192.SZ,20260812,张长虹,P,IN,287813.0,0.1111,4616338.0,1.7816,,4616338.0
601600.SH,20260812,中国铝业集团有限公司及其一致行动人,C,IN,47600702.0,0.3605,,,,
603328.SH,20260812,四川九洲投资控股集团有限公司,C,IN,6684500.0,0.6695,309517295.0,31.0,,309517295.0
000656.SZ,20260812,郭伟,G,IN,871200.0,0.0115,1382300.0,0.0182,,1382300.0
601916.SH,20260812,浙江省海港投资运营集团有限公司,C,IN,271000000.0,1.2579,271000000.0,0.9867,,271000000.0
600340.SH,20260812,庄永,G,IN,9500.0,0.0002,,,,
600340.SH,20260812,黎毓珊,G,IN,2200.0,0.0001,,,,
600340.SH,20260812,陈怀洲,G,IN,511000.0,0.0131,,,,
600340.SH,20260812,钟坚,G,IN,156000.0,0.004,,,,
600340.SH,20260812,赵威,G,IN,765100.0,0.0197,,,,
600340.SH,20260812,王文学,G,IN,989300.0,0.0254,,,,
002655.SZ,20260812,上海韦豪创芯投资管理有限公司,C,IN,767700.0,0.211,27607300.0,7.5873,,27607300.0
002655.SZ,20260812,上海韦豪创芯投资管理有限公司,C,IN,4667500.0,1.2828,32274800.0,8.87,,32274800.0
002192.SZ,20260812,计阳配偶,P,IN,3800.0,0.0015,,,,
002192.SZ,20260812,张长虹,P,IN,287813.0,0.1111,4616338.0,1.7816,,4616338.0
601916.SH,20260812,浙江省海港投资运营集团有限公司,C,IN,271000000.0,1.2579,271000000.0,0.9867,,271000000.0
600340.SH,20260812,庄永,G,IN,9500.0,0.0002,,,,
600340.SH,20260812,黎毓珊,G,IN,2200.0,0.0001,,,,
600340.SH,20260812,陈怀洲,G,IN,511000.0,0.0131,,,,
600340.SH,20260812,钟坚,G,IN,156000.0,0.004,,,,
600340.SH,20260812,赵威,G,IN,765100.0,0.0197,,,,
600340.SH,20260812,王文学,G,IN,989300.0,0.0254,,,,
601600.SH,20260812,中国铝业集团有限公司及其一致行动人,C,IN,47600702.0,0.3605,,,,
603328.SH,20260812,四川九洲投资控股集团有限公司,C,IN,6684500.0,0.6695,309517295.0,31.0,,309517295.0
000656.SZ,20260812,郭伟,G,IN,871200.0,0.0115,1382300.0,0.0182,,1382300.0
002655.SZ,20260812,上海韦豪创芯投资管理有限公司,C,IN,767700.0,0.211,27607300.0,7.5873,,27607300.0
002655.SZ,20260812,上海韦豪创芯投资管理有限公司,C,IN,4667500.0,1.2828,32274800.0,8.87,,32274800.0
002192.SZ,20260812,计阳配偶,P,IN,3800.0,0.0015,,,,
002192.SZ,20260812,张长虹,P,IN,287813.0,0.1111,4616338.0,1.7816,,4616338.0
601916.SH,20260812,浙江省海港投资运营集团有限公司,C,IN,271000000.0,1.2579,271000000.0,0.9867,,271000000.0
600340.SH,20260812,庄永,G,IN,9500.0,0.0002,,,,
600340.SH,20260812,黎毓珊,G,IN,2200.0,0.0001,,,,
600340.SH,20260812,陈怀洲,G,IN,511000.0,0.0131,,,,
600340.SH,20260812,钟坚,G,IN,156000.0,0.004,,,,
600340.SH,20260812,赵威,G,IN,765100.0,0.0197,,,,
600340.SH,20260812,王文学,G,IN,989300.0,0.0254,,,,
601600.SH,20260812,中国铝业集团有限公司及其一致行动人,C,IN,47600702.0,0.3605,,,,
603328.SH,20260812,四川九洲投资控股集团有限公司,C,IN,6684500.0,0.6695,309517295.0,31.0,,309517295.0
000656.SZ,20260812,郭伟,G,IN,871200.0,0.0115,1382300.0,0.0182,,1382300.0
002655.SZ,20260812,上海韦豪创芯投资管理有限公司,C,IN,767700.0,0.211,27607300.0,7.5873,,27607300.0
002655.SZ,20260812,上海韦豪创芯投资管理有限公司,C,IN,4667500.0,1.2828,32274800.0,8.87,,32274800.0
002192.SZ,20260812,计阳配偶,P,IN,3800.0,0.0015,,,,
002192.SZ,20260812,张长虹,P,IN,287813.0,0.1111,4616338.0,1.7816,,4616338.0
601916.SH,20260812,浙江省海港投资运营集团有限公司,C,IN,271000000.0,1.2579,271000000.0,0.9867,,271000000.0
600340.SH,20260812,庄永,G,IN,9500.0,0.0002,,,,
600340.SH,20260812,黎毓珊,G,IN,2200.0,0.0001,,,,
600340.SH,20260812,陈怀洲,G,IN,511000.0,0.0131,,,,
600340.SH,20260812,钟坚,G,IN,156000.0,0.004,,,,
600340.SH,20260812,赵威,G,IN,765100.0,0.0197,,,,
600340.SH,20260812,王文学,G,IN,989300.0,0.0254,,,,
601600.SH,20260812,中国铝业集团有限公司及其一致行动人,C,IN,47600702.0,0.3605,,,,
603328.SH,20260812,四川九洲投资控股集团有限公司,C,IN,6684500.0,0.6695,309517295.0,31.0,,309517295.0
000656.SZ,20260812,郭伟,G,IN,871200.0,0.0115,1382300.0,0.0182,,1382300.0
002655.SZ,20260812,上海韦豪创芯投资管理有限公司,C,IN,767700.0,0.211,27607300.0,7.5873,,27607300.0
002655.SZ,20260812,上海韦豪创芯投资管理有限公司,C,IN,4667500.0,1.2828,32274800.0,8.87,,32274800.0
002192.SZ,20260812,计阳配偶,P,IN,3800.0,0.0015,,,,
002192.SZ,20260812,张长虹,P,IN,287813.0,0.1111,4616338.0,1.7816,,4616338.0
601916.SH,20260812,浙江省海港投资运营集团有限公司,C,IN,271000000.0,1.2579,271000000.0,0.9867,,271000000.0
600340.SH,20260812,庄永,G,IN,9500.0,0.0002,,,,
600340.SH,20260812,黎毓珊,G,IN,2200.0,0.0001,,,,
600340.SH,20260812,陈怀洲,G,IN,511000.0,0.0131,,,,
600340.SH,20260812,钟坚,G,IN,156000.0,0.004,,,,
600340.SH,20260812,赵威,G,IN,765100.0,0.0197,,,,
600340.SH,20260812,王文学,G,IN,989300.0,0.0254,,,,
601600.SH,20260812,中国铝业集团有限公司及其一致行动人,C,IN,47600702.0,0.3605,,,,
603328.SH,20260812,四川九洲投资控股集团有限公司,C,IN,6684500.0,0.6695,309517295.0,31.0,,309517295.0
000656.SZ,20260812,郭伟,G,IN,871200.0,0.0115,1382300.0,0.0182,,1382300.0
002655.SZ,20260812,上海韦豪创芯投资管理有限公司,C,IN,767700.0,0.211,27607300.0,7.5873,,27607300.0
002655.SZ,20260812,上海韦豪创芯投资管理有限公司,C,IN,4667500.0,1.2828,32274800.0,8.87,,32274800.0
002192.SZ,20260812,计阳配偶,P,IN,3800.0,0.0015,,,,
002192.SZ,20260812,张长虹,P,IN,287813.0,0.1111,4616338.0,1.7816,,4616338.0
601916.SH,20260812,浙江省海港投资运营集团有限公司,C,IN,271000000.0,1.2579,271000000.0,0.9867,,271000000.0
600340.SH,20260812,庄永,G,IN,9500.0,0.0002,,,,
600340.SH,20260812,黎毓珊,G,IN,2200.0,0.0001,,,,
600340.SH,20260812,陈怀洲,G,IN,511000.0,0.0131,,,,
600340.SH,20260812,钟坚,G,IN,156000.0,0.004,,,,
600340.SH,20260812,赵威,G,IN,765100.0,0.0197,,,,
600340.SH,20260812,王文学,G,IN,989300.0,0.0254,,,,
601600.SH,20260812,中国铝业集团有限公司及其一致行动人,C,IN,47600702.0,0.3605,,,,
603328.SH,20260812,四川九洲投资控股集团有限公司,C,IN,6684500.0,0.6695,309517295.0,31.0,,309517295.0
000656.SZ,20260812,郭伟,G,IN,871200.0,0.0115,1382300.0,0.0182,,1382300.0
002655.SZ,20260812,上海韦豪创芯投资管理有限公司,C,IN,767700.0,0.211,27607300.0,7.5873,,27607300.0
002655.SZ,20260812,上海韦豪创芯投资管理有限公司,C,IN,4667500.0,1.2828,32274800.0,8.87,,32274800.0
002192.SZ,20260812,计阳配偶,P,IN,3800.0,0.0015,,,,
002192.SZ,20260812,张长虹,P,IN,287813.0,0.1111,4616338.0,1.7816,,4616338.0
601916.SH,20260812,浙江省海港投资运营集团有限公司,C,IN,271000000.0,1.2579,271000000.0,0.9867,,271000000.0
600340.SH,20260812,庄永,G,IN,9500.0,0.0002,,,,
600340.SH,20260812,黎毓珊,G,IN,2200.0,0.0001,,,,
600340.SH,20260812,陈怀洲,G,IN,511000.0,0.0131,,,,
600340.SH,20260812,钟坚,G,IN,156000.0,0.004,,,,
600340.SH,20260812,赵威,G,IN,765100.0,0.0197,,,,
600340.SH,20260812,王文学,G,IN,989300.0,0.0254,,,,
601600.SH,20260812,中国铝业集团有限公司及其一致行动人,C,IN,47600702.0,0.3605,,,,
603328.SH,20260812,四川九洲投资控股集团有限公司,C,IN,6684500.0,0.6695,309517295.0,31.0,,309517295.0
000656.SZ,20260812,郭伟,G,IN,871200.0,0.0115,1382300.0,0.0182,,1382300.0
002655.SZ,20260812,上海韦豪创芯投资管理有限公司,C,IN,767700.0,0.211,27607300.0,7.5873,,27607300.0
002655.SZ,20260812,上海韦豪创芯投资管理有限公司,C,IN,4667500.0,1.2828,32274800.0,8.87,,32274800.0
002192.SZ,20260812,计阳配偶,P,IN,3800.0,0.0015,,,,
002192.SZ,20260812,张长虹,P,IN,287813.0,0.1111,4616338.0,1.7816,,4616338.0
601916.SH,20260812,浙江省海港投资运营集团有限公司,C,IN,271000000.0,1.2579,271000000.0,0.9867,,271000000.0
600340.SH,20260812,庄永,G,IN,9500.0,0.0002,,,,
600340.SH,20260812,黎毓珊,G,IN,2200.0,0.0001,,,,
600340.SH,20260812,陈怀洲,G,IN,511000.0,0.0131,,,,
600340.SH,20260812,钟坚,G,IN,156000.0,0.004,,,,
600340.SH,20260812,赵威,G,IN,765100.0,0.0197,,,,
600340.SH,20260812,王文学,G,IN,989300.0,0.0254,,,,
601600.SH,20260812,中国铝业集团有限公司及其一致行动人,C,IN,47600702.0,0.3605,,,,
603328.SH,20260812,四川九洲投资控股集团有限公司,C,IN,6684500.0,0.6695,309517295.0,31.0,,309517295.0
000656.SZ,20260812,郭伟,G,IN,871200.0,0.0115,1382300.0,0.0182,,1382300.0
000009.SZ,20260813,深圳市承兴投资有限公司,C,IN,23607594.0,0.9164,580799860.0,22.5464,,580799860.0
002655.SZ,20260813,上海韦豪创芯投资管理有限公司,C,IN,1857500.0,0.5105,34132300.0,9.3805,,34132300.0
000009.SZ,20260813,深圳市承兴投资有限公司,C,IN,23607594.0,0.9164,580799860.0,22.5464,,580799860.0
002655.SZ,20260813,上海韦豪创芯投资管理有限公司,C,IN,1857500.0,0.5105,34132300.0,9.3805,,34132300.0
000009.SZ,20260813,深圳市承兴投资有限公司,C,IN,23607594.0,0.9164,580799860.0,22.5464,,580799860.0
002655.SZ,20260813,上海韦豪创芯投资管理有限公司,C,IN,1857500.0,0.5105,34132300.0,9.3805,,34132300.0
000009.SZ,20260813,深圳市承兴投资有限公司,C,IN,23607594.0,0.9164,580799860.0,22.5464,,580799860.0
002655.SZ,20260813,上海韦豪创芯投资管理有限公司,C,IN,1857500.0,0.5105,34132300.0,9.3805,,34132300.0
000009.SZ,20260813,深圳市承兴投资有限公司,C,IN,23607594.0,0.9164,580799860.0,22.5464,,580799860.0
002655.SZ,20260813,上海韦豪创芯投资管理有限公司,C,IN,1857500.0,0.5105,34132300.0,9.3805,,34132300.0
000009.SZ,20260813,深圳市承兴投资有限公司,C,IN,23607594.0,0.9164,580799860.0,22.5464,,580799860.0
002655.SZ,20260813,上海韦豪创芯投资管理有限公司,C,IN,1857500.0,0.5105,34132300.0,9.3805,,34132300.0
000009.SZ,20260813,深圳市承兴投资有限公司,C,IN,23607594.0,0.9164,580799860.0,22.5464,,580799860.0
002655.SZ,20260813,上海韦豪创芯投资管理有限公司,C,IN,1857500.0,0.5105,34132300.0,9.3805,,34132300.0
000009.SZ,20260813,深圳市承兴投资有限公司,C,IN,23607594.0,0.9164,580799860.0,22.5464,,580799860.0
002655.SZ,20260813,上海韦豪创芯投资管理有限公司,C,IN,1857500.0,0.5105,34132300.0,9.3805,,34132300.0
603520.SH,20260814,胡思慧,P,IN,6883035.0,1.57,6883035.0,1.57,,6883035.0
688488.SH,20260814,傅和亮,G,IN,730052.0,0.1735,3480977.0,0.8273,15.4848,3480977.0
301429.SZ,20260814,唐道远,G,IN,151300.0,0.3437,350300.0,0.7958,,42020500.0
301429.SZ,20260814,张勇,G,IN,30700.0,0.0697,57300.0,0.1302,,11583100.0
301429.SZ,20260814,王斌,G,IN,25400.0,0.0577,62600.0,0.1422,,11588400.0
002109.SZ,20260814,陕西兴化集团有限责任公司,C,IN,3875300.0,0.3036,236487389.0,18.5296,2.9121,236487389.0
600177.SH,20260814,宁波雅戈尔控股有限公司,C,IN,45662794.0,1.014,1861027499.0,41.3246,,1861027499.0
002655.SZ,20260814,上海韦豪创芯投资管理有限公司,C,IN,21100.0,0.0058,34153400.0,9.3863,,34153400.0
600189.SH,20260814,中国吉林森林工业集团有限责任公司,C,IN,800000.0,0.1119,219084380.0,30.6327,,219084380.0
002655.SZ,20260814,上海韦豪创芯投资管理有限公司,C,IN,21100.0,0.0058,34153400.0,9.3863,,34153400.0
300665.SZ,20260814,青岛君拓启航智能科技有限公司,C,IN,2299400.0,1.0547,25253485.0,11.5836,,25253485.0
300665.SZ,20260814,青岛君拓启航智能科技有限公司,C,IN,2299400.0,1.0547,25253485.0,11.5836,,25253485.0
600189.SH,20260814,中国吉林森林工业集团有限责任公司,C,IN,800000.0,0.1119,219084380.0,30.6327,,219084380.0
603520.SH,20260814,胡思慧,P,IN,6883035.0,1.57,6883035.0,1.57,,6883035.0
688488.SH,20260814,傅和亮,G,IN,730052.0,0.1735,3480977.0,0.8273,15.4848,3480977.0
301429.SZ,20260814,唐道远,G,IN,151300.0,0.3437,350300.0,0.7958,,42020500.0
301429.SZ,20260814,张勇,G,IN,30700.0,0.0697,57300.0,0.1302,,11583100.0
301429.SZ,20260814,王斌,G,IN,25400.0,0.0577,62600.0,0.1422,,11588400.0
002109.SZ,20260814,陕西兴化集团有限责任公司,C,IN,3875300.0,0.3036,236487389.0,18.5296,2.9121,236487389.0
600177.SH,20260814,宁波雅戈尔控股有限公司,C,IN,45662794.0,1.014,1861027499.0,41.3246,,1861027499.0
002655.SZ,20260814,上海韦豪创芯投资管理有限公司,C,IN,21100.0,0.0058,34153400.0,9.3863,,34153400.0
300665.SZ,20260814,青岛君拓启航智能科技有限公司,C,IN,2299400.0,1.0547,25253485.0,11.5836,,25253485.0
600189.SH,20260814,中国吉林森林工业集团有限责任公司,C,IN,800000.0,0.1119,219084380.0,30.6327,,219084380.0
603520.SH,20260814,胡思慧,P,IN,6883035.0,1.57,6883035.0,1.57,,6883035.0
688488.SH,20260814,傅和亮,G,IN,730052.0,0.1735,3480977.0,0.8273,15.4848,3480977.0
301429.SZ,20260814,唐道远,G,IN,151300.0,0.3437,350300.0,0.7958,,42020500.0
301429.SZ,20260814,张勇,G,IN,30700.0,0.0697,57300.0,0.1302,,11583100.0
301429.SZ,20260814,王斌,G,IN,25400.0,0.0577,62600.0,0.1422,,11588400.0
002109.SZ,20260814,陕西兴化集团有限责任公司,C,IN,3875300.0,0.3036,236487389.0,18.5296,2.9121,236487389.0
600177.SH,20260814,宁波雅戈尔控股有限公司,C,IN,45662794.0,1.014,1861027499.0,41.3246,,1861027499.0
002655.SZ,20260814,上海韦豪创芯投资管理有限公司,C,IN,21100.0,0.0058,34153400.0,9.3863,,34153400.0
300665.SZ,20260814,青岛君拓启航智能科技有限公司,C,IN,2299400.0,1.0547,25253485.0,11.5836,,25253485.0
600189.SH,20260814,中国吉林森林工业集团有限责任公司,C,IN,800000.0,0.1119,219084380.0,30.6327,,219084380.0
603520.SH,20260814,胡思慧,P,IN,6883035.0,1.57,6883035.0,1.57,,6883035.0
688488.SH,20260814,傅和亮,G,IN,730052.0,0.1735,3480977.0,0.8273,15.4848,3480977.0
301429.SZ,20260814,唐道远,G,IN,151300.0,0.3437,350300.0,0.7958,,42020500.0
301429.SZ,20260814,张勇,G,IN,30700.0,0.0697,57300.0,0.1302,,11583100.0
301429.SZ,20260814,王斌,G,IN,25400.0,0.0577,62600.0,0.1422,,11588400.0
002109.SZ,20260814,陕西兴化集团有限责任公司,C,IN,3875300.0,0.3036,236487389.0,18.5296,2.9121,236487389.0
600177.SH,20260814,宁波雅戈尔控股有限公司,C,IN,45662794.0,1.014,1861027499.0,41.3246,,1861027499.0
002655.SZ,20260814,上海韦豪创芯投资管理有限公司,C,IN,21100.0,0.0058,34153400.0,9.3863,,34153400.0
300665.SZ,20260814,青岛君拓启航智能科技有限公司,C,IN,2299400.0,1.0547,25253485.0,11.5836,,25253485.0
600189.SH,20260814,中国吉林森林工业集团有限责任公司,C,IN,800000.0,0.1119,219084380.0,30.6327,,219084380.0
603520.SH,20260814,胡思慧,P,IN,6883035.0,1.57,6883035.0,1.57,,6883035.0
688488.SH,20260814,傅和亮,G,IN,730052.0,0.1735,3480977.0,0.8273,15.4848,3480977.0
301429.SZ,20260814,唐道远,G,IN,151300.0,0.3437,350300.0,0.7958,,42020500.0
301429.SZ,20260814,张勇,G,IN,30700.0,0.0697,57300.0,0.1302,,11583100.0
301429.SZ,20260814,王斌,G,IN,25400.0,0.0577,62600.0,0.1422,,11588400.0
002109.SZ,20260814,陕西兴化集团有限责任公司,C,IN,3875300.0,0.3036,236487389.0,18.5296,2.9121,236487389.0
600177.SH,20260814,宁波雅戈尔控股有限公司,C,IN,45662794.0,1.014,1861027499.0,41.3246,,1861027499.0
002655.SZ,20260814,上海韦豪创芯投资管理有限公司,C,IN,21100.0,0.0058,34153400.0,9.3863,,34153400.0
300665.SZ,20260814,青岛君拓启航智能科技有限公司,C,IN,2299400.0,1.0547,25253485.0,11.5836,,25253485.0
600189.SH,20260814,中国吉林森林工业集团有限责任公司,C,IN,800000.0,0.1119,219084380.0,30.6327,,219084380.0
603520.SH,20260814,胡思慧,P,IN,6883035.0,1.57,6883035.0,1.57,,6883035.0
688488.SH,20260814,傅和亮,G,IN,730052.0,0.1735,3480977.0,0.8273,15.4848,3480977.0
301429.SZ,20260814,唐道远,G,IN,151300.0,0.3437,350300.0,0.7958,,42020500.0
301429.SZ,20260814,张勇,G,IN,30700.0,0.0697,57300.0,0.1302,,11583100.0
301429.SZ,20260814,王斌,G,IN,25400.0,0.0577,62600.0,0.1422,,11588400.0
002109.SZ,20260814,陕西兴化集团有限责任公司,C,IN,3875300.0,0.3036,236487389.0,18.5296,2.9121,236487389.0
600177.SH,20260814,宁波雅戈尔控股有限公司,C,IN,45662794.0,1.014,1861027499.0,41.3246,,1861027499.0
002655.SZ,20260814,上海韦豪创芯投资管理有限公司,C,IN,21100.0,0.0058,34153400.0,9.3863,,34153400.0
300665.SZ,20260814,青岛君拓启航智能科技有限公司,C,IN,2299400.0,1.0547,25253485.0,11.5836,,25253485.0
600189.SH,20260814,中国吉林森林工业集团有限责任公司,C,IN,800000.0,0.1119,219084380.0,30.6327,,219084380.0
603520.SH,20260814,胡思慧,P,IN,6883035.0,1.57,6883035.0,1.57,,6883035.0
688488.SH,20260814,傅和亮,G,IN,730052.0,0.1735,3480977.0,0.8273,15.4848,3480977.0
301429.SZ,20260814,唐道远,G,IN,151300.0,0.3437,350300.0,0.7958,,42020500.0
301429.SZ,20260814,张勇,G,IN,30700.0,0.0697,57300.0,0.1302,,11583100.0
301429.SZ,20260814,王斌,G,IN,25400.0,0.0577,62600.0,0.1422,,11588400.0
002109.SZ,20260814,陕西兴化集团有限责任公司,C,IN,3875300.0,0.3036,236487389.0,18.5296,2.9121,236487389.0
600177.SH,20260814,宁波雅戈尔控股有限公司,C,IN,45662794.0,1.014,1861027499.0,41.3246,,1861027499.0
002655.SZ,20260814,上海韦豪创芯投资管理有限公司,C,IN,21100.0,0.0058,34153400.0,9.3863,,34153400.0
300665.SZ,20260814,青岛君拓启航智能科技有限公司,C,IN,2299400.0,1.0547,25253485.0,11.5836,,25253485.0
600189.SH,20260814,中国吉林森林工业集团有限责任公司,C,IN,800000.0,0.1119,219084380.0,30.6327,,219084380.0
603520.SH,20260814,胡思慧,P,IN,6883035.0,1.57,6883035.0,1.57,,6883035.0
688488.SH,20260814,傅和亮,G,IN,730052.0,0.1735,3480977.0,0.8273,15.4848,3480977.0
301429.SZ,20260814,唐道远,G,IN,151300.0,0.3437,350300.0,0.7958,,42020500.0
301429.SZ,20260814,张勇,G,IN,30700.0,0.0697,57300.0,0.1302,,11583100.0
301429.SZ,20260814,王斌,G,IN,25400.0,0.0577,62600.0,0.1422,,11588400.0
002109.SZ,20260814,陕西兴化集团有限责任公司,C,IN,3875300.0,0.3036,236487389.0,18.5296,2.9121,236487389.0
600177.SH,20260814,宁波雅戈尔控股有限公司,C,IN,45662794.0,1.014,1861027499.0,41.3246,,1861027499.0
002655.SZ,20260814,上海韦豪创芯投资管理有限公司,C,IN,21100.0,0.0058,34153400.0,9.3863,,34153400.0
300665.SZ,20260814,青岛君拓启航智能科技有限公司,C,IN,2299400.0,1.0547,25253485.0,11.5836,,25253485.0
301078.SZ,20260817,江苏博思达企业信息咨询有限公司,C,IN,79943.0,0.0063,289327943.0,22.9271,,289327943.0
301078.SZ,20260817,徐卫红,G,IN,1878800.0,0.1489,2628800.0,0.2083,,2628800.0
301078.SZ,20260817,侍光磊,G,IN,400000.0,0.0317,,,,1429053.0
301078.SZ,20260817,江苏博思达企业信息咨询有限公司,C,IN,79943.0,0.0063,289327943.0,22.9271,,289327943.0
301078.SZ,20260817,徐卫红,G,IN,1878800.0,0.1489,2628800.0,0.2083,,2628800.0
301078.SZ,20260817,侍光磊,G,IN,400000.0,0.0317,,,,1429053.0
301078.SZ,20260817,江苏博思达企业信息咨询有限公司,C,IN,79943.0,0.0063,289327943.0,22.9271,,289327943.0
301078.SZ,20260817,徐卫红,G,IN,1878800.0,0.1489,2628800.0,0.2083,,2628800.0
301078.SZ,20260817,侍光磊,G,IN,400000.0,0.0317,,,,1429053.0
301078.SZ,20260817,江苏博思达企业信息咨询有限公司,C,IN,79943.0,0.0063,289327943.0,22.9271,,289327943.0
301078.SZ,20260817,徐卫红,G,IN,1878800.0,0.1489,2628800.0,0.2083,,2628800.0
301078.SZ,20260817,侍光磊,G,IN,400000.0,0.0317,,,,1429053.0
301078.SZ,20260817,江苏博思达企业信息咨询有限公司,C,IN,79943.0,0.0063,289327943.0,22.9271,,289327943.0
301078.SZ,20260817,徐卫红,G,IN,1878800.0,0.1489,2628800.0,0.2083,,2628800.0
301078.SZ,20260817,侍光磊,G,IN,400000.0,0.0317,,,,1429053.0
301078.SZ,20260817,江苏博思达企业信息咨询有限公司,C,IN,79943.0,0.0063,289327943.0,22.9271,,289327943.0
301078.SZ,20260817,徐卫红,G,IN,1878800.0,0.1489,2628800.0,0.2083,,2628800.0
301078.SZ,20260817,侍光磊,G,IN,400000.0,0.0317,,,,1429053.0
301078.SZ,20260817,江苏博思达企业信息咨询有限公司,C,IN,79943.0,0.0063,289327943.0,22.9271,,289327943.0
301078.SZ,20260817,徐卫红,G,IN,1878800.0,0.1489,2628800.0,0.2083,,2628800.0
301078.SZ,20260817,侍光磊,G,IN,400000.0,0.0317,,,,1429053.0
301078.SZ,20260817,江苏博思达企业信息咨询有限公司,C,IN,79943.0,0.0063,289327943.0,22.9271,,289327943.0
301078.SZ,20260817,徐卫红,G,IN,1878800.0,0.1489,2628800.0,0.2083,,2628800.0
301078.SZ,20260817,侍光磊,G,IN,400000.0,0.0317,,,,1429053.0
002146.SZ,20260818,王晓辉,G,IN,110000.0,0.0028,530100.0,0.0136,,530100.0
002146.SZ,20260818,邹家立,G,IN,40000.0,0.001,23890000.0,0.6108,,23890000.0
002146.SZ,20260818,隆小康,G,IN,21000.0,0.0005,1187100.0,0.0303,,1187100.0
002146.SZ,20260818,穆旸,G,IN,360000.0,0.0092,391000.0,0.01,,391000.0
002146.SZ,20260818,吴秋云,G,IN,440000.0,0.0112,480600.0,0.0123,,480600.0
301397.SZ,20260818,韩宗俊,G,IN,400772.0,0.4335,130251.0,0.1409,37.42,64159644.0
301397.SZ,20260818,韩宗俊,G,IN,400772.0,0.4335,130251.0,0.1409,37.42,64159644.0
002146.SZ,20260818,王晓辉,G,IN,110000.0,0.0028,530100.0,0.0136,,530100.0
002146.SZ,20260818,邹家立,G,IN,40000.0,0.001,23890000.0,0.6108,,23890000.0
002146.SZ,20260818,隆小康,G,IN,21000.0,0.0005,1187100.0,0.0303,,1187100.0
002146.SZ,20260818,穆旸,G,IN,360000.0,0.0092,391000.0,0.01,,391000.0
002146.SZ,20260818,吴秋云,G,IN,440000.0,0.0112,480600.0,0.0123,,480600.0
301397.SZ,20260818,韩宗俊,G,IN,400772.0,0.4335,130251.0,0.1409,37.42,64159644.0
002146.SZ,20260818,王晓辉,G,IN,110000.0,0.0028,530100.0,0.0136,,530100.0
002146.SZ,20260818,邹家立,G,IN,40000.0,0.001,23890000.0,0.6108,,23890000.0
002146.SZ,20260818,隆小康,G,IN,21000.0,0.0005,1187100.0,0.0303,,1187100.0
002146.SZ,20260818,穆旸,G,IN,360000.0,0.0092,391000.0,0.01,,391000.0
002146.SZ,20260818,吴秋云,G,IN,440000.0,0.0112,480600.0,0.0123,,480600.0
301397.SZ,20260818,韩宗俊,G,IN,400772.0,0.4335,130251.0,0.1409,37.42,64159644.0
002146.SZ,20260818,王晓辉,G,IN,110000.0,0.0028,530100.0,0.0136,,530100.0
002146.SZ,20260818,邹家立,G,IN,40000.0,0.001,23890000.0,0.6108,,23890000.0
002146.SZ,20260818,隆小康,G,IN,21000.0,0.0005,1187100.0,0.0303,,1187100.0
002146.SZ,20260818,穆旸,G,IN,360000.0,0.0092,391000.0,0.01,,391000.0
002146.SZ,20260818,吴秋云,G,IN,440000.0,0.0112,480600.0,0.0123,,480600.0
301397.SZ,20260818,韩宗俊,G,IN,400772.0,0.4335,130251.0,0.1409,37.42,64159644.0
002146.SZ,20260818,王晓辉,G,IN,110000.0,0.0028,530100.0,0.0136,,530100.0
002146.SZ,20260818,邹家立,G,IN,40000.0,0.001,23890000.0,0.6108,,23890000.0
002146.SZ,20260818,隆小康,G,IN,21000.0,0.0005,1187100.0,0.0303,,1187100.0
002146.SZ,20260818,穆旸,G,IN,360000.0,0.0092,391000.0,0.01,,391000.0
002146.SZ,20260818,吴秋云,G,IN,440000.0,0.0112,480600.0,0.0123,,480600.0
301397.SZ,20260818,韩宗俊,G,IN,400772.0,0.4335,130251.0,0.1409,37.42,64159644.0
002146.SZ,20260818,王晓辉,G,IN,110000.0,0.0028,530100.0,0.0136,,530100.0
002146.SZ,20260818,邹家立,G,IN,40000.0,0.001,23890000.0,0.6108,,23890000.0
002146.SZ,20260818,隆小康,G,IN,21000.0,0.0005,1187100.0,0.0303,,1187100.0
002146.SZ,20260818,穆旸,G,IN,360000.0,0.0092,391000.0,0.01,,391000.0
002146.SZ,20260818,吴秋云,G,IN,440000.0,0.0112,480600.0,0.0123,,480600.0
301397.SZ,20260818,韩宗俊,G,IN,400772.0,0.4335,130251.0,0.1409,37.42,64159644.0
002146.SZ,20260818,王晓辉,G,IN,110000.0,0.0028,530100.0,0.0136,,530100.0
002146.SZ,20260818,邹家立,G,IN,40000.0,0.001,23890000.0,0.6108,,23890000.0
002146.SZ,20260818,隆小康,G,IN,21000.0,0.0005,1187100.0,0.0303,,1187100.0
002146.SZ,20260818,穆旸,G,IN,360000.0,0.0092,391000.0,0.01,,391000.0
002146.SZ,20260818,吴秋云,G,IN,440000.0,0.0112,480600.0,0.0123,,480600.0
301397.SZ,20260818,韩宗俊,G,IN,400772.0,0.4335,130251.0,0.1409,37.42,64159644.0
002146.SZ,20260818,王晓辉,G,IN,110000.0,0.0028,530100.0,0.0136,,530100.0
002146.SZ,20260818,邹家立,G,IN,40000.0,0.001,23890000.0,0.6108,,23890000.0
002146.SZ,20260818,隆小康,G,IN,21000.0,0.0005,1187100.0,0.0303,,1187100.0
002146.SZ,20260818,穆旸,G,IN,360000.0,0.0092,391000.0,0.01,,391000.0
002146.SZ,20260818,吴秋云,G,IN,440000.0,0.0112,480600.0,0.0123,,480600.0
001205.SZ,20260819,万达控股集团有限公司,C,IN,2260443.0,1.3578,25332661.0,15.2162,,25332661.0
301439.SZ,20260819,威海市明博线缆科技有限公司,C,IN,3087750.0,1.685,4494994.0,2.453,,210349879.0
301439.SZ,20260819,威海市明博线缆科技有限公司,C,IN,3087750.0,1.685,4494994.0,2.453,,210349879.0
001205.SZ,20260819,万达控股集团有限公司,C,IN,2260443.0,1.3578,25332661.0,15.2162,,25332661.0
301439.SZ,20260819,威海市明博线缆科技有限公司,C,IN,3087750.0,1.685,4494994.0,2.453,,210349879.0
001205.SZ,20260819,万达控股集团有限公司,C,IN,2260443.0,1.3578,25332661.0,15.2162,,25332661.0
301439.SZ,20260819,威海市明博线缆科技有限公司,C,IN,3087750.0,1.685,4494994.0,2.453,,210349879.0
001205.SZ,20260819,万达控股集团有限公司,C,IN,2260443.0,1.3578,25332661.0,15.2162,,25332661.0
301439.SZ,20260819,威海市明博线缆科技有限公司,C,IN,3087750.0,1.685,4494994.0,2.453,,210349879.0
001205.SZ,20260819,万达控股集团有限公司,C,IN,2260443.0,1.3578,25332661.0,15.2162,,25332661.0
301439.SZ,20260819,威海市明博线缆科技有限公司,C,IN,3087750.0,1.685,4494994.0,2.453,,210349879.0
001205.SZ,20260819,万达控股集团有限公司,C,IN,2260443.0,1.3578,25332661.0,15.2162,,25332661.0
301439.SZ,20260819,威海市明博线缆科技有限公司,C,IN,3087750.0,1.685,4494994.0,2.453,,210349879.0
001205.SZ,20260819,万达控股集团有限公司,C,IN,2260443.0,1.3578,25332661.0,15.2162,,25332661.0
301439.SZ,20260819,威海市明博线缆科技有限公司,C,IN,3087750.0,1.685,4494994.0,2.453,,210349879.0
001205.SZ,20260819,万达控股集团有限公司,C,IN,2260443.0,1.3578,25332661.0,15.2162,,25332661.0
002879.SZ,20260820,俞涛,G,IN,995000.0,0.7255,426750.0,0.3112,,1707000.0
688267.SH,20260820,中触媒集团有限公司,C,IN,806157.0,0.3534,64366609.0,28.2141,,64366609.0
002879.SZ,20260820,俞涛,G,IN,995000.0,0.7255,426750.0,0.3112,,1707000.0
002879.SZ,20260820,俞涛,G,IN,995000.0,0.7255,426750.0,0.3112,,1707000.0
688267.SH,20260820,中触媒集团有限公司,C,IN,806157.0,0.3534,64366609.0,28.2141,,64366609.0
002879.SZ,20260820,俞涛,G,IN,995000.0,0.7255,426750.0,0.3112,,1707000.0
688267.SH,20260820,中触媒集团有限公司,C,IN,806157.0,0.3534,64366609.0,28.2141,,64366609.0
002879.SZ,20260820,俞涛,G,IN,995000.0,0.7255,426750.0,0.3112,,1707000.0
688267.SH,20260820,中触媒集团有限公司,C,IN,806157.0,0.3534,64366609.0,28.2141,,64366609.0
002879.SZ,20260820,俞涛,G,IN,995000.0,0.7255,426750.0,0.3112,,1707000.0
688267.SH,20260820,中触媒集团有限公司,C,IN,806157.0,0.3534,64366609.0,28.2141,,64366609.0
002879.SZ,20260820,俞涛,G,IN,995000.0,0.7255,426750.0,0.3112,,1707000.0
688267.SH,20260820,中触媒集团有限公司,C,IN,806157.0,0.3534,64366609.0,28.2141,,64366609.0
002879.SZ,20260820,俞涛,G,IN,995000.0,0.7255,426750.0,0.3112,,1707000.0
688267.SH,20260820,中触媒集团有限公司,C,IN,806157.0,0.3534,64366609.0,28.2141,,64366609.0
002879.SZ,20260820,俞涛,G,IN,995000.0,0.7255,426750.0,0.3112,,1707000.0
688267.SH,20260820,中触媒集团有限公司,C,IN,806157.0,0.3534,64366609.0,28.2141,,64366609.0
002192.SZ,20260821,张长虹,P,IN,19800.0,0.0076,4636138.0,1.7892,,4636138.0
301439.SZ,20260821,威海市明博线缆科技有限公司,C,IN,662600.0,0.3616,5157594.0,2.8146,,211012479.0
301439.SZ,20260821,威海市明博线缆科技有限公司,C,IN,662600.0,0.3616,5157594.0,2.8146,,211012479.0
002192.SZ,20260821,张长虹,P,IN,19800.0,0.0076,4636138.0,1.7892,,4636138.0
301439.SZ,20260821,威海市明博线缆科技有限公司,C,IN,662600.0,0.3616,5157594.0,2.8146,,211012479.0
002192.SZ,20260821,张长虹,P,IN,19800.0,0.0076,4636138.0,1.7892,,4636138.0
301439.SZ,20260821,威海市明博线缆科技有限公司,C,IN,662600.0,0.3616,5157594.0,2.8146,,211012479.0
002192.SZ,20260821,张长虹,P,IN,19800.0,0.0076,4636138.0,1.7892,,4636138.0
301439.SZ,20260821,威海市明博线缆科技有限公司,C,IN,662600.0,0.3616,5157594.0,2.8146,,211012479.0
002192.SZ,20260821,张长虹,P,IN,19800.0,0.0076,4636138.0,1.7892,,4636138.0
301439.SZ,20260821,威海市明博线缆科技有限公司,C,IN,662600.0,0.3616,5157594.0,2.8146,,211012479.0
002192.SZ,20260821,张长虹,P,IN,19800.0,0.0076,4636138.0,1.7892,,4636138.0
301439.SZ,20260821,威海市明博线缆科技有限公司,C,IN,662600.0,0.3616,5157594.0,2.8146,,211012479.0
002192.SZ,20260821,张长虹,P,IN,19800.0,0.0076,4636138.0,1.7892,,4636138.0
301439.SZ,20260821,威海市明博线缆科技有限公司,C,IN,662600.0,0.3616,5157594.0,2.8146,,211012479.0
002192.SZ,20260821,张长虹,P,IN,19800.0,0.0076,4636138.0,1.7892,,4636138.0
